dataset,subject,protocol,fold_name,seed,budget_frac,alpha,arm_pool,calibration_frac,include_recent_rewards,per_round_cap,policy,epsilon,online_heads,kappa,accuracy,n_test,n_arms_surviving,stream_rounds_run,final_regret,budget_remaining
BCI-IV-2b,1,within,within_fold0,0,1.0,1.0,pruned,0.3,True,inf,oplb,,True,0.0417,0.5208,48,76,134,55.0,174.0
BCI-IV-2b,1,within,within_fold0,1,1.0,1.0,pruned,0.3,True,inf,oplb,,True,0.1667,0.5833,48,64,134,64.0,194.0
BCI-IV-2b,1,within,within_fold0,2,1.0,1.0,pruned,0.3,True,inf,oplb,,True,0.25,0.625,48,92,134,60.0,188.0
BCI-IV-2b,1,within,within_fold0,3,1.0,1.0,pruned,0.3,True,inf,oplb,,True,0.0833,0.5417,48,72,134,69.0,172.0
BCI-IV-2b,1,within,within_fold0,42,1.0,1.0,pruned,0.3,True,inf,oplb,,True,0.25,0.625,48,76,134,64.0,178.0
BCI-IV-2b,1,official,official[0→1],0,1.0,1.0,pruned,0.3,True,inf,oplb,,True,0.2,0.6,120,68,84,37.0,382.0
BCI-IV-2b,1,official,official[0→1],1,1.0,1.0,pruned,0.3,True,inf,oplb,,True,-0.1333,0.4333,120,60,84,49.0,404.0
BCI-IV-2b,1,official,official[0→1],2,1.0,1.0,pruned,0.3,True,inf,oplb,,True,0.1333,0.5667,120,88,84,44.0,384.0
BCI-IV-2b,1,official,official[0→1],3,1.0,1.0,pruned,0.3,True,inf,oplb,,True,-0.05,0.475,120,90,84,48.0,380.0
BCI-IV-2b,1,official,official[0→1],42,1.0,1.0,pruned,0.3,True,inf,oplb,,True,0.0667,0.5333,120,52,84,34.0,391.0
BCI-IV-2b,2,within,within_fold0,0,1.0,1.0,pruned,0.3,True,inf,oplb,,True,0.0,0.5,48,48,134,72.0,214.0
BCI-IV-2b,2,within,within_fold0,1,1.0,1.0,pruned,0.3,True,inf,oplb,,True,0.0833,0.5417,48,78,134,63.0,191.0
BCI-IV-2b,2,within,within_fold0,2,1.0,1.0,pruned,0.3,True,inf,oplb,,True,0.0417,0.5208,48,54,134,75.0,186.0
BCI-IV-2b,2,within,within_fold0,3,1.0,1.0,pruned,0.3,True,inf,oplb,,True,-0.0417,0.4792,48,78,134,63.0,195.0
BCI-IV-2b,2,within,within_fold0,42,1.0,1.0,pruned,0.3,True,inf,oplb,,True,0.0833,0.5417,48,86,134,68.0,189.0
BCI-IV-2b,2,official,official[0→1],0,1.0,1.0,pruned,0.3,True,inf,oplb,,True,-0.0333,0.4833,120,94,84,45.0,395.0
BCI-IV-2b,2,official,official[0→1],1,1.0,1.0,pruned,0.3,True,inf,oplb,,True,-0.0667,0.4667,120,62,84,42.0,393.0
BCI-IV-2b,2,official,official[0→1],2,1.0,1.0,pruned,0.3,True,inf,oplb,,True,0.0,0.5,120,58,84,44.0,384.0
BCI-IV-2b,2,official,official[0→1],3,1.0,1.0,pruned,0.3,True,inf,oplb,,True,0.0667,0.5333,120,56,84,33.0,395.0
BCI-IV-2b,2,official,official[0→1],42,1.0,1.0,pruned,0.3,True,inf,oplb,,True,0.0,0.5,120,60,84,46.0,387.0
BCI-IV-2b,3,within,within_fold0,0,1.0,1.0,pruned,0.3,True,inf,oplb,,True,-0.0833,0.4583,48,46,134,72.0,189.0
BCI-IV-2b,3,within,within_fold0,1,1.0,1.0,pruned,0.3,True,inf,oplb,,True,0.0417,0.5208,48,86,134,74.0,163.0
BCI-IV-2b,3,within,within_fold0,2,1.0,1.0,pruned,0.3,True,inf,oplb,,True,0.0833,0.5417,48,84,134,66.0,165.0
BCI-IV-2b,3,within,within_fold0,3,1.0,1.0,pruned,0.3,True,inf,oplb,,True,0.0417,0.5208,48,42,134,65.0,182.0
BCI-IV-2b,3,within,within_fold0,42,1.0,1.0,pruned,0.3,True,inf,oplb,,True,0.0833,0.5417,48,76,134,71.0,184.0
BCI-IV-2b,3,official,official[0→1],0,1.0,1.0,pruned,0.3,True,inf,oplb,,True,0.0333,0.5167,120,16,84,31.0,360.0
BCI-IV-2b,3,official,official[0→1],1,1.0,1.0,pruned,0.3,True,inf,oplb,,True,0.1833,0.5917,120,96,84,43.0,374.0
BCI-IV-2b,3,official,official[0→1],2,1.0,1.0,pruned,0.3,True,inf,oplb,,True,0.2,0.6,120,18,84,38.0,360.0
BCI-IV-2b,3,official,official[0→1],3,1.0,1.0,pruned,0.3,True,inf,oplb,,True,0.0167,0.5083,120,52,84,35.0,374.0
BCI-IV-2b,3,official,official[0→1],42,1.0,1.0,pruned,0.3,True,inf,oplb,,True,0.0833,0.5417,120,64,84,46.0,396.0
BCI-IV-2b,4,within,within_fold0,0,1.0,1.0,pruned,0.3,True,inf,oplb,,True,0.1154,0.5577,52,84,146,62.0,187.0
BCI-IV-2b,4,within,within_fold0,1,1.0,1.0,pruned,0.3,True,inf,oplb,,True,0.6154,0.8077,52,82,146,62.0,193.0
BCI-IV-2b,4,within,within_fold0,2,1.0,1.0,pruned,0.3,True,inf,oplb,,True,-0.0769,0.4615,52,90,146,64.0,210.0
BCI-IV-2b,4,within,within_fold0,3,1.0,1.0,pruned,0.3,True,inf,oplb,,True,0.2692,0.6346,52,70,146,51.0,186.0
BCI-IV-2b,4,within,within_fold0,42,1.0,1.0,pruned,0.3,True,inf,oplb,,True,0.4231,0.7115,52,86,146,64.0,209.0
BCI-IV-2b,4,official,official[0→1],0,1.0,1.0,pruned,0.3,True,inf,oplb,,True,0.1429,0.5714,140,86,84,37.0,428.0
BCI-IV-2b,4,official,official[0→1],1,1.0,1.0,pruned,0.3,True,inf,oplb,,True,0.4286,0.7143,140,84,84,36.0,442.0
BCI-IV-2b,4,official,official[0→1],2,1.0,1.0,pruned,0.3,True,inf,oplb,,True,0.6143,0.8071,140,100,84,37.0,431.0
BCI-IV-2b,4,official,official[0→1],3,1.0,1.0,pruned,0.3,True,inf,oplb,,True,0.0429,0.5214,140,76,84,31.0,452.0
BCI-IV-2b,4,official,official[0→1],42,1.0,1.0,pruned,0.3,True,inf,oplb,,True,0.0,0.5,140,86,84,32.0,441.0
BCI-IV-2b,5,within,within_fold0,0,1.0,1.0,pruned,0.3,True,inf,oplb,,True,0.1154,0.5577,52,100,146,64.0,199.0
BCI-IV-2b,5,within,within_fold0,1,1.0,1.0,pruned,0.3,True,inf,oplb,,True,-0.1923,0.4038,52,100,146,70.0,191.0
BCI-IV-2b,5,within,within_fold0,2,1.0,1.0,pruned,0.3,True,inf,oplb,,True,0.1923,0.5962,52,74,146,63.0,192.0
BCI-IV-2b,5,within,within_fold0,3,1.0,1.0,pruned,0.3,True,inf,oplb,,True,0.1538,0.5769,52,100,146,61.0,202.0
BCI-IV-2b,5,within,within_fold0,42,1.0,1.0,pruned,0.3,True,inf,oplb,,True,0.4231,0.7115,52,68,146,58.0,199.0
BCI-IV-2b,5,official,official[0→1],0,1.0,1.0,pruned,0.3,True,inf,oplb,,True,0.1286,0.5643,140,100,84,39.0,438.0
BCI-IV-2b,5,official,official[0→1],1,1.0,1.0,pruned,0.3,True,inf,oplb,,True,-0.0571,0.4714,140,84,84,41.0,450.0
BCI-IV-2b,5,official,official[0→1],2,1.0,1.0,pruned,0.3,True,inf,oplb,,True,0.1286,0.5643,140,46,84,39.0,435.0
BCI-IV-2b,5,official,official[0→1],3,1.0,1.0,pruned,0.3,True,inf,oplb,,True,0.1857,0.5929,140,76,84,41.0,458.0
BCI-IV-2b,5,official,official[0→1],42,1.0,1.0,pruned,0.3,True,inf,oplb,,True,0.0714,0.5357,140,70,84,35.0,432.0
BCI-IV-2b,6,within,within_fold0,0,1.0,1.0,pruned,0.3,True,inf,oplb,,True,0.25,0.625,48,78,134,74.0,178.0
BCI-IV-2b,6,within,within_fold0,1,1.0,1.0,pruned,0.3,True,inf,oplb,,True,-0.125,0.4375,48,92,134,58.0,178.0
BCI-IV-2b,6,within,within_fold0,2,1.0,1.0,pruned,0.3,True,inf,oplb,,True,0.0,0.5,48,80,134,61.0,188.0
BCI-IV-2b,6,within,within_fold0,3,1.0,1.0,pruned,0.3,True,inf,oplb,,True,0.1667,0.5833,48,64,134,59.0,175.0
BCI-IV-2b,6,within,within_fold0,42,1.0,1.0,pruned,0.3,True,inf,oplb,,True,0.2083,0.6042,48,70,134,64.0,174.0
BCI-IV-2b,6,official,official[0→1],0,1.0,1.0,pruned,0.3,True,inf,oplb,,True,0.0,0.5,120,80,84,36.0,386.0
BCI-IV-2b,6,official,official[0→1],1,1.0,1.0,pruned,0.3,True,inf,oplb,,True,0.0167,0.5083,120,72,84,42.0,396.0
BCI-IV-2b,6,official,official[0→1],2,1.0,1.0,pruned,0.3,True,inf,oplb,,True,0.05,0.525,120,78,84,33.0,380.0
BCI-IV-2b,6,official,official[0→1],3,1.0,1.0,pruned,0.3,True,inf,oplb,,True,0.1833,0.5917,120,80,84,49.0,381.0
BCI-IV-2b,6,official,official[0→1],42,1.0,1.0,pruned,0.3,True,inf,oplb,,True,0.1167,0.5583,120,72,84,33.0,388.0
BCI-IV-2b,7,within,within_fold0,0,1.0,1.0,pruned,0.3,True,inf,oplb,,True,0.0417,0.5208,48,88,134,72.0,179.0
BCI-IV-2b,7,within,within_fold0,1,1.0,1.0,pruned,0.3,True,inf,oplb,,True,0.0,0.5,48,98,134,59.0,172.0
BCI-IV-2b,7,within,within_fold0,2,1.0,1.0,pruned,0.3,True,inf,oplb,,True,0.0,0.5,48,62,134,56.0,190.0
BCI-IV-2b,7,within,within_fold0,3,1.0,1.0,pruned,0.3,True,inf,oplb,,True,0.2917,0.6458,48,52,134,60.0,185.0
BCI-IV-2b,7,within,within_fold0,42,1.0,1.0,pruned,0.3,True,inf,oplb,,True,0.0,0.5,48,98,134,68.0,188.0
BCI-IV-2b,7,official,official[0→1],0,1.0,1.0,pruned,0.3,True,inf,oplb,,True,0.3833,0.6917,120,100,84,37.0,385.0
BCI-IV-2b,7,official,official[0→1],1,1.0,1.0,pruned,0.3,True,inf,oplb,,True,0.05,0.525,120,96,84,38.0,379.0
BCI-IV-2b,7,official,official[0→1],2,1.0,1.0,pruned,0.3,True,inf,oplb,,True,0.3333,0.6667,120,47,84,37.0,373.0
BCI-IV-2b,7,official,official[0→1],3,1.0,1.0,pruned,0.3,True,inf,oplb,,True,0.1667,0.5833,120,62,84,41.0,376.0
BCI-IV-2b,7,official,official[0→1],42,1.0,1.0,pruned,0.3,True,inf,oplb,,True,0.05,0.525,120,40,84,39.0,376.0
BCI-IV-2b,8,within,within_fold0,0,1.0,1.0,pruned,0.3,True,inf,oplb,,True,0.0714,0.5357,56,44,157,81.0,234.0
BCI-IV-2b,8,within,within_fold0,1,1.0,1.0,pruned,0.3,True,inf,oplb,,True,0.0714,0.5357,56,56,157,75.0,214.0
BCI-IV-2b,8,within,within_fold0,2,1.0,1.0,pruned,0.3,True,inf,oplb,,True,0.1429,0.5714,56,62,157,75.0,207.0
BCI-IV-2b,8,within,within_fold0,3,1.0,1.0,pruned,0.3,True,inf,oplb,,True,0.0714,0.5357,56,82,157,77.0,213.0
BCI-IV-2b,8,within,within_fold0,42,1.0,1.0,pruned,0.3,True,inf,oplb,,True,0.0714,0.5357,56,48,157,77.0,216.0
BCI-IV-2b,8,official,official[0→1],0,1.0,1.0,pruned,0.3,True,inf,oplb,,True,0.0,0.5,120,90,112,56.0,393.0
BCI-IV-2b,8,official,official[0→1],1,1.0,1.0,pruned,0.3,True,inf,oplb,,True,-0.0333,0.4833,120,78,112,55.0,390.0
BCI-IV-2b,8,official,official[0→1],2,1.0,1.0,pruned,0.3,True,inf,oplb,,True,0.0833,0.5417,120,68,112,52.0,394.0
BCI-IV-2b,8,official,official[0→1],3,1.0,1.0,pruned,0.3,True,inf,oplb,,True,0.1167,0.5583,120,54,112,45.0,368.0
BCI-IV-2b,8,official,official[0→1],42,1.0,1.0,pruned,0.3,True,inf,oplb,,True,0.1833,0.5917,120,64,112,51.0,398.0
BCI-IV-2b,9,within,within_fold0,0,1.0,1.0,pruned,0.3,True,inf,oplb,,True,0.2083,0.6042,48,62,134,66.0,174.0
BCI-IV-2b,9,within,within_fold0,1,1.0,1.0,pruned,0.3,True,inf,oplb,,True,0.25,0.625,48,80,134,65.0,198.0
BCI-IV-2b,9,within,within_fold0,2,1.0,1.0,pruned,0.3,True,inf,oplb,,True,0.0,0.5,48,74,134,67.0,185.0
BCI-IV-2b,9,within,within_fold0,3,1.0,1.0,pruned,0.3,True,inf,oplb,,True,0.0417,0.5208,48,62,134,64.0,193.0
BCI-IV-2b,9,within,within_fold0,42,1.0,1.0,pruned,0.3,True,inf,oplb,,True,-0.1667,0.4167,48,94,134,58.0,186.0
BCI-IV-2b,9,official,official[0→1],0,1.0,1.0,pruned,0.3,True,inf,oplb,,True,0.1667,0.5833,120,52,84,42.0,377.0
BCI-IV-2b,9,official,official[0→1],1,1.0,1.0,pruned,0.3,True,inf,oplb,,True,0.0,0.5,120,44,84,33.0,380.0
BCI-IV-2b,9,official,official[0→1],2,1.0,1.0,pruned,0.3,True,inf,oplb,,True,0.0667,0.5333,120,96,84,44.0,388.0
BCI-IV-2b,9,official,official[0→1],3,1.0,1.0,pruned,0.3,True,inf,oplb,,True,0.0,0.5,120,56,84,39.0,375.0
BCI-IV-2b,9,official,official[0→1],42,1.0,1.0,pruned,0.3,True,inf,oplb,,True,0.1,0.55,120,52,84,34.0,378.0
