dataset,montage,subject,seed,n_channels,best_arm_kappa,best_arm_accuracy,best_arm_id,best_arm_spatial,n_arms_surviving,n_test,error
UAB,full,1,0,14,0.9921441204294,0.9947643979057592,6,identity,100,191,
UAB,full,1,1,14,0.9921434741475053,0.9947643979057592,6,identity,100,191,
UAB,full,1,2,14,1.0,1.0,6,identity,100,191,
UAB,full,1,3,14,0.9921434741475053,0.9947643979057592,18,identity,100,191,
UAB,full,1,42,14,1.0,1.0,6,identity,100,191,
UAB,full,2,0,14,0.7925297113752122,0.8617021276595744,18,identity,100,188,
UAB,full,2,1,14,0.8005432014938041,0.8670212765957447,42,identity,100,188,
UAB,full,2,2,14,0.7845957988542329,0.8563829787234043,19,identity,100,188,
UAB,full,2,3,14,0.7367170259718214,0.824468085106383,18,identity,100,188,
UAB,full,2,42,14,0.8324491787972669,0.8882978723404256,30,identity,100,188,
UAB,full,3,0,14,0.8491366634457842,0.8994708994708994,66,identity,100,189,
UAB,full,3,1,14,0.9047258979206048,0.9365079365079364,54,identity,100,189,
UAB,full,3,2,14,0.8888235294117647,0.925925925925926,54,identity,100,189,
UAB,full,3,3,14,0.9206182536015792,0.9470899470899472,78,identity,100,189,
UAB,full,3,42,14,0.8015539689206216,0.8677248677248677,80,identity,100,189,
UAB,full,4,0,14,0.9381377551020408,0.9587628865979382,60,csp,100,194,
UAB,full,4,1,14,0.9536033163265306,0.9690721649484536,72,csp,100,194,
UAB,full,4,2,14,0.8685427295918368,0.9123711340206184,50,csp,100,194,
UAB,full,4,3,14,0.945874850538063,0.963917525773196,72,csp,100,194,
UAB,full,4,42,14,0.9458705357142856,0.963917525773196,36,csp,100,194,
UAB,full,5,0,14,0.8114976560572416,0.8743455497382199,12,csp,100,191,
UAB,full,5,1,14,0.7958059210526316,0.8638743455497382,0,csp,100,191,
UAB,full,5,2,14,0.7644301924025654,0.8429319371727748,78,identity,100,191,
UAB,full,5,3,14,0.8114976560572416,0.8743455497382199,12,csp,100,191,
UAB,full,5,42,14,0.6935576764851078,0.7958115183246073,24,csp,100,191,
UAB,full,6,0,14,0.8769352917824533,0.9193548387096774,18,identity,100,186,
UAB,full,6,1,14,0.9188056574122576,0.946236559139785,0,csp,100,186,
UAB,full,6,2,14,0.9592319831667544,0.9731182795698924,6,identity,100,186,
UAB,full,6,3,14,0.9184746877054568,0.946236559139785,12,csp,100,186,
UAB,full,6,42,14,0.8532351394003157,0.9032258064516128,102,identity,100,186,
UAB,full,7,0,14,0.6836636267976148,0.7891891891891892,0,csp,100,185,
UAB,full,7,1,14,0.5783290961690191,0.7189189189189189,18,identity,100,185,
UAB,full,7,2,14,0.6188743753835364,0.745945945945946,18,identity,100,185,
UAB,full,7,3,14,0.7243283516676162,0.8162162162162162,6,identity,100,185,
UAB,full,7,42,14,0.6675141366764564,0.7783783783783784,18,identity,100,185,
UAB,full,8,0,14,0.9596896536777773,0.9731182795698924,42,identity,100,186,
UAB,full,8,1,14,0.9596826635453244,0.9731182795698924,18,identity,100,186,
UAB,full,8,2,14,0.9596669268800416,0.9731182795698924,18,identity,100,186,
UAB,full,8,3,14,0.96774473250672,0.978494623655914,42,identity,100,186,
UAB,full,8,42,14,0.8870869829156187,0.9247311827956988,6,identity,100,186,
UAB,full,9,0,14,0.6186570764440156,0.745945945945946,54,identity,100,185,
UAB,full,9,1,14,0.553943272982333,0.7027027027027027,54,identity,100,185,
UAB,full,9,2,14,0.6350444960764543,0.7567567567567568,54,identity,100,185,
UAB,full,9,3,14,0.5942804508969692,0.7297297297297297,54,identity,100,185,
UAB,full,9,42,14,0.6918423705781791,0.7945945945945946,6,identity,100,185,
UAB,full,10,0,14,0.825977474590239,0.8839779005524862,54,identity,100,181,
UAB,full,10,1,14,0.7513850098438716,0.8342541436464088,78,identity,100,181,
UAB,full,10,2,14,0.7927828914228144,0.861878453038674,42,identity,100,181,
UAB,full,10,3,14,0.7597051822010621,0.8397790055248618,96,csp,100,181,
UAB,full,10,42,14,0.809447521398819,0.8729281767955801,0,csp,100,181,
UAB,full,11,0,14,0.937171052631579,0.9581151832460733,0,csp,100,191,
UAB,full,11,1,14,0.9371788019569954,0.9581151832460733,2,csp,100,191,
UAB,full,11,2,14,0.937171052631579,0.9581151832460733,30,identity,100,191,
UAB,full,11,3,14,0.91359243265474,0.9424083769633508,78,identity,100,191,
UAB,full,11,42,14,0.9685829426762068,0.9790575916230366,30,identity,100,191,
UAB,full,12,0,14,0.952640106352042,0.968421052631579,6,identity,100,190,
UAB,full,12,1,14,0.9367825652969556,0.9578947368421052,0,csp,100,190,
UAB,full,12,2,14,0.9447077409162716,0.963157894736842,6,identity,100,190,
UAB,full,12,3,14,0.9762983907854796,0.9842105263157894,6,identity,100,190,
UAB,full,12,42,14,0.9447421995097428,0.963157894736842,6,identity,100,190,
UAB,full,13,0,14,0.7845134997452878,0.8563829787234043,18,identity,100,188,
UAB,full,13,1,14,0.6961422312959891,0.7978723404255319,18,identity,100,188,
UAB,full,13,2,14,0.792318150917743,0.8617021276595744,24,csp,100,188,
UAB,full,13,3,14,0.6962068378976016,0.7978723404255319,6,identity,100,188,
UAB,full,13,42,14,0.6888077755613089,0.7925531914893617,48,csp,100,188,
UAB,full,14,0,14,0.6466307610080992,0.7643979057591623,6,identity,100,191,
UAB,full,14,1,14,0.638688983015997,0.7591623036649214,54,identity,100,191,
UAB,full,14,2,14,0.5521596051007815,0.7015706806282722,6,identity,100,191,
UAB,full,14,3,14,0.6465290343806547,0.7643979057591623,0,csp,100,191,
UAB,full,14,42,14,0.5444151998683995,0.6963350785340314,42,identity,100,191,
UAB,full,15,0,14,0.9098158684646744,0.9398907103825136,72,csp,100,183,
UAB,full,15,1,14,0.8851944792973652,0.9234972677595628,72,csp,100,183,
UAB,full,15,2,14,0.9262328122900524,0.9508196721311476,72,csp,100,183,
UAB,full,15,3,14,0.8360655737704918,0.8907103825136612,72,csp,100,183,
UAB,full,15,42,14,0.9344086021505376,0.9562841530054644,72,csp,100,183,
UAB,full,16,0,14,0.9201359388275276,0.946808510638298,6,identity,100,188,
UAB,full,16,1,14,0.8163594665760638,0.8776595744680851,54,identity,100,188,
UAB,full,16,2,14,0.880264945652174,0.9202127659574468,66,identity,100,188,
UAB,full,16,3,14,0.8882852292020373,0.925531914893617,66,identity,100,188,
UAB,full,16,42,14,0.936152148072678,0.9574468085106383,6,identity,100,188,
UAB,nearear,1,0,2,0.5834499218171344,0.7225130890052356,12,csp,100,191,
UAB,nearear,1,1,2,0.4182342045688413,0.612565445026178,12,csp,100,191,
UAB,nearear,1,2,2,0.4751240720232969,0.6492146596858639,96,csp,100,191,
UAB,nearear,1,3,2,0.5210671270604679,0.680628272251309,84,csp,100,191,
UAB,nearear,1,42,2,0.4650080322939407,0.643979057591623,84,csp,100,191,
UAB,nearear,2,0,2,0.4503855605457164,0.6329787234042553,0,csp,100,188,
UAB,nearear,2,1,2,0.4016549968173138,0.601063829787234,0,csp,100,188,
UAB,nearear,2,2,2,0.3637363567137659,0.574468085106383,0,csp,100,188,
UAB,nearear,2,3,2,0.4580295065287434,0.6382978723404256,0,csp,100,188,
UAB,nearear,2,42,2,0.32996732996733,0.5531914893617021,0,csp,100,188,
UAB,nearear,3,0,2,0.6503090702661789,0.7671957671957672,72,csp,100,189,
UAB,nearear,3,1,2,0.4923619271445358,0.6613756613756614,42,identity,100,189,
UAB,nearear,3,2,2,0.4758383057399781,0.6507936507936508,74,csp,100,189,
UAB,nearear,3,3,2,0.5789761264290518,0.7195767195767195,66,identity,100,189,
UAB,nearear,3,42,2,0.5709240729841083,0.7142857142857143,72,csp,98,189,
UAB,nearear,4,0,2,0.4975695274523867,0.6649484536082474,24,csp,100,194,
UAB,nearear,4,1,2,0.4973291875946742,0.6649484536082474,36,csp,100,194,
UAB,nearear,4,2,2,0.4825224938291265,0.654639175257732,12,csp,100,194,
UAB,nearear,4,3,2,0.4888214627914403,0.6597938144329897,72,csp,100,194,
UAB,nearear,4,42,2,0.4893515195022733,0.6597938144329897,72,csp,100,194,
UAB,nearear,5,0,2,0.2279326843755156,0.4869109947643979,49,csp,90,191,
UAB,nearear,5,1,2,0.4264972030273116,0.6178010471204188,60,csp,98,191,
UAB,nearear,5,2,2,0.4049356399114536,0.6020942408376964,54,identity,100,191,
UAB,nearear,5,3,2,0.3236989459815547,0.5497382198952879,78,identity,100,191,
UAB,nearear,5,42,2,0.3075718876163796,0.5392670157068062,66,identity,98,191,
UAB,nearear,6,0,2,0.3409448818897638,0.5645161290322581,74,csp,98,186,
UAB,nearear,6,1,2,0.2860654677189804,0.521505376344086,42,identity,100,186,
UAB,nearear,6,2,2,0.3700787401574803,0.5698924731182796,72,csp,100,186,
UAB,nearear,6,3,2,0.3561193637439201,0.5752688172043011,72,csp,100,186,
UAB,nearear,6,42,2,0.3391235688906435,0.5645161290322581,74,csp,90,186,
UAB,nearear,7,0,2,0.2528533801580334,0.5027027027027027,54,identity,82,185,
UAB,nearear,7,1,2,0.1557330290929834,0.4378378378378378,48,csp,94,185,
UAB,nearear,7,2,2,0.1488103062968317,0.4324324324324324,48,csp,90,185,
UAB,nearear,7,3,2,0.1968162083936324,0.4648648648648649,96,csp,92,185,
UAB,nearear,7,42,2,0.2699289660615627,0.5135135135135135,42,identity,100,185,
UAB,nearear,8,0,2,0.4108816383200278,0.6075268817204301,0,csp,86,186,
UAB,nearear,8,1,2,0.387760405387847,0.5913978494623656,6,identity,90,186,
UAB,nearear,8,2,2,0.2121369294605808,0.4731182795698925,96,csp,100,186,
UAB,nearear,8,3,2,0.3944786873860578,0.5967741935483871,0,csp,100,186,
UAB,nearear,8,42,2,0.2572271898602309,0.5053763440860215,78,identity,100,186,
UAB,nearear,9,0,2,0.2454940139455333,0.4972972972972973,6,identity,100,185,
UAB,nearear,9,1,2,0.3023459767594826,0.5351351351351351,48,csp,100,185,
UAB,nearear,9,2,2,0.3271253286590709,0.5513513513513514,37,csp,100,185,
UAB,nearear,9,3,2,0.3429072571804429,0.5621621621621622,36,csp,100,185,
UAB,nearear,9,42,2,0.4892414216223323,0.6594594594594595,66,identity,100,185,
UAB,nearear,10,0,2,0.3218185972127028,0.5469613259668509,0,csp,100,181,
UAB,nearear,10,1,2,0.4028318746276863,0.6022099447513812,102,identity,100,181,
UAB,nearear,10,2,2,0.4281593406593406,0.6187845303867403,84,csp,100,181,
UAB,nearear,10,3,2,0.337208770082849,0.5580110497237569,78,identity,100,181,
UAB,nearear,10,42,2,0.1631111518036989,0.4419889502762431,73,csp,100,181,
UAB,nearear,11,0,2,0.5597810429271104,0.7068062827225131,96,csp,100,191,
UAB,nearear,11,1,2,0.5133557984712747,0.675392670157068,30,identity,100,191,
UAB,nearear,11,2,2,0.5832955995554274,0.7225130890052356,54,identity,100,191,
UAB,nearear,11,3,2,0.560450398619216,0.7068062827225131,78,identity,100,191,
UAB,nearear,11,42,2,0.5919138795299531,0.7277486910994765,48,csp,100,191,
UAB,nearear,12,0,2,0.4929530481194228,0.6631578947368421,96,csp,100,190,
UAB,nearear,12,1,2,0.5732823157544502,0.7157894736842105,90,identity,100,190,
UAB,nearear,12,2,2,0.4934177637060489,0.6631578947368421,96,csp,100,190,
UAB,nearear,12,3,2,0.3329432416617904,0.5578947368421052,36,csp,100,190,
UAB,nearear,12,42,2,0.5186477282166293,0.6789473684210526,72,csp,100,190,
UAB,nearear,13,0,2,0.2563480923822891,0.5053191489361702,18,identity,100,188,
UAB,nearear,13,1,2,0.2875755769394533,0.526595744680851,12,csp,92,188,
UAB,nearear,13,2,2,0.4407377502018613,0.6276595744680851,96,csp,100,188,
UAB,nearear,13,3,2,0.3813939575231827,0.5904255319148937,84,csp,94,188,
UAB,nearear,13,42,2,0.407520974404838,0.6063829787234043,18,identity,100,188,
UAB,nearear,14,0,2,0.1188730537935579,0.4136125654450261,0,csp,78,191,
UAB,nearear,14,1,2,0.2302820955670697,0.4869109947643979,0,csp,100,191,
UAB,nearear,14,2,2,0.1507965913301221,0.4345549738219895,97,csp,82,191,
UAB,nearear,14,3,2,0.1679270096991616,0.4450261780104712,72,csp,98,191,
UAB,nearear,14,42,2,0.0733111302989185,0.3821989528795811,80,identity,74,191,
UAB,nearear,15,0,2,0.3936870382807254,0.5956284153005464,78,identity,100,183,
UAB,nearear,15,1,2,0.2053451517593338,0.4699453551912568,48,csp,98,183,
UAB,nearear,15,2,2,0.3461950696677385,0.5628415300546448,0,csp,100,183,
UAB,nearear,15,3,2,0.3285004698617263,0.5519125683060109,72,csp,100,183,
UAB,nearear,15,42,2,0.4828189485017046,0.6557377049180327,72,csp,100,183,
UAB,nearear,16,0,2,0.7205707491082045,0.8138297872340425,54,identity,100,188,
UAB,nearear,16,1,2,0.6169128884360673,0.7446808510638298,54,identity,100,188,
UAB,nearear,16,2,2,0.7525475543478262,0.8351063829787234,54,identity,100,188,
UAB,nearear,16,3,2,0.7042265498766902,0.8031914893617021,42,identity,100,188,
UAB,nearear,16,42,2,0.6084665079904794,0.7393617021276596,66,identity,100,188,
COGBCI,full,1,0,62,0.85,0.9,69,identity,100,60,
COGBCI,full,1,1,62,0.9,0.9333333333333332,57,identity,100,60,
COGBCI,full,1,2,62,0.8493093344495605,0.9,69,identity,100,60,
COGBCI,full,1,3,62,0.9248747913188649,0.95,83,identity,100,60,
COGBCI,full,1,42,62,0.899874843554443,0.9333333333333332,107,identity,100,60,
COGBCI,full,2,0,62,0.75,0.8333333333333334,34,identity,96,60,
COGBCI,full,2,1,62,0.975,0.9833333333333332,58,identity,100,60,
COGBCI,full,2,2,62,0.875,0.9166666666666666,46,identity,100,60,
COGBCI,full,2,3,62,0.875,0.9166666666666666,58,identity,100,60,
COGBCI,full,2,42,62,0.925,0.95,33,identity,100,60,
COGBCI,full,3,0,62,0.8280998389694042,0.8852459016393442,81,identity,100,61,
COGBCI,full,3,1,62,0.950846091861402,0.9672131147540984,81,identity,100,61,
COGBCI,full,3,2,62,0.8286516853932584,0.8852459016393442,81,identity,100,61,
COGBCI,full,3,3,62,0.950846091861402,0.9672131147540984,93,identity,99,61,
COGBCI,full,3,42,62,0.9753634894991924,0.9836065573770492,96,csp,100,61,
COGBCI,full,4,0,62,0.9,0.9333333333333332,72,csp,100,60,
COGBCI,full,4,1,62,0.875,0.9166666666666666,0,csp,99,60,
COGBCI,full,4,2,62,0.95,0.9666666666666668,84,csp,100,60,
COGBCI,full,4,3,62,0.95,0.9666666666666668,93,identity,98,60,
COGBCI,full,4,42,62,0.975,0.9833333333333332,36,csp,100,60,
COGBCI,full,5,0,62,0.6580645161290323,0.7735849056603774,72,csp,99,53,
COGBCI,full,5,1,62,0.8304904051172708,0.8867924528301887,93,identity,100,53,
COGBCI,full,5,2,62,0.7732620320855614,0.8490566037735849,107,identity,98,53,
COGBCI,full,5,3,62,0.5744111349036403,0.7169811320754716,95,identity,97,53,
COGBCI,full,5,42,62,0.7456,0.8301886792452831,57,identity,87,53,
COGBCI,full,6,0,62,0.5882352941176471,0.7254901960784313,33,identity,93,51,
COGBCI,full,6,1,62,0.6176470588235294,0.7450980392156863,105,identity,100,51,
COGBCI,full,6,2,62,0.5588235294117647,0.7058823529411765,59,identity,92,51,
COGBCI,full,6,3,62,0.6764705882352942,0.7843137254901961,81,identity,96,51,
COGBCI,full,6,42,62,0.6176470588235294,0.7450980392156863,81,identity,95,51,
COGBCI,full,7,0,62,0.9422863485016648,0.9615384615384616,36,csp,100,52,
COGBCI,full,7,1,62,0.942318358291736,0.9615384615384616,105,identity,76,52,
COGBCI,full,7,2,62,0.9422543031649084,0.9615384615384616,93,identity,100,52,
COGBCI,full,7,3,62,0.884636716583472,0.9230769230769232,93,identity,97,52,
COGBCI,full,7,42,62,0.971159179145868,0.9807692307692308,81,identity,100,52,
COGBCI,full,8,0,62,0.9705882352941176,0.9803921568627452,45,identity,94,51,
COGBCI,full,8,1,62,0.9411764705882352,0.9607843137254902,45,identity,100,51,
COGBCI,full,8,2,62,0.9705882352941176,0.9803921568627452,45,identity,100,51,
COGBCI,full,8,3,62,0.9411764705882352,0.9607843137254902,57,identity,91,51,
COGBCI,full,8,42,62,0.8235294117647058,0.8823529411764706,33,identity,100,51,
COGBCI,full,9,0,62,1.0,1.0,0,csp,100,52,
COGBCI,full,9,1,62,0.913477537437604,0.9423076923076924,0,csp,100,52,
COGBCI,full,9,2,62,0.8849557522123894,0.9230769230769232,0,csp,96,52,
COGBCI,full,9,3,62,0.9419642857142856,0.9615384615384616,0,csp,98,52,
COGBCI,full,9,42,62,0.9710306406685236,0.9807692307692308,33,identity,96,52,
COGBCI,full,10,0,62,0.9433760683760684,0.9622641509433962,93,identity,83,53,
COGBCI,full,10,1,62,0.4881974248927039,0.660377358490566,58,identity,71,53,
COGBCI,full,10,2,62,0.8299465240641711,0.8867924528301887,93,identity,70,53,
COGBCI,full,10,3,62,0.7453283502402563,0.8301886792452831,69,identity,84,53,
COGBCI,full,10,42,62,0.7454642475987193,0.8301886792452831,24,csp,86,53,
COGBCI,full,11,0,62,0.923673997412678,0.9491525423728814,48,csp,100,59,
COGBCI,full,11,1,62,0.948561464690497,0.9661016949152542,36,csp,100,59,
COGBCI,full,11,2,62,1.0,1.0,48,csp,97,59,
COGBCI,full,11,3,62,1.0,1.0,84,csp,98,59,
COGBCI,full,11,42,62,0.9490060501296456,0.9661016949152542,60,csp,92,59,
COGBCI,full,12,0,62,0.882691201840138,0.9215686274509804,57,identity,100,51,
COGBCI,full,12,1,62,0.7644341801385681,0.8431372549019608,95,identity,77,51,
COGBCI,full,12,2,62,0.8235294117647058,0.8823529411764706,81,identity,81,51,
COGBCI,full,12,3,62,0.7065592635212888,0.803921568627451,54,identity,99,51,
COGBCI,full,12,42,62,0.79399884593191,0.8627450980392157,57,identity,93,51,
COGBCI,full,13,0,62,0.9411764705882352,0.9607843137254902,57,identity,100,51,
COGBCI,full,13,1,62,0.9411764705882352,0.9607843137254902,0,csp,100,51,
COGBCI,full,13,2,62,1.0,1.0,48,csp,100,51,
COGBCI,full,13,3,62,0.9705882352941176,0.9803921568627452,69,identity,100,51,
COGBCI,full,13,42,62,0.8529411764705882,0.9019607843137256,45,identity,100,51,
COGBCI,full,14,0,62,0.5898908673176335,0.7254901960784313,57,identity,95,51,
COGBCI,full,14,1,62,0.5868055555555556,0.7254901960784313,54,identity,100,51,
COGBCI,full,14,2,62,0.530764807360552,0.6862745098039216,82,identity,100,51,
COGBCI,full,14,3,62,0.6456282570932252,0.7647058823529411,107,identity,84,51,
COGBCI,full,14,42,62,0.4151376146788991,0.6078431372549019,84,csp,78,51,
COGBCI,full,15,0,62,0.6660595021250759,0.78,84,csp,95,50,
COGBCI,full,15,1,62,0.909692956050572,0.94,96,csp,78,50,
COGBCI,full,15,2,62,0.7584541062801933,0.84,105,identity,85,50,
COGBCI,full,15,3,62,0.8792270531400966,0.92,96,csp,70,50,
COGBCI,full,15,42,62,0.8494882600842866,0.9,36,csp,80,50,
COGBCI,full,16,0,62,0.93875,0.9591836734693876,93,identity,99,49,
COGBCI,full,16,1,62,0.663125,0.7755102040816326,0,csp,90,49,
COGBCI,full,16,2,62,0.908125,0.9387755102040816,57,identity,91,49,
COGBCI,full,16,3,62,0.8465873512836568,0.8979591836734694,58,identity,80,49,
COGBCI,full,16,42,62,0.8775,0.9183673469387756,33,identity,100,49,
COGBCI,full,17,0,62,0.755,0.8367346938775511,36,csp,79,49,
COGBCI,full,17,1,62,1.0,1.0,72,csp,100,49,
COGBCI,full,17,2,62,0.7846829880728186,0.8571428571428571,36,csp,100,49,
COGBCI,full,17,3,62,0.9079524107701942,0.9387755102040816,60,csp,85,49,
COGBCI,full,17,42,62,0.8463949843260188,0.8979591836734694,12,csp,100,49,
COGBCI,full,18,0,62,0.7977777777777777,0.8653846153846154,93,identity,100,52,
COGBCI,full,18,1,62,0.9422222222222222,0.9615384615384616,24,csp,100,52,
COGBCI,full,18,2,62,0.9132369299221356,0.9423076923076924,48,csp,100,52,
COGBCI,full,18,3,62,0.7688888888888888,0.8461538461538461,57,identity,100,52,
COGBCI,full,18,42,62,0.8844444444444445,0.9230769230769232,36,csp,100,52,
COGBCI,full,19,0,62,0.97000599880024,0.98,33,identity,100,50,
COGBCI,full,19,1,62,0.9399759903961584,0.96,34,identity,100,50,
COGBCI,full,19,2,62,1.0,1.0,12,csp,100,50,
COGBCI,full,19,3,62,0.9101258238466148,0.94,33,identity,100,50,
COGBCI,full,19,42,62,0.93993993993994,0.96,0,csp,100,50,
COGBCI,full,20,0,62,0.5621064682312535,0.7058823529411765,48,csp,88,51,
COGBCI,full,20,1,62,0.9117647058823528,0.9411764705882352,96,csp,100,51,
COGBCI,full,20,2,62,0.8822170900692841,0.9215686274509804,96,csp,90,51,
COGBCI,full,20,3,62,0.5583140877598152,0.7058823529411765,81,identity,86,51,
COGBCI,full,20,42,62,0.9118155619596542,0.9411764705882352,84,csp,90,51,
COGBCI,full,21,0,62,0.9117647058823528,0.9411764705882352,71,identity,99,51,
COGBCI,full,21,1,62,0.9705882352941176,0.9803921568627452,36,csp,98,51,
COGBCI,full,21,2,62,0.9705882352941176,0.9803921568627452,33,identity,100,51,
COGBCI,full,21,3,62,1.0,1.0,48,csp,100,51,
COGBCI,full,21,42,62,0.7941176470588236,0.8627450980392157,84,csp,100,51,
COGBCI,full,22,0,62,0.705404112864658,0.8035714285714286,69,identity,100,56,
COGBCI,full,22,1,62,0.8130662851692895,0.875,84,csp,100,56,
COGBCI,full,22,2,62,0.6248803827751196,0.75,46,identity,99,56,
COGBCI,full,22,3,62,0.8125298900047824,0.875,60,csp,100,56,
COGBCI,full,22,42,62,0.8659645763523217,0.9107142857142856,74,csp,100,56,
COGBCI,full,23,0,62,0.8773466833541927,0.9183673469387756,93,identity,100,49,
COGBCI,full,23,1,62,0.908125,0.9387755102040816,93,identity,100,49,
COGBCI,full,23,2,62,0.8775,0.9183673469387756,70,identity,91,49,
COGBCI,full,23,3,62,0.724375,0.8163265306122449,45,identity,88,49,
COGBCI,full,23,42,62,0.6641744548286604,0.7755102040816326,48,csp,98,49,
COGBCI,full,24,0,62,0.943436499466382,0.9622641509433962,72,csp,99,53,
COGBCI,full,24,1,62,0.971627408993576,0.981132075471698,60,csp,100,53,
COGBCI,full,24,2,62,0.9431939978563773,0.9622641509433962,60,csp,94,53,
COGBCI,full,24,3,62,0.6845238095238095,0.7924528301886793,84,csp,100,53,
COGBCI,full,24,42,62,0.7424406047516199,0.8301886792452831,84,csp,84,53,
COGBCI,full,25,0,62,0.769656699889258,0.8461538461538461,105,identity,97,52,
COGBCI,full,25,1,62,0.6829268292682926,0.7884615384615384,69,identity,85,52,
COGBCI,full,25,2,62,0.740432612312812,0.8269230769230769,93,identity,89,52,
COGBCI,full,25,3,62,0.8272425249169435,0.8846153846153846,93,identity,97,52,
COGBCI,full,25,42,62,0.7397107897664071,0.8269230769230769,36,csp,97,52,
COGBCI,full,26,0,62,0.9422222222222222,0.9615384615384616,84,csp,97,52,
COGBCI,full,26,1,62,0.7690172126596335,0.8461538461538461,72,csp,95,52,
COGBCI,full,26,2,62,0.9132851584213452,0.9423076923076923,72,csp,88,52,
COGBCI,full,26,3,62,0.7389849414389291,0.8269230769230769,60,csp,86,52,
COGBCI,full,26,42,62,0.7117516629711752,0.8076923076923077,93,identity,100,52,
COGBCI,full,27,0,62,0.755,0.8367346938775511,36,csp,79,49,
COGBCI,full,27,1,62,1.0,1.0,72,csp,100,49,
COGBCI,full,27,2,62,0.7846829880728186,0.8571428571428571,36,csp,100,49,
COGBCI,full,27,3,62,0.9079524107701942,0.9387755102040817,60,csp,85,49,
COGBCI,full,27,42,62,0.8463949843260188,0.8979591836734694,12,csp,100,49,
COGBCI,full,28,0,62,0.769656699889258,0.8461538461538461,105,identity,97,52,
COGBCI,full,28,1,62,0.6829268292682926,0.7884615384615384,69,identity,85,52,
COGBCI,full,28,2,62,0.740432612312812,0.8269230769230769,93,identity,89,52,
COGBCI,full,28,3,62,0.8272425249169435,0.8846153846153846,93,identity,97,52,
COGBCI,full,28,42,62,0.7397107897664071,0.8269230769230769,36,csp,97,52,
COGBCI,full,29,0,62,0.9705372616984402,0.9803921568627451,36,csp,100,51,
COGBCI,full,29,1,62,0.9705712637045586,0.9803921568627451,33,identity,100,51,
COGBCI,full,29,2,62,0.9705712637045586,0.9803921568627451,0,csp,100,51,
COGBCI,full,29,3,62,0.9115095430884904,0.9411764705882353,12,csp,100,51,
COGBCI,full,29,42,62,0.9705712637045586,0.9803921568627451,12,csp,100,51,
COGBCI,nearear,1,0,2,0.4730238393977415,0.65,105,identity,78,60,
COGBCI,nearear,1,1,2,0.23761118170266837,0.5,69,identity,34,60,
COGBCI,nearear,1,2,2,0.39571968107427613,0.6,94,identity,51,60,
COGBCI,nearear,1,3,2,0.5465994962216625,0.7,93,identity,71,60,
COGBCI,nearear,1,42,2,0.4529631164525487,0.6333333333333333,85,csp,64,60,
COGBCI,nearear,2,0,2,0.42500000000000004,0.6166666666666667,36,csp,100,60,
COGBCI,nearear,2,1,2,0.44999999999999996,0.6333333333333333,38,csp,87,60,
COGBCI,nearear,2,2,2,0.42500000000000004,0.6166666666666667,36,csp,83,60,
COGBCI,nearear,2,3,2,0.5,0.6666666666666666,50,csp,98,60,
COGBCI,nearear,2,42,2,0.575,0.7166666666666667,48,csp,100,60,
COGBCI,nearear,3,0,2,0.167736757624398,0.4426229508196721,86,csp,95,61,
COGBCI,nearear,3,1,2,0.4623397435897436,0.639344262295082,36,csp,62,61,
COGBCI,nearear,3,2,2,0.4392486011191048,0.6229508196721312,78,identity,97,61,
COGBCI,nearear,3,3,2,0.41157556270096474,0.6065573770491803,85,csp,66,61,
COGBCI,nearear,3,42,2,0.43427419354838703,0.6229508196721312,54,identity,92,61,
COGBCI,nearear,4,0,2,0.025000000000000022,0.35,96,csp,90,60,
COGBCI,nearear,4,1,2,0.275,0.5166666666666667,72,csp,75,60,
COGBCI,nearear,4,2,2,0.375,0.5833333333333334,78,identity,80,60,
COGBCI,nearear,4,3,2,0.17500000000000004,0.45,55,identity,67,60,
COGBCI,nearear,4,42,2,0.07499999999999996,0.38333333333333336,58,identity,86,60,
COGBCI,nearear,5,0,2,0.17454350161117083,0.4528301886792453,97,csp,56,53,
COGBCI,nearear,5,1,2,0.15290356952583906,0.4339622641509434,84,csp,67,53,
COGBCI,nearear,5,2,2,0.4895666131621188,0.660377358490566,60,csp,91,53,
COGBCI,nearear,5,3,2,0.3142857142857143,0.5471698113207547,60,csp,51,53,
COGBCI,nearear,5,42,2,0.3197860962566844,0.5471698113207547,95,identity,63,53,
COGBCI,nearear,6,0,2,0.2647058823529411,0.5098039215686274,59,identity,81,51,
COGBCI,nearear,6,1,2,0.3529411764705882,0.5686274509803921,73,csp,84,51,
COGBCI,nearear,6,2,2,0.11764705882352944,0.4117647058823529,104,identity,52,51,
COGBCI,nearear,6,3,2,0.17647058823529416,0.45098039215686275,104,identity,94,51,
COGBCI,nearear,6,42,2,0.23529411764705888,0.49019607843137253,84,csp,90,51,
COGBCI,nearear,7,0,2,0.33296151701059673,0.5576923076923077,96,csp,91,52,
COGBCI,nearear,7,1,2,0.6829268292682926,0.7884615384615384,98,csp,89,52,
COGBCI,nearear,7,2,2,0.71159179145868,0.8076923076923077,84,csp,87,52,
COGBCI,nearear,7,3,2,0.7405764966740577,0.8269230769230769,36,csp,96,52,
COGBCI,nearear,7,42,2,0.8272425249169435,0.8846153846153846,42,identity,90,52,
COGBCI,nearear,8,0,2,0.20588235294117652,0.47058823529411764,96,csp,82,51,
COGBCI,nearear,8,1,2,0.17647058823529416,0.45098039215686275,103,identity,68,51,
COGBCI,nearear,8,2,2,0.2647058823529411,0.5098039215686274,86,csp,67,51,
COGBCI,nearear,8,3,2,0.17647058823529416,0.45098039215686275,9,identity,52,51,
COGBCI,nearear,8,42,2,0.38235294117647056,0.5882352941176471,96,csp,82,51,
COGBCI,nearear,9,0,2,0.6795518207282913,0.7884615384615384,69,identity,83,52,
COGBCI,nearear,9,1,2,0.4814404432132965,0.6538461538461539,105,identity,83,52,
COGBCI,nearear,9,2,2,0.5066964285714286,0.6730769230769231,97,csp,96,52,
COGBCI,nearear,9,3,2,0.5370061213132999,0.6923076923076923,45,identity,97,52,
COGBCI,nearear,9,42,2,0.3616071428571428,0.5769230769230769,94,identity,85,52,
COGBCI,nearear,10,0,2,0.24165341812400631,0.49056603773584906,72,csp,89,53,
COGBCI,nearear,10,1,2,0.23311897106109325,0.49056603773584906,49,csp,56,53,
COGBCI,nearear,10,2,2,0.14562063406770565,0.4339622641509434,70,identity,53,53,
COGBCI,nearear,10,3,2,0.35021321961620466,0.5660377358490566,48,csp,81,53,
COGBCI,nearear,10,42,2,0.26388888888888895,0.5094339622641509,84,csp,89,53,
COGBCI,nearear,11,0,2,0.08605851979345946,0.3898305084745763,37,csp,84,59,
COGBCI,nearear,11,1,2,-0.12547689699025022,0.23728813559322035,106,identity,65,59,
COGBCI,nearear,11,2,2,0.1776079136690647,0.4745762711864407,31,identity,23,59,
COGBCI,nearear,11,3,2,0.01621120889300609,0.3898305084745763,33,identity,32,59,
COGBCI,nearear,11,42,2,0.029016890428756992,0.3559322033898305,62,csp,11,59,
COGBCI,nearear,12,0,2,0.5266821345707657,0.6862745098039216,72,csp,100,51,
COGBCI,nearear,12,1,2,0.7355990783410138,0.8235294117647058,84,csp,94,51,
COGBCI,nearear,12,2,2,0.6764705882352942,0.7843137254901961,60,csp,96,51,
COGBCI,nearear,12,3,2,0.734375,0.8235294117647058,50,csp,83,51,
COGBCI,nearear,12,42,2,0.7038327526132404,0.803921568627451,84,csp,96,51,
COGBCI,nearear,13,0,2,0.5,0.6666666666666666,61,csp,97,51,
COGBCI,nearear,13,1,2,0.38235294117647056,0.5882352941176471,83,identity,93,51,
COGBCI,nearear,13,2,2,0.4411764705882353,0.6274509803921569,73,csp,95,51,
COGBCI,nearear,13,3,2,0.3529411764705882,0.5686274509803921,84,csp,63,51,
COGBCI,nearear,13,42,2,0.6764705882352942,0.7843137254901961,84,csp,100,51,
COGBCI,nearear,14,0,2,0.27142857142857135,0.5098039215686274,44,identity,90,51,
COGBCI,nearear,14,1,2,0.3551724137931035,0.5686274509803921,86,csp,86,51,
COGBCI,nearear,14,2,2,0.261297798377752,0.5098039215686274,96,csp,100,51,
COGBCI,nearear,14,3,2,0.49563699825479923,0.6666666666666666,86,csp,95,51,
COGBCI,nearear,14,42,2,0.4411764705882353,0.6274509803921569,104,identity,93,51,
COGBCI,nearear,15,0,2,0.06344410876132911,0.38,24,csp,72,50,
COGBCI,nearear,15,1,2,0.11452184179456892,0.4,50,csp,60,50,
COGBCI,nearear,15,2,2,0.17431192660550465,0.46,86,csp,70,50,
COGBCI,nearear,15,3,2,0.16820702402957466,0.46,12,csp,62,50,
COGBCI,nearear,15,42,2,-0.01674641148325362,0.32,86,csp,43,50,
COGBCI,nearear,16,0,2,0.07779171894604764,0.3877551020408163,49,csp,61,49,
COGBCI,nearear,16,1,2,0.09720457433290985,0.40816326530612246,94,identity,82,49,
COGBCI,nearear,16,2,2,0.23818407960199006,0.4897959183673469,90,identity,57,49,
COGBCI,nearear,16,3,2,0.4787234042553191,0.6530612244897959,54,identity,63,49,
COGBCI,nearear,16,42,2,0.07547169811320742,0.3877551020408163,98,csp,60,49,
COGBCI,nearear,17,0,2,0.030303030303030276,0.3469387755102041,7,identity,75,49,
COGBCI,nearear,17,1,2,0.14410480349344967,0.42857142857142855,36,csp,100,49,
COGBCI,nearear,17,2,2,0.32243871778755495,0.5510204081632653,85,csp,94,49,
COGBCI,nearear,17,3,2,0.02122347066167285,0.3469387755102041,25,csp,46,49,
COGBCI,nearear,17,42,2,0.35566687539135877,0.5714285714285714,48,csp,95,49,
COGBCI,nearear,18,0,2,0.7691453940066593,0.8461538461538461,60,csp,98,52,
COGBCI,nearear,18,1,2,0.6529477196885429,0.7692307692307693,60,csp,100,52,
COGBCI,nearear,18,2,2,0.74,0.8269230769230769,96,csp,93,52,
COGBCI,nearear,18,3,2,0.74,0.8269230769230769,84,csp,100,52,
COGBCI,nearear,18,42,2,0.7688888888888888,0.8461538461538461,72,csp,88,52,
COGBCI,nearear,19,0,2,0.6708557749850389,0.78,48,csp,100,50,
COGBCI,nearear,19,1,2,0.6407185628742516,0.76,49,csp,100,50,
COGBCI,nearear,19,2,2,0.60984393757503,0.74,106,identity,100,50,
COGBCI,nearear,19,3,2,0.43113772455089816,0.62,82,identity,100,50,
COGBCI,nearear,19,42,2,0.5508982035928143,0.7,105,identity,97,50,
COGBCI,nearear,20,0,2,0.13861386138613851,0.43137254901960786,96,csp,58,51,
COGBCI,nearear,20,1,2,-0.05638665132336018,0.29411764705882354,6,identity,100,51,
COGBCI,nearear,20,2,2,0.11560693641618502,0.4117647058823529,85,csp,75,51,
COGBCI,nearear,20,3,2,0.34691501746216535,0.5686274509803921,98,csp,56,51,
COGBCI,nearear,20,42,2,0.3798494499131443,0.5882352941176471,84,csp,54,51,
COGBCI,nearear,21,0,2,0.11764705882352944,0.4117647058823529,54,identity,56,51,
COGBCI,nearear,21,1,2,0.11764705882352944,0.4117647058823529,13,csp,55,51,
COGBCI,nearear,21,2,2,0.32352941176470584,0.5490196078431373,26,csp,95,51,
COGBCI,nearear,21,3,2,0.2941176470588235,0.5294117647058824,61,csp,62,51,
COGBCI,nearear,21,42,2,0.38235294117647056,0.5882352941176471,36,csp,85,51,
COGBCI,nearear,22,0,2,0.32789246279404705,0.5535714285714286,24,csp,100,56,
COGBCI,nearear,22,1,2,0.03954263935207247,0.35714285714285715,19,identity,86,56,
COGBCI,nearear,22,2,2,0.11409395973154357,0.4107142857142857,58,identity,87,56,
COGBCI,nearear,22,3,2,0.1657856799615569,0.44642857142857145,57,identity,90,56,
COGBCI,nearear,22,42,2,0.029836381135707524,0.35714285714285715,14,csp,65,56,
COGBCI,nearear,23,0,2,0.5103060587133043,0.673469387755102,45,identity,71,49,
COGBCI,nearear,23,1,2,0.3237139272271017,0.5510204081632653,47,identity,100,49,
COGBCI,nearear,23,2,2,0.271826625386997,0.5102040816326531,80,identity,100,49,
COGBCI,nearear,23,3,2,0.29297365119196994,0.5306122448979592,73,csp,86,49,
COGBCI,nearear,23,42,2,0.3300186451211933,0.5510204081632653,45,identity,96,49,
COGBCI,nearear,24,0,2,0.04046858359957395,0.3584905660377358,90,identity,92,53,
COGBCI,nearear,24,1,2,0.18157614483493079,0.4528301886792453,97,csp,100,53,
COGBCI,nearear,24,2,2,0.2396386822529225,0.49056603773584906,84,csp,56,53,
COGBCI,nearear,24,3,2,0.3446236559139785,0.5660377358490566,84,csp,91,53,
COGBCI,nearear,24,42,2,0.11093073593073588,0.41509433962264153,26,csp,37,53,
COGBCI,nearear,25,0,2,0.2777777777777777,0.5192307692307693,24,csp,94,52,
COGBCI,nearear,25,1,2,0.14191419141914186,0.4230769230769231,73,csp,92,52,
COGBCI,nearear,25,2,2,0.2517985611510791,0.5,86,csp,87,52,
COGBCI,nearear,25,3,2,0.1294642857142857,0.4230769230769231,84,csp,58,52,
COGBCI,nearear,25,42,2,0.2773763201778765,0.5192307692307693,36,csp,79,52,
COGBCI,nearear,26,0,2,0.33922651933701653,0.5576923076923077,68,identity,81,52,
COGBCI,nearear,26,1,2,0.2769744160177976,0.5192307692307693,37,csp,90,52,
COGBCI,nearear,26,2,2,0.1960242959690779,0.46153846153846156,92,identity,99,52,
COGBCI,nearear,26,3,2,0.13043478260869568,0.4230769230769231,38,csp,100,52,
COGBCI,nearear,26,42,2,0.19469026548672563,0.46153846153846156,70,identity,96,52,
COGBCI,nearear,27,0,2,0.030303030303030276,0.3469387755102041,7,identity,75,49,
COGBCI,nearear,27,1,2,0.14410480349344967,0.42857142857142855,36,csp,100,49,
COGBCI,nearear,27,2,2,0.32243871778755495,0.5510204081632653,85,csp,94,49,
COGBCI,nearear,27,3,2,0.02122347066167285,0.3469387755102041,25,csp,46,49,
COGBCI,nearear,27,42,2,0.35566687539135877,0.5714285714285714,48,csp,95,49,
COGBCI,nearear,28,0,2,0.2777777777777777,0.5192307692307693,24,csp,94,52,
COGBCI,nearear,28,1,2,0.14191419141914186,0.4230769230769231,73,csp,92,52,
COGBCI,nearear,28,2,2,0.2517985611510791,0.5,86,csp,87,52,
COGBCI,nearear,28,3,2,0.1294642857142857,0.4230769230769231,84,csp,58,52,
COGBCI,nearear,28,42,2,0.2773763201778765,0.5192307692307693,36,csp,79,52,
COGBCI,nearear,29,0,2,0.13961605584642223,0.43137254901960786,31,identity,82,51,
COGBCI,nearear,29,1,2,0.08027923211169274,0.39215686274509803,95,identity,97,51,
COGBCI,nearear,29,2,2,0.12621359223300954,0.4117647058823529,92,identity,50,51,
COGBCI,nearear,29,3,2,0.14011627906976742,0.43137254901960786,0,csp,100,51,
COGBCI,nearear,29,42,2,0.29166666666666663,0.5294117647058824,49,csp,98,51,
