dataset,subject,protocol,fold_name,seed,budget_frac,alpha,arm_pool,calibration_frac,include_recent_rewards,per_round_cap,kappa,accuracy,n_test,n_arms_surviving,stream_rounds_run,final_regret,budget_remaining
BCI-IV-2b,1,within,within_fold0,0,1.0,1.0,pruned,0.3,True,inf,0.25,0.625,48,76,134,54.0,175.0
BCI-IV-2b,1,within,within_fold0,1,1.0,1.0,pruned,0.3,True,inf,-0.0833,0.4583,48,64,134,70.0,205.0
BCI-IV-2b,1,within,within_fold0,2,1.0,1.0,pruned,0.3,True,inf,0.5,0.75,48,92,134,69.0,185.0
BCI-IV-2b,1,within,within_fold0,3,1.0,1.0,pruned,0.3,True,inf,-0.0833,0.4583,48,72,134,66.0,175.0
BCI-IV-2b,1,within,within_fold0,42,1.0,1.0,pruned,0.3,True,inf,0.0833,0.5417,48,76,134,67.0,176.0
BCI-IV-2b,1,within,within_fold0,0,1.0,1.0,pruned,0.3,False,inf,0.25,0.625,48,76,134,52.0,175.0
BCI-IV-2b,1,within,within_fold0,1,1.0,1.0,pruned,0.3,False,inf,0.0417,0.5208,48,64,134,73.0,197.0
BCI-IV-2b,1,within,within_fold0,2,1.0,1.0,pruned,0.3,False,inf,0.0,0.5,48,92,134,60.0,190.0
BCI-IV-2b,1,within,within_fold0,3,1.0,1.0,pruned,0.3,False,inf,0.125,0.5625,48,72,134,59.0,178.0
BCI-IV-2b,1,within,within_fold0,42,1.0,1.0,pruned,0.3,False,inf,0.1667,0.5833,48,76,134,63.0,179.0
BCI-IV-2b,1,official,official[0→1],0,1.0,1.0,pruned,0.3,True,inf,0.0167,0.5083,120,68,84,42.0,380.0
BCI-IV-2b,1,official,official[0→1],1,1.0,1.0,pruned,0.3,True,inf,0.1667,0.5833,120,60,84,46.0,398.0
BCI-IV-2b,1,official,official[0→1],2,1.0,1.0,pruned,0.3,True,inf,0.0667,0.5333,120,88,84,38.0,383.0
BCI-IV-2b,1,official,official[0→1],3,1.0,1.0,pruned,0.3,True,inf,-0.0167,0.4917,120,90,84,40.0,383.0
BCI-IV-2b,1,official,official[0→1],42,1.0,1.0,pruned,0.3,True,inf,-0.1,0.45,120,52,84,36.0,391.0
BCI-IV-2b,1,official,official[0→1],0,1.0,1.0,pruned,0.3,False,inf,0.0,0.5,120,68,84,46.0,380.0
BCI-IV-2b,1,official,official[0→1],1,1.0,1.0,pruned,0.3,False,inf,-0.0333,0.4833,120,60,84,46.0,400.0
BCI-IV-2b,1,official,official[0→1],2,1.0,1.0,pruned,0.3,False,inf,-0.0667,0.4667,120,88,84,44.0,385.0
BCI-IV-2b,1,official,official[0→1],3,1.0,1.0,pruned,0.3,False,inf,0.1,0.55,120,90,84,36.0,389.0
BCI-IV-2b,1,official,official[0→1],42,1.0,1.0,pruned,0.3,False,inf,0.1333,0.5667,120,52,84,37.0,395.0
BCI-IV-2b,2,within,within_fold0,0,1.0,1.0,pruned,0.3,True,inf,-0.0833,0.4583,48,48,134,72.0,200.0
BCI-IV-2b,2,within,within_fold0,1,1.0,1.0,pruned,0.3,True,inf,-0.0417,0.4792,48,78,134,69.0,189.0
BCI-IV-2b,2,within,within_fold0,2,1.0,1.0,pruned,0.3,True,inf,0.1667,0.5833,48,54,134,70.0,188.0
BCI-IV-2b,2,within,within_fold0,3,1.0,1.0,pruned,0.3,True,inf,0.0417,0.5208,48,78,134,66.0,197.0
BCI-IV-2b,2,within,within_fold0,42,1.0,1.0,pruned,0.3,True,inf,-0.25,0.375,48,86,134,63.0,175.0
BCI-IV-2b,2,within,within_fold0,0,1.0,1.0,pruned,0.3,False,inf,0.0833,0.5417,48,48,134,70.0,196.0
BCI-IV-2b,2,within,within_fold0,1,1.0,1.0,pruned,0.3,False,inf,-0.125,0.4375,48,78,134,72.0,197.0
BCI-IV-2b,2,within,within_fold0,2,1.0,1.0,pruned,0.3,False,inf,0.1667,0.5833,48,54,134,63.0,190.0
BCI-IV-2b,2,within,within_fold0,3,1.0,1.0,pruned,0.3,False,inf,0.0833,0.5417,48,78,134,56.0,197.0
BCI-IV-2b,2,within,within_fold0,42,1.0,1.0,pruned,0.3,False,inf,0.125,0.5625,48,86,134,71.0,181.0
BCI-IV-2b,2,official,official[0→1],0,1.0,1.0,pruned,0.3,True,inf,0.0167,0.5083,120,94,84,48.0,387.0
BCI-IV-2b,2,official,official[0→1],1,1.0,1.0,pruned,0.3,True,inf,-0.1333,0.4333,120,62,84,42.0,401.0
BCI-IV-2b,2,official,official[0→1],2,1.0,1.0,pruned,0.3,True,inf,0.05,0.525,120,58,84,42.0,389.0
BCI-IV-2b,2,official,official[0→1],3,1.0,1.0,pruned,0.3,True,inf,-0.0167,0.4917,120,56,84,41.0,391.0
BCI-IV-2b,2,official,official[0→1],42,1.0,1.0,pruned,0.3,True,inf,0.0333,0.5167,120,60,84,44.0,386.0
BCI-IV-2b,2,official,official[0→1],0,1.0,1.0,pruned,0.3,False,inf,0.0167,0.5083,120,94,84,43.0,390.0
BCI-IV-2b,2,official,official[0→1],1,1.0,1.0,pruned,0.3,False,inf,0.1,0.55,120,62,84,35.0,396.0
BCI-IV-2b,2,official,official[0→1],2,1.0,1.0,pruned,0.3,False,inf,0.05,0.525,120,58,84,44.0,392.0
BCI-IV-2b,2,official,official[0→1],3,1.0,1.0,pruned,0.3,False,inf,-0.0333,0.4833,120,56,84,42.0,392.0
BCI-IV-2b,2,official,official[0→1],42,1.0,1.0,pruned,0.3,False,inf,-0.0833,0.4583,120,60,84,43.0,384.0
BCI-IV-2b,3,within,within_fold0,0,1.0,1.0,pruned,0.3,True,inf,0.375,0.6875,48,46,134,71.0,202.0
BCI-IV-2b,3,within,within_fold0,1,1.0,1.0,pruned,0.3,True,inf,0.125,0.5625,48,86,134,74.0,163.0
BCI-IV-2b,3,within,within_fold0,2,1.0,1.0,pruned,0.3,True,inf,0.125,0.5625,48,84,134,65.0,167.0
BCI-IV-2b,3,within,within_fold0,3,1.0,1.0,pruned,0.3,True,inf,0.1667,0.5833,48,42,134,64.0,178.0
BCI-IV-2b,3,within,within_fold0,42,1.0,1.0,pruned,0.3,True,inf,0.0833,0.5417,48,76,134,67.0,180.0
BCI-IV-2b,3,within,within_fold0,0,1.0,1.0,pruned,0.3,False,inf,0.375,0.6875,48,46,134,64.0,197.0
BCI-IV-2b,3,within,within_fold0,1,1.0,1.0,pruned,0.3,False,inf,0.125,0.5625,48,86,134,75.0,185.0
BCI-IV-2b,3,within,within_fold0,2,1.0,1.0,pruned,0.3,False,inf,0.125,0.5625,48,84,134,70.0,162.0
BCI-IV-2b,3,within,within_fold0,3,1.0,1.0,pruned,0.3,False,inf,0.1667,0.5833,48,42,134,61.0,172.0
BCI-IV-2b,3,within,within_fold0,42,1.0,1.0,pruned,0.3,False,inf,-0.0833,0.4583,48,76,134,65.0,177.0
BCI-IV-2b,3,official,official[0→1],0,1.0,1.0,pruned,0.3,True,inf,0.1333,0.5667,120,16,84,29.0,360.0
BCI-IV-2b,3,official,official[0→1],1,1.0,1.0,pruned,0.3,True,inf,0.0833,0.5417,120,96,84,42.0,375.0
BCI-IV-2b,3,official,official[0→1],2,1.0,1.0,pruned,0.3,True,inf,0.0667,0.5333,120,18,84,32.0,360.0
BCI-IV-2b,3,official,official[0→1],3,1.0,1.0,pruned,0.3,True,inf,-0.0333,0.4833,120,52,84,34.0,371.0
BCI-IV-2b,3,official,official[0→1],42,1.0,1.0,pruned,0.3,True,inf,-0.1,0.45,120,64,84,42.0,390.0
BCI-IV-2b,3,official,official[0→1],0,1.0,1.0,pruned,0.3,False,inf,0.1333,0.5667,120,16,84,26.0,360.0
BCI-IV-2b,3,official,official[0→1],1,1.0,1.0,pruned,0.3,False,inf,0.1,0.55,120,96,84,36.0,382.0
BCI-IV-2b,3,official,official[0→1],2,1.0,1.0,pruned,0.3,False,inf,0.2167,0.6083,120,18,84,31.0,360.0
BCI-IV-2b,3,official,official[0→1],3,1.0,1.0,pruned,0.3,False,inf,-0.0333,0.4833,120,52,84,35.0,372.0
BCI-IV-2b,3,official,official[0→1],42,1.0,1.0,pruned,0.3,False,inf,-0.0833,0.4583,120,64,84,45.0,404.0
BCI-IV-2b,4,within,within_fold0,0,1.0,1.0,pruned,0.3,True,inf,0.5769,0.7885,52,84,146,56.0,184.0
BCI-IV-2b,4,within,within_fold0,1,1.0,1.0,pruned,0.3,True,inf,-0.1154,0.4423,52,82,146,62.0,191.0
BCI-IV-2b,4,within,within_fold0,2,1.0,1.0,pruned,0.3,True,inf,0.0,0.5,52,90,146,64.0,210.0
BCI-IV-2b,4,within,within_fold0,3,1.0,1.0,pruned,0.3,True,inf,0.2308,0.6154,52,70,146,51.0,186.0
BCI-IV-2b,4,within,within_fold0,42,1.0,1.0,pruned,0.3,True,inf,0.4231,0.7115,52,86,146,60.0,206.0
BCI-IV-2b,4,within,within_fold0,0,1.0,1.0,pruned,0.3,False,inf,0.5769,0.7885,52,84,146,56.0,186.0
BCI-IV-2b,4,within,within_fold0,1,1.0,1.0,pruned,0.3,False,inf,-0.1923,0.4038,52,82,146,48.0,193.0
BCI-IV-2b,4,within,within_fold0,2,1.0,1.0,pruned,0.3,False,inf,0.1538,0.5769,52,90,146,61.0,210.0
BCI-IV-2b,4,within,within_fold0,3,1.0,1.0,pruned,0.3,False,inf,0.2308,0.6154,52,70,146,55.0,188.0
BCI-IV-2b,4,within,within_fold0,42,1.0,1.0,pruned,0.3,False,inf,0.6154,0.8077,52,86,146,61.0,203.0
BCI-IV-2b,4,official,official[0→1],0,1.0,1.0,pruned,0.3,True,inf,-0.0286,0.4857,140,86,84,36.0,432.0
BCI-IV-2b,4,official,official[0→1],1,1.0,1.0,pruned,0.3,True,inf,0.5,0.75,140,84,84,36.0,442.0
BCI-IV-2b,4,official,official[0→1],2,1.0,1.0,pruned,0.3,True,inf,0.5714,0.7857,140,100,84,37.0,431.0
BCI-IV-2b,4,official,official[0→1],3,1.0,1.0,pruned,0.3,True,inf,0.1143,0.5571,140,76,84,33.0,441.0
BCI-IV-2b,4,official,official[0→1],42,1.0,1.0,pruned,0.3,True,inf,0.0714,0.5357,140,86,84,32.0,441.0
BCI-IV-2b,4,official,official[0→1],0,1.0,1.0,pruned,0.3,False,inf,0.4286,0.7143,140,86,84,40.0,426.0
BCI-IV-2b,4,official,official[0→1],1,1.0,1.0,pruned,0.3,False,inf,0.0857,0.5429,140,84,84,29.0,439.0
BCI-IV-2b,4,official,official[0→1],2,1.0,1.0,pruned,0.3,False,inf,0.6286,0.8143,140,100,84,33.0,432.0
BCI-IV-2b,4,official,official[0→1],3,1.0,1.0,pruned,0.3,False,inf,0.5571,0.7786,140,76,84,34.0,441.0
BCI-IV-2b,4,official,official[0→1],42,1.0,1.0,pruned,0.3,False,inf,0.7286,0.8643,140,86,84,33.0,442.0
BCI-IV-2b,5,within,within_fold0,0,1.0,1.0,pruned,0.3,True,inf,-0.1154,0.4423,52,100,146,66.0,197.0
BCI-IV-2b,5,within,within_fold0,1,1.0,1.0,pruned,0.3,True,inf,0.2692,0.6346,52,100,146,79.0,200.0
BCI-IV-2b,5,within,within_fold0,2,1.0,1.0,pruned,0.3,True,inf,0.3846,0.6923,52,74,146,71.0,195.0
BCI-IV-2b,5,within,within_fold0,3,1.0,1.0,pruned,0.3,True,inf,0.1154,0.5577,52,100,146,60.0,202.0
BCI-IV-2b,5,within,within_fold0,42,1.0,1.0,pruned,0.3,True,inf,0.0769,0.5385,52,68,146,61.0,202.0
BCI-IV-2b,5,within,within_fold0,0,1.0,1.0,pruned,0.3,False,inf,0.1538,0.5769,52,100,146,56.0,203.0
BCI-IV-2b,5,within,within_fold0,1,1.0,1.0,pruned,0.3,False,inf,0.1923,0.5962,52,100,146,69.0,189.0
BCI-IV-2b,5,within,within_fold0,2,1.0,1.0,pruned,0.3,False,inf,0.3846,0.6923,52,74,146,59.0,198.0
BCI-IV-2b,5,within,within_fold0,3,1.0,1.0,pruned,0.3,False,inf,0.4615,0.7308,52,100,146,58.0,186.0
BCI-IV-2b,5,within,within_fold0,42,1.0,1.0,pruned,0.3,False,inf,0.2692,0.6346,52,68,146,70.0,207.0
BCI-IV-2b,5,official,official[0→1],0,1.0,1.0,pruned,0.3,True,inf,0.3,0.65,140,100,84,36.0,443.0
BCI-IV-2b,5,official,official[0→1],1,1.0,1.0,pruned,0.3,True,inf,0.3,0.65,140,84,84,39.0,442.0
BCI-IV-2b,5,official,official[0→1],2,1.0,1.0,pruned,0.3,True,inf,0.1714,0.5857,140,46,84,40.0,436.0
BCI-IV-2b,5,official,official[0→1],3,1.0,1.0,pruned,0.3,True,inf,0.1429,0.5714,140,76,84,41.0,458.0
BCI-IV-2b,5,official,official[0→1],42,1.0,1.0,pruned,0.3,True,inf,0.0143,0.5071,140,70,84,36.0,442.0
BCI-IV-2b,5,official,official[0→1],0,1.0,1.0,pruned,0.3,False,inf,0.4286,0.7143,140,100,84,39.0,442.0
BCI-IV-2b,5,official,official[0→1],1,1.0,1.0,pruned,0.3,False,inf,0.2714,0.6357,140,84,84,37.0,445.0
BCI-IV-2b,5,official,official[0→1],2,1.0,1.0,pruned,0.3,False,inf,0.3571,0.6786,140,46,84,39.0,429.0
BCI-IV-2b,5,official,official[0→1],3,1.0,1.0,pruned,0.3,False,inf,0.0429,0.5214,140,76,84,35.0,453.0
BCI-IV-2b,5,official,official[0→1],42,1.0,1.0,pruned,0.3,False,inf,0.3571,0.6786,140,70,84,37.0,438.0
BCI-IV-2b,6,within,within_fold0,0,1.0,1.0,pruned,0.3,True,inf,-0.2917,0.3542,48,78,134,62.0,168.0
BCI-IV-2b,6,within,within_fold0,1,1.0,1.0,pruned,0.3,True,inf,-0.0417,0.4792,48,92,134,53.0,178.0
BCI-IV-2b,6,within,within_fold0,2,1.0,1.0,pruned,0.3,True,inf,0.5417,0.7708,48,80,134,60.0,192.0
BCI-IV-2b,6,within,within_fold0,3,1.0,1.0,pruned,0.3,True,inf,-0.0417,0.4792,48,64,134,73.0,174.0
BCI-IV-2b,6,within,within_fold0,42,1.0,1.0,pruned,0.3,True,inf,0.125,0.5625,48,70,134,62.0,179.0
BCI-IV-2b,6,within,within_fold0,0,1.0,1.0,pruned,0.3,False,inf,0.375,0.6875,48,78,134,70.0,170.0
BCI-IV-2b,6,within,within_fold0,1,1.0,1.0,pruned,0.3,False,inf,0.2917,0.6458,48,92,134,63.0,180.0
BCI-IV-2b,6,within,within_fold0,2,1.0,1.0,pruned,0.3,False,inf,0.4167,0.7083,48,80,134,62.0,183.0
BCI-IV-2b,6,within,within_fold0,3,1.0,1.0,pruned,0.3,False,inf,0.0,0.5,48,64,134,58.0,175.0
BCI-IV-2b,6,within,within_fold0,42,1.0,1.0,pruned,0.3,False,inf,0.2917,0.6458,48,70,134,61.0,183.0
BCI-IV-2b,6,official,official[0→1],0,1.0,1.0,pruned,0.3,True,inf,-0.0333,0.4833,120,80,84,36.0,384.0
BCI-IV-2b,6,official,official[0→1],1,1.0,1.0,pruned,0.3,True,inf,0.0333,0.5167,120,72,84,39.0,396.0
BCI-IV-2b,6,official,official[0→1],2,1.0,1.0,pruned,0.3,True,inf,0.0833,0.5417,120,78,84,37.0,382.0
BCI-IV-2b,6,official,official[0→1],3,1.0,1.0,pruned,0.3,True,inf,0.2167,0.6083,120,80,84,42.0,378.0
BCI-IV-2b,6,official,official[0→1],42,1.0,1.0,pruned,0.3,True,inf,-0.0833,0.4583,120,72,84,37.0,391.0
BCI-IV-2b,6,official,official[0→1],0,1.0,1.0,pruned,0.3,False,inf,0.0833,0.5417,120,80,84,34.0,389.0
BCI-IV-2b,6,official,official[0→1],1,1.0,1.0,pruned,0.3,False,inf,0.1167,0.5583,120,72,84,36.0,389.0
BCI-IV-2b,6,official,official[0→1],2,1.0,1.0,pruned,0.3,False,inf,0.4,0.7,120,78,84,40.0,388.0
BCI-IV-2b,6,official,official[0→1],3,1.0,1.0,pruned,0.3,False,inf,-0.15,0.425,120,80,84,39.0,375.0
BCI-IV-2b,6,official,official[0→1],42,1.0,1.0,pruned,0.3,False,inf,0.1,0.55,120,72,84,27.0,386.0
BCI-IV-2b,7,within,within_fold0,0,1.0,1.0,pruned,0.3,True,inf,0.0833,0.5417,48,88,134,54.0,186.0
BCI-IV-2b,7,within,within_fold0,1,1.0,1.0,pruned,0.3,True,inf,-0.0833,0.4583,48,98,134,59.0,172.0
BCI-IV-2b,7,within,within_fold0,2,1.0,1.0,pruned,0.3,True,inf,0.0833,0.5417,48,62,134,65.0,201.0
BCI-IV-2b,7,within,within_fold0,3,1.0,1.0,pruned,0.3,True,inf,0.1667,0.5833,48,52,134,63.0,182.0
BCI-IV-2b,7,within,within_fold0,42,1.0,1.0,pruned,0.3,True,inf,0.0,0.5,48,98,134,69.0,201.0
BCI-IV-2b,7,within,within_fold0,0,1.0,1.0,pruned,0.3,False,inf,0.0833,0.5417,48,88,134,67.0,182.0
BCI-IV-2b,7,within,within_fold0,1,1.0,1.0,pruned,0.3,False,inf,-0.1667,0.4167,48,98,134,59.0,172.0
BCI-IV-2b,7,within,within_fold0,2,1.0,1.0,pruned,0.3,False,inf,0.0833,0.5417,48,62,134,65.0,193.0
BCI-IV-2b,7,within,within_fold0,3,1.0,1.0,pruned,0.3,False,inf,0.1667,0.5833,48,52,134,58.0,181.0
BCI-IV-2b,7,within,within_fold0,42,1.0,1.0,pruned,0.3,False,inf,0.0417,0.5208,48,98,134,72.0,200.0
BCI-IV-2b,7,official,official[0→1],0,1.0,1.0,pruned,0.3,True,inf,0.1167,0.5583,120,100,84,48.0,379.0
BCI-IV-2b,7,official,official[0→1],1,1.0,1.0,pruned,0.3,True,inf,-0.0167,0.4917,120,96,84,42.0,376.0
BCI-IV-2b,7,official,official[0→1],2,1.0,1.0,pruned,0.3,True,inf,0.2667,0.6333,120,47,84,35.0,373.0
BCI-IV-2b,7,official,official[0→1],3,1.0,1.0,pruned,0.3,True,inf,0.0333,0.5167,120,62,84,40.0,378.0
BCI-IV-2b,7,official,official[0→1],42,1.0,1.0,pruned,0.3,True,inf,0.2167,0.6083,120,40,84,38.0,381.0
BCI-IV-2b,7,official,official[0→1],0,1.0,1.0,pruned,0.3,False,inf,-0.05,0.475,120,100,84,47.0,386.0
BCI-IV-2b,7,official,official[0→1],1,1.0,1.0,pruned,0.3,False,inf,-0.0167,0.4917,120,96,84,39.0,382.0
BCI-IV-2b,7,official,official[0→1],2,1.0,1.0,pruned,0.3,False,inf,0.3333,0.6667,120,47,84,40.0,375.0
BCI-IV-2b,7,official,official[0→1],3,1.0,1.0,pruned,0.3,False,inf,0.4167,0.7083,120,62,84,41.0,377.0
BCI-IV-2b,7,official,official[0→1],42,1.0,1.0,pruned,0.3,False,inf,-0.1,0.45,120,40,84,46.0,380.0
BCI-IV-2b,8,within,within_fold0,0,1.0,1.0,pruned,0.3,True,inf,-0.0357,0.4821,56,44,157,73.0,239.0
BCI-IV-2b,8,within,within_fold0,1,1.0,1.0,pruned,0.3,True,inf,0.0357,0.5179,56,56,157,71.0,212.0
BCI-IV-2b,8,within,within_fold0,2,1.0,1.0,pruned,0.3,True,inf,-0.0714,0.4643,56,62,157,77.0,223.0
BCI-IV-2b,8,within,within_fold0,3,1.0,1.0,pruned,0.3,True,inf,-0.0357,0.4821,56,82,157,71.0,215.0
BCI-IV-2b,8,within,within_fold0,42,1.0,1.0,pruned,0.3,True,inf,0.3571,0.6786,56,48,157,74.0,202.0
BCI-IV-2b,8,within,within_fold0,0,1.0,1.0,pruned,0.3,False,inf,0.0357,0.5179,56,44,157,72.0,218.0
BCI-IV-2b,8,within,within_fold0,1,1.0,1.0,pruned,0.3,False,inf,0.0357,0.5179,56,56,157,76.0,207.0
BCI-IV-2b,8,within,within_fold0,2,1.0,1.0,pruned,0.3,False,inf,0.25,0.625,56,62,157,72.0,208.0
BCI-IV-2b,8,within,within_fold0,3,1.0,1.0,pruned,0.3,False,inf,0.1071,0.5536,56,82,157,65.0,224.0
BCI-IV-2b,8,within,within_fold0,42,1.0,1.0,pruned,0.3,False,inf,0.3571,0.6786,56,48,157,79.0,221.0
BCI-IV-2b,8,official,official[0→1],0,1.0,1.0,pruned,0.3,True,inf,0.1333,0.5667,120,90,112,56.0,391.0
BCI-IV-2b,8,official,official[0→1],1,1.0,1.0,pruned,0.3,True,inf,-0.0333,0.4833,120,78,112,47.0,387.0
BCI-IV-2b,8,official,official[0→1],2,1.0,1.0,pruned,0.3,True,inf,0.05,0.525,120,68,112,57.0,392.0
BCI-IV-2b,8,official,official[0→1],3,1.0,1.0,pruned,0.3,True,inf,-0.0333,0.4833,120,54,112,52.0,373.0
BCI-IV-2b,8,official,official[0→1],42,1.0,1.0,pruned,0.3,True,inf,-0.1833,0.4083,120,64,112,53.0,393.0
BCI-IV-2b,8,official,official[0→1],0,1.0,1.0,pruned,0.3,False,inf,0.0667,0.5333,120,90,112,59.0,392.0
BCI-IV-2b,8,official,official[0→1],1,1.0,1.0,pruned,0.3,False,inf,0.25,0.625,120,78,112,56.0,387.0
BCI-IV-2b,8,official,official[0→1],2,1.0,1.0,pruned,0.3,False,inf,0.0,0.5,120,68,112,59.0,388.0
BCI-IV-2b,8,official,official[0→1],3,1.0,1.0,pruned,0.3,False,inf,-0.1167,0.4417,120,54,112,54.0,369.0
BCI-IV-2b,8,official,official[0→1],42,1.0,1.0,pruned,0.3,False,inf,0.1,0.55,120,64,112,47.0,402.0
BCI-IV-2b,9,within,within_fold0,0,1.0,1.0,pruned,0.3,True,inf,0.4583,0.7292,48,62,134,68.0,184.0
BCI-IV-2b,9,within,within_fold0,1,1.0,1.0,pruned,0.3,True,inf,0.125,0.5625,48,80,134,66.0,204.0
BCI-IV-2b,9,within,within_fold0,2,1.0,1.0,pruned,0.3,True,inf,0.0833,0.5417,48,74,134,67.0,185.0
BCI-IV-2b,9,within,within_fold0,3,1.0,1.0,pruned,0.3,True,inf,0.125,0.5625,48,62,134,65.0,198.0
BCI-IV-2b,9,within,within_fold0,42,1.0,1.0,pruned,0.3,True,inf,0.0833,0.5417,48,94,134,60.0,194.0
BCI-IV-2b,9,within,within_fold0,0,1.0,1.0,pruned,0.3,False,inf,0.25,0.625,48,62,134,75.0,177.0
BCI-IV-2b,9,within,within_fold0,1,1.0,1.0,pruned,0.3,False,inf,0.125,0.5625,48,80,134,61.0,195.0
BCI-IV-2b,9,within,within_fold0,2,1.0,1.0,pruned,0.3,False,inf,0.1667,0.5833,48,74,134,67.0,180.0
BCI-IV-2b,9,within,within_fold0,3,1.0,1.0,pruned,0.3,False,inf,0.0833,0.5417,48,62,134,64.0,199.0
BCI-IV-2b,9,within,within_fold0,42,1.0,1.0,pruned,0.3,False,inf,0.25,0.625,48,94,134,61.0,183.0
BCI-IV-2b,9,official,official[0→1],0,1.0,1.0,pruned,0.3,True,inf,0.1333,0.5667,120,52,84,46.0,373.0
BCI-IV-2b,9,official,official[0→1],1,1.0,1.0,pruned,0.3,True,inf,0.0167,0.5083,120,44,84,28.0,386.0
BCI-IV-2b,9,official,official[0→1],2,1.0,1.0,pruned,0.3,True,inf,0.1333,0.5667,120,96,84,37.0,386.0
BCI-IV-2b,9,official,official[0→1],3,1.0,1.0,pruned,0.3,True,inf,0.0,0.5,120,56,84,36.0,375.0
BCI-IV-2b,9,official,official[0→1],42,1.0,1.0,pruned,0.3,True,inf,0.2167,0.6083,120,52,84,38.0,371.0
BCI-IV-2b,9,official,official[0→1],0,1.0,1.0,pruned,0.3,False,inf,0.1167,0.5583,120,52,84,42.0,377.0
BCI-IV-2b,9,official,official[0→1],1,1.0,1.0,pruned,0.3,False,inf,0.1333,0.5667,120,44,84,33.0,378.0
BCI-IV-2b,9,official,official[0→1],2,1.0,1.0,pruned,0.3,False,inf,-0.0667,0.4667,120,96,84,44.0,391.0
BCI-IV-2b,9,official,official[0→1],3,1.0,1.0,pruned,0.3,False,inf,0.0,0.5,120,56,84,41.0,381.0
BCI-IV-2b,9,official,official[0→1],42,1.0,1.0,pruned,0.3,False,inf,0.0,0.5,120,52,84,42.0,378.0
