dataset,montage,subject,protocol,seed,alpha,calibration_frac,window_size,n_components,n_channels,context,kappa,accuracy,n_test,n_arms_surviving,stream_rounds_run,final_regret,error
COGBCI,full,1,within,0,0.5,0.3,50,4,62,workload,0.85,0.9,60,100,24,5.0,
COGBCI,full,1,within,1,0.5,0.3,50,4,62,workload,0.9,0.9333333333333332,60,100,38,4.0,
COGBCI,full,1,within,2,0.5,0.3,50,4,62,workload,0.8493093344495605,0.9,60,100,24,2.0,
COGBCI,full,1,within,3,0.5,0.3,50,4,62,workload,0.9248747913188649,0.95,60,100,24,2.0,
COGBCI,full,1,within,42,0.5,0.3,50,4,62,workload,0.899874843554443,0.9333333333333332,60,100,24,3.0,
COGBCI,full,2,within,0,0.5,0.3,50,4,62,workload,0.725,0.8166666666666667,60,96,166,19.0,
COGBCI,full,2,within,1,0.5,0.3,50,4,62,workload,0.95,0.9666666666666668,60,100,166,25.0,
COGBCI,full,2,within,2,0.5,0.3,50,4,62,workload,0.875,0.9166666666666666,60,100,166,17.0,
COGBCI,full,2,within,3,0.5,0.3,50,4,62,workload,0.95,0.9666666666666668,60,100,166,15.0,
COGBCI,full,2,within,42,0.5,0.3,50,4,62,workload,0.925,0.95,60,100,166,19.0,
COGBCI,full,3,within,0,0.5,0.3,50,4,62,workload,0.8280998389694042,0.8852459016393442,61,100,27,4.0,
COGBCI,full,3,within,1,0.5,0.3,50,4,62,workload,0.950846091861402,0.9672131147540984,61,100,41,7.0,
COGBCI,full,3,within,2,0.5,0.3,50,4,62,workload,0.8286516853932584,0.8852459016393442,61,100,41,8.0,
COGBCI,full,3,within,3,0.5,0.3,50,4,62,workload,0.950846091861402,0.9672131147540984,61,99,27,2.0,
COGBCI,full,3,within,42,0.5,0.3,50,4,62,workload,0.9753634894991924,0.9836065573770492,61,100,41,5.0,
COGBCI,full,4,within,0,0.5,0.3,50,4,62,workload,0.9,0.9333333333333332,60,100,39,3.0,
COGBCI,full,4,within,1,0.5,0.3,50,4,62,workload,0.875,0.9166666666666666,60,99,54,9.0,
COGBCI,full,4,within,2,0.5,0.3,50,4,62,workload,0.95,0.9666666666666668,60,100,54,14.0,
COGBCI,full,4,within,3,0.5,0.3,50,4,62,workload,0.95,0.9666666666666668,60,98,25,3.0,
COGBCI,full,4,within,42,0.5,0.3,50,4,62,workload,0.975,0.9833333333333332,60,100,39,3.0,
COGBCI,full,5,within,0,0.5,0.3,50,4,62,workload,0.6580645161290323,0.7735849056603774,53,99,25,6.0,
COGBCI,full,5,within,1,0.5,0.3,50,4,62,workload,0.8304904051172708,0.8867924528301887,53,100,25,4.0,
COGBCI,full,5,within,2,0.5,0.3,50,4,62,workload,0.7732620320855614,0.8490566037735849,53,98,25,3.0,
COGBCI,full,5,within,3,0.5,0.3,50,4,62,workload,0.5744111349036403,0.7169811320754716,53,97,25,4.0,
COGBCI,full,5,within,42,0.5,0.3,50,4,62,workload,0.7456,0.8301886792452831,53,87,25,4.0,
COGBCI,full,6,within,0,0.5,0.3,50,4,62,workload,0.5588235294117647,0.7058823529411765,51,93,141,41.0,
COGBCI,full,6,within,1,0.5,0.3,50,4,62,workload,0.6176470588235294,0.7450980392156863,51,100,18,6.0,
COGBCI,full,6,within,2,0.5,0.3,50,4,62,workload,0.5294117647058824,0.6862745098039216,51,92,141,40.0,
COGBCI,full,6,within,3,0.5,0.3,50,4,62,workload,0.4411764705882353,0.6274509803921569,51,96,141,50.0,
COGBCI,full,6,within,42,0.5,0.3,50,4,62,workload,0.6176470588235294,0.7450980392156863,51,95,141,44.0,
COGBCI,full,7,within,0,0.5,0.3,50,4,62,workload,0.9422863485016648,0.9615384615384616,52,100,22,3.0,
COGBCI,full,7,within,1,0.5,0.3,50,4,62,workload,0.424141749723145,0.6153846153846154,52,76,144,25.0,
COGBCI,full,7,within,2,0.5,0.3,50,4,62,workload,0.9422543031649084,0.9615384615384616,52,100,22,3.0,
COGBCI,full,7,within,3,0.5,0.3,50,4,62,workload,0.6244444444444444,0.75,52,97,144,26.0,
COGBCI,full,7,within,42,0.5,0.3,50,4,62,workload,0.9711431742508324,0.9807692307692308,52,100,144,21.0,
COGBCI,full,8,within,0,0.5,0.3,50,4,62,workload,0.8823529411764706,0.9215686274509804,51,94,143,25.0,
COGBCI,full,8,within,1,0.5,0.3,50,4,62,workload,0.9411764705882352,0.9607843137254902,51,100,20,1.0,
COGBCI,full,8,within,2,0.5,0.3,50,4,62,workload,0.9705882352941176,0.9803921568627452,51,100,20,0.0,
COGBCI,full,8,within,3,0.5,0.3,50,4,62,workload,0.6176470588235294,0.7450980392156863,51,91,143,19.0,
COGBCI,full,8,within,42,0.5,0.3,50,4,62,workload,0.8529411764705882,0.9019607843137256,51,100,143,23.0,
COGBCI,full,9,within,0,0.5,0.3,50,4,62,workload,1.0,1.0,52,100,143,16.0,
COGBCI,full,9,within,1,0.5,0.3,50,4,62,workload,0.913477537437604,0.9423076923076924,52,100,35,1.0,
COGBCI,full,9,within,2,0.5,0.3,50,4,62,workload,1.0,1.0,52,96,143,5.0,
COGBCI,full,9,within,3,0.5,0.3,50,4,62,workload,1.0,1.0,52,98,143,14.0,
COGBCI,full,9,within,42,0.5,0.3,50,4,62,workload,1.0,1.0,52,96,143,8.0,
COGBCI,full,10,within,0,0.5,0.3,50,4,62,workload,0.7171824973319103,0.8113207547169812,53,83,147,37.0,
COGBCI,full,10,within,1,0.5,0.3,50,4,62,workload,0.2064171122994653,0.4716981132075472,53,71,147,76.0,
COGBCI,full,10,within,2,0.5,0.3,50,4,62,workload,0.4035369774919614,0.6037735849056604,53,70,147,46.0,
COGBCI,full,10,within,3,0.5,0.3,50,4,62,workload,0.3223228556206713,0.5471698113207547,53,84,147,43.0,
COGBCI,full,10,within,42,0.5,0.3,50,4,62,workload,0.068193926478423,0.3773584905660377,53,86,147,37.0,
COGBCI,full,11,within,0,0.5,0.3,50,4,62,workload,0.923673997412678,0.9491525423728814,59,100,62,10.0,
COGBCI,full,11,within,1,0.5,0.3,50,4,62,workload,0.948561464690497,0.9661016949152542,59,100,91,12.0,
COGBCI,full,11,within,2,0.5,0.3,50,4,62,workload,1.0,1.0,59,97,48,10.0,
COGBCI,full,11,within,3,0.5,0.3,50,4,62,workload,1.0,1.0,59,98,33,2.0,
COGBCI,full,11,within,42,0.5,0.3,50,4,62,workload,0.9490060501296456,0.9661016949152542,59,92,135,15.0,
COGBCI,full,12,within,0,0.5,0.3,50,4,62,workload,0.6452173913043479,0.7647058823529411,51,100,140,31.0,
COGBCI,full,12,within,1,0.5,0.3,50,4,62,workload,0.5345122646891044,0.6862745098039216,51,77,140,36.0,
COGBCI,full,12,within,2,0.5,0.3,50,4,62,workload,0.5020103388856979,0.6666666666666666,51,81,140,44.0,
COGBCI,full,12,within,3,0.5,0.3,50,4,62,workload,0.7065592635212888,0.803921568627451,51,99,17,7.0,
COGBCI,full,12,within,42,0.5,0.3,50,4,62,workload,0.5908309455587393,0.7254901960784313,51,93,140,35.0,
COGBCI,full,13,within,0,0.5,0.3,50,4,62,workload,0.9411764705882352,0.9607843137254902,51,100,19,2.0,
COGBCI,full,13,within,1,0.5,0.3,50,4,62,workload,0.9411764705882352,0.9607843137254902,51,100,33,3.0,
COGBCI,full,13,within,2,0.5,0.3,50,4,62,workload,1.0,1.0,51,100,19,2.0,
COGBCI,full,13,within,3,0.5,0.3,50,4,62,workload,0.9705882352941176,0.9803921568627452,51,100,19,2.0,
COGBCI,full,13,within,42,0.5,0.3,50,4,62,workload,0.9705882352941176,0.9803921568627452,51,100,142,27.0,
COGBCI,full,14,within,0,0.5,0.3,50,4,62,workload,0.3837744533947065,0.5882352941176471,51,95,140,44.0,
COGBCI,full,14,within,1,0.5,0.3,50,4,62,workload,0.7640254482359745,0.8431372549019608,51,100,140,43.0,
COGBCI,full,14,within,2,0.5,0.3,50,4,62,workload,0.4730195177956372,0.6470588235294118,51,100,140,38.0,
COGBCI,full,14,within,3,0.5,0.3,50,4,62,workload,0.6456282570932252,0.7647058823529411,51,84,140,35.0,
COGBCI,full,14,within,42,0.5,0.3,50,4,62,workload,0.588472622478386,0.7254901960784313,51,78,140,39.0,
COGBCI,full,15,within,0,0.5,0.3,50,4,62,workload,0.6660595021250759,0.78,50,95,57,17.0,
COGBCI,full,15,within,1,0.5,0.3,50,4,62,workload,0.8213222156045266,0.88,50,78,138,32.0,
COGBCI,full,15,within,2,0.5,0.3,50,4,62,workload,0.7267759562841529,0.82,50,85,138,43.0,
COGBCI,full,15,within,3,0.5,0.3,50,4,62,workload,0.3570116350275566,0.58,50,70,138,29.0,
COGBCI,full,15,within,42,0.5,0.3,50,4,62,workload,0.8494882600842866,0.9,50,80,57,12.0,
COGBCI,full,16,within,0,0.5,0.3,50,4,62,workload,0.93875,0.9591836734693876,49,99,12,0.0,
COGBCI,full,16,within,1,0.5,0.3,50,4,62,workload,0.663125,0.7755102040816326,49,90,137,23.0,
COGBCI,full,16,within,2,0.5,0.3,50,4,62,workload,0.908125,0.9387755102040816,49,91,137,12.0,
COGBCI,full,16,within,3,0.5,0.3,50,4,62,workload,0.5717852684144819,0.7142857142857143,49,80,137,17.0,
COGBCI,full,16,within,42,0.5,0.3,50,4,62,workload,0.8775,0.9183673469387756,49,100,26,3.0,
COGBCI,full,17,within,0,0.5,0.3,50,4,62,workload,0.448405253283302,0.6326530612244898,49,79,137,28.0,
COGBCI,full,17,within,1,0.5,0.3,50,4,62,workload,1.0,1.0,49,100,137,29.0,
COGBCI,full,17,within,2,0.5,0.3,50,4,62,workload,0.7846829880728186,0.8571428571428571,49,100,41,8.0,
COGBCI,full,17,within,3,0.5,0.3,50,4,62,workload,0.8771929824561403,0.9183673469387756,49,85,137,21.0,
COGBCI,full,17,within,42,0.5,0.3,50,4,62,workload,0.8463949843260188,0.8979591836734694,49,100,41,8.0,
COGBCI,full,18,within,0,0.5,0.3,50,4,62,workload,0.7977777777777777,0.8653846153846154,52,100,35,6.0,
COGBCI,full,18,within,1,0.5,0.3,50,4,62,workload,0.9422222222222222,0.9615384615384616,52,100,35,2.0,
COGBCI,full,18,within,2,0.5,0.3,50,4,62,workload,0.8553948832035595,0.903846153846154,52,100,143,23.0,
COGBCI,full,18,within,3,0.5,0.3,50,4,62,workload,0.7688888888888888,0.8461538461538461,52,100,143,31.0,
COGBCI,full,18,within,42,0.5,0.3,50,4,62,workload,0.8844444444444445,0.9230769230769232,52,100,35,2.0,
COGBCI,full,19,within,0,0.5,0.3,50,4,62,workload,0.97000599880024,0.98,50,100,29,0.0,
COGBCI,full,19,within,1,0.5,0.3,50,4,62,workload,0.9399759903961584,0.96,50,100,15,0.0,
COGBCI,full,19,within,2,0.5,0.3,50,4,62,workload,1.0,1.0,50,100,29,0.0,
COGBCI,full,19,within,3,0.5,0.3,50,4,62,workload,0.9101258238466148,0.94,50,100,29,1.0,
COGBCI,full,19,within,42,0.5,0.3,50,4,62,workload,0.93993993993994,0.96,50,100,44,4.0,
COGBCI,full,20,within,0,0.5,0.3,50,4,62,workload,0.5621064682312535,0.7058823529411765,51,88,49,15.0,
COGBCI,full,20,within,1,0.5,0.3,50,4,62,workload,0.9117647058823528,0.9411764705882352,51,100,143,29.0,
COGBCI,full,20,within,2,0.5,0.3,50,4,62,workload,0.8822170900692841,0.9215686274509804,51,90,34,6.0,
COGBCI,full,20,within,3,0.5,0.3,50,4,62,workload,0.5583140877598152,0.7058823529411765,51,86,34,9.0,
COGBCI,full,20,within,42,0.5,0.3,50,4,62,workload,0.9118155619596542,0.9411764705882352,51,90,34,10.0,
COGBCI,full,21,within,0,0.5,0.3,50,4,62,workload,0.9117647058823528,0.9411764705882352,51,99,31,5.0,
COGBCI,full,21,within,1,0.5,0.3,50,4,62,workload,0.9705882352941176,0.9803921568627452,51,98,46,8.0,
COGBCI,full,21,within,2,0.5,0.3,50,4,62,workload,0.9705882352941176,0.9803921568627452,51,100,17,2.0,
COGBCI,full,21,within,3,0.5,0.3,50,4,62,workload,0.9411764705882352,0.9607843137254902,51,100,140,27.0,
COGBCI,full,21,within,42,0.5,0.3,50,4,62,workload,0.7941176470588236,0.8627450980392157,51,100,31,5.0,
COGBCI,full,22,within,0,0.5,0.3,50,4,62,workload,0.705404112864658,0.8035714285714286,56,100,22,5.0,
COGBCI,full,22,within,1,0.5,0.3,50,4,62,workload,0.8130662851692895,0.875,56,100,37,5.0,
COGBCI,full,22,within,2,0.5,0.3,50,4,62,workload,0.6248803827751196,0.75,56,99,22,5.0,
COGBCI,full,22,within,3,0.5,0.3,50,4,62,workload,0.8125298900047824,0.875,56,100,37,7.0,
COGBCI,full,22,within,42,0.5,0.3,50,4,62,workload,0.8659645763523217,0.9107142857142856,56,100,51,6.0,
COGBCI,full,23,within,0,0.5,0.3,50,4,62,workload,0.8773466833541927,0.9183673469387756,49,100,12,1.0,
COGBCI,full,23,within,1,0.5,0.3,50,4,62,workload,0.4797001873828856,0.6530612244897959,49,100,137,32.0,
COGBCI,full,23,within,2,0.5,0.3,50,4,62,workload,0.8775,0.9183673469387756,49,91,137,31.0,
COGBCI,full,23,within,3,0.5,0.3,50,4,62,workload,0.908125,0.9387755102040816,49,88,137,24.0,
COGBCI,full,23,within,42,0.5,0.3,50,4,62,workload,0.8162499999999999,0.8775510204081632,49,98,137,29.0,
COGBCI,full,24,within,0,0.5,0.3,50,4,62,workload,0.8310308182784272,0.8867924528301887,53,99,148,26.0,
COGBCI,full,24,within,1,0.5,0.3,50,4,62,workload,0.971627408993576,0.981132075471698,53,100,114,20.0,
COGBCI,full,24,within,2,0.5,0.3,50,4,62,workload,0.9431939978563773,0.9622641509433962,53,94,56,13.0,
COGBCI,full,24,within,3,0.5,0.3,50,4,62,workload,0.6845238095238095,0.7924528301886793,53,100,56,17.0,
COGBCI,full,24,within,42,0.5,0.3,50,4,62,workload,0.7424406047516199,0.8301886792452831,53,84,85,16.0,
COGBCI,full,25,within,0,0.5,0.3,50,4,62,workload,0.5951056729699666,0.7307692307692307,52,97,144,29.0,
COGBCI,full,25,within,1,0.5,0.3,50,4,62,workload,0.7695290858725762,0.8461538461538461,52,85,144,46.0,
COGBCI,full,25,within,2,0.5,0.3,50,4,62,workload,0.740432612312812,0.8269230769230769,52,89,144,35.0,
COGBCI,full,25,within,3,0.5,0.3,50,4,62,workload,0.5669072737368129,0.7115384615384616,52,97,144,37.0,
COGBCI,full,25,within,42,0.5,0.3,50,4,62,workload,0.7397107897664071,0.8269230769230769,52,97,51,11.0,
COGBCI,full,26,within,0,0.5,0.3,50,4,62,workload,0.9422222222222222,0.9615384615384616,52,97,143,30.0,
COGBCI,full,26,within,1,0.5,0.3,50,4,62,workload,0.7690172126596335,0.8461538461538461,52,95,79,16.0,
COGBCI,full,26,within,2,0.5,0.3,50,4,62,workload,0.8553144129104062,0.903846153846154,52,88,143,29.0,
COGBCI,full,26,within,3,0.5,0.3,50,4,62,workload,0.7389849414389291,0.8269230769230769,52,86,143,34.0,
COGBCI,full,26,within,42,0.5,0.3,50,4,62,workload,0.7117516629711752,0.8076923076923077,52,100,50,9.0,
COGBCI,full,27,within,0,0.5,0.3,50,4,62,workload,0.448405253283302,0.6326530612244898,49,79,137,28.0,
COGBCI,full,27,within,1,0.5,0.3,50,4,62,workload,1.0,1.0,49,100,137,29.0,
COGBCI,full,27,within,2,0.5,0.3,50,4,62,workload,0.7846829880728186,0.8571428571428571,49,100,41,8.0,
COGBCI,full,27,within,3,0.5,0.3,50,4,62,workload,0.8771929824561403,0.9183673469387756,49,85,137,21.0,
COGBCI,full,27,within,42,0.5,0.3,50,4,62,workload,0.8463949843260188,0.8979591836734694,49,100,41,8.0,
COGBCI,full,28,within,0,0.5,0.3,50,4,62,workload,0.5951056729699666,0.7307692307692307,52,97,144,29.0,
COGBCI,full,28,within,1,0.5,0.3,50,4,62,workload,0.7695290858725762,0.8461538461538461,52,85,144,46.0,
COGBCI,full,28,within,2,0.5,0.3,50,4,62,workload,0.740432612312812,0.8269230769230769,52,89,144,35.0,
COGBCI,full,28,within,3,0.5,0.3,50,4,62,workload,0.5669072737368129,0.7115384615384616,52,97,144,37.0,
COGBCI,full,28,within,42,0.5,0.3,50,4,62,workload,0.7397107897664071,0.8269230769230769,52,97,51,11.0,
COGBCI,full,29,within,0,0.5,0.3,50,4,62,workload,0.9705372616984402,0.9803921568627452,51,100,17,0.0,
COGBCI,full,29,within,1,0.5,0.3,50,4,62,workload,0.9705712637045586,0.9803921568627452,51,100,17,1.0,
COGBCI,full,29,within,2,0.5,0.3,50,4,62,workload,0.9705712637045586,0.9803921568627452,51,100,31,1.0,
COGBCI,full,29,within,3,0.5,0.3,50,4,62,workload,0.9115095430884904,0.9411764705882352,51,100,17,1.0,
COGBCI,full,29,within,42,0.5,0.3,50,4,62,workload,0.9705712637045586,0.9803921568627452,51,100,17,0.0,
COGBCI,nearear,1,within,0,0.5,0.3,50,4,2,workload,0.4703656998738965,0.65,60,78,167,60.0,
COGBCI,nearear,1,within,1,0.5,0.3,50,4,2,workload,0.2376111817026683,0.5,60,34,167,60.0,
COGBCI,nearear,1,within,2,0.5,0.3,50,4,2,workload,0.2899408284023668,0.5333333333333333,60,51,167,78.0,
COGBCI,nearear,1,within,3,0.5,0.3,50,4,2,workload,0.5465994962216625,0.7,60,71,167,60.0,
COGBCI,nearear,1,within,42,0.5,0.3,50,4,2,workload,0.6003330557868443,0.7333333333333333,60,64,167,75.0,
COGBCI,nearear,2,within,0,0.5,0.3,50,4,2,workload,0.425,0.6166666666666667,60,100,166,47.0,
COGBCI,nearear,2,within,1,0.5,0.3,50,4,2,workload,0.4,0.6,60,87,166,74.0,
COGBCI,nearear,2,within,2,0.5,0.3,50,4,2,workload,0.25,0.5,60,83,166,68.0,
COGBCI,nearear,2,within,3,0.5,0.3,50,4,2,workload,0.3,0.5333333333333333,60,98,166,72.0,
COGBCI,nearear,2,within,42,0.5,0.3,50,4,2,workload,0.525,0.6833333333333333,60,100,166,67.0,
COGBCI,nearear,3,within,0,0.5,0.3,50,4,2,workload,0.3650920736589271,0.5737704918032787,61,95,169,66.0,
COGBCI,nearear,3,within,1,0.5,0.3,50,4,2,workload,0.4623397435897436,0.639344262295082,61,62,169,72.0,
COGBCI,nearear,3,within,2,0.5,0.3,50,4,2,workload,0.4115755627009647,0.6065573770491803,61,97,169,72.0,
COGBCI,nearear,3,within,3,0.5,0.3,50,4,2,workload,0.3830906148867313,0.5901639344262295,61,66,169,63.0,
COGBCI,nearear,3,within,42,0.5,0.3,50,4,2,workload,0.3820907617504052,0.5901639344262295,61,92,169,65.0,
COGBCI,nearear,4,within,0,0.5,0.3,50,4,2,workload,0.1999999999999999,0.4666666666666667,60,90,168,89.0,
COGBCI,nearear,4,within,1,0.5,0.3,50,4,2,workload,0.3249999999999999,0.55,60,75,168,85.0,
COGBCI,nearear,4,within,2,0.5,0.3,50,4,2,workload,0.3,0.5333333333333333,60,80,168,89.0,
COGBCI,nearear,4,within,3,0.5,0.3,50,4,2,workload,0.1999999999999999,0.4666666666666667,60,67,168,75.0,
COGBCI,nearear,4,within,42,0.5,0.3,50,4,2,workload,0.175,0.45,60,86,168,93.0,
COGBCI,nearear,5,within,0,0.5,0.3,50,4,2,workload,0.2318840579710145,0.490566037735849,53,56,146,73.0,
COGBCI,nearear,5,within,1,0.5,0.3,50,4,2,workload,0.3526287838555495,0.5660377358490566,53,67,146,77.0,
COGBCI,nearear,5,within,2,0.5,0.3,50,4,2,workload,0.2910647405029427,0.5283018867924528,53,91,146,79.0,
COGBCI,nearear,5,within,3,0.5,0.3,50,4,2,workload,0.2857142857142857,0.5283018867924528,53,51,146,60.0,
COGBCI,nearear,5,within,42,0.5,0.3,50,4,2,workload,0.2910647405029427,0.5283018867924528,53,63,146,79.0,
COGBCI,nearear,6,within,0,0.5,0.3,50,4,2,workload,0.2058823529411765,0.4705882352941176,51,81,141,35.0,
COGBCI,nearear,6,within,1,0.5,0.3,50,4,2,workload,0.2058823529411765,0.4705882352941176,51,84,141,64.0,
COGBCI,nearear,6,within,2,0.5,0.3,50,4,2,workload,0.0588235294117647,0.3725490196078431,51,52,141,53.0,
COGBCI,nearear,6,within,3,0.5,0.3,50,4,2,workload,0.2352941176470588,0.4901960784313725,51,94,141,50.0,
COGBCI,nearear,6,within,42,0.5,0.3,50,4,2,workload,0.3529411764705882,0.5686274509803921,51,90,141,43.0,
COGBCI,nearear,7,within,0,0.5,0.3,50,4,2,workload,0.5072463768115942,0.6730769230769231,52,91,144,48.0,
COGBCI,nearear,7,within,1,0.5,0.3,50,4,2,workload,0.5398230088495576,0.6923076923076923,52,89,144,38.0,
COGBCI,nearear,7,within,2,0.5,0.3,50,4,2,workload,0.710789766407119,0.8076923076923077,52,87,144,27.0,
COGBCI,nearear,7,within,3,0.5,0.3,50,4,2,workload,0.7688888888888888,0.8461538461538461,52,96,144,31.0,
COGBCI,nearear,7,within,42,0.5,0.3,50,4,2,workload,0.6823986674069962,0.7884615384615384,52,90,144,31.0,
COGBCI,nearear,8,within,0,0.5,0.3,50,4,2,workload,0.2352941176470588,0.4901960784313725,51,82,143,86.0,
COGBCI,nearear,8,within,1,0.5,0.3,50,4,2,workload,0.4411764705882353,0.6274509803921569,51,68,143,58.0,
COGBCI,nearear,8,within,2,0.5,0.3,50,4,2,workload,0.2941176470588235,0.5294117647058824,51,67,143,67.0,
COGBCI,nearear,8,within,3,0.5,0.3,50,4,2,workload,0.1470588235294118,0.4313725490196078,51,52,143,76.0,
COGBCI,nearear,8,within,42,0.5,0.3,50,4,2,workload,0.3235294117647058,0.5490196078431373,51,82,143,55.0,
COGBCI,nearear,9,within,0,0.5,0.3,50,4,2,workload,0.5914702581369249,0.7307692307692307,52,83,143,48.0,
COGBCI,nearear,9,within,1,0.5,0.3,50,4,2,workload,0.4759238521836506,0.6538461538461539,52,83,143,55.0,
COGBCI,nearear,9,within,2,0.5,0.3,50,4,2,workload,0.4820143884892086,0.6538461538461539,52,96,143,65.0,
COGBCI,nearear,9,within,3,0.5,0.3,50,4,2,workload,0.4802887284841755,0.6538461538461539,52,97,143,37.0,
COGBCI,nearear,9,within,42,0.5,0.3,50,4,2,workload,0.3307218802462227,0.5576923076923077,52,85,143,49.0,
COGBCI,nearear,10,within,0,0.5,0.3,50,4,2,workload,0.1846153846153846,0.4528301886792453,53,89,147,54.0,
COGBCI,nearear,10,within,1,0.5,0.3,50,4,2,workload,0.3758029978586723,0.5849056603773585,53,56,147,85.0,
COGBCI,nearear,10,within,2,0.5,0.3,50,4,2,workload,0.2310585706609349,0.490566037735849,53,53,147,76.0,
COGBCI,nearear,10,within,3,0.5,0.3,50,4,2,workload,0.2937100213219616,0.5283018867924528,53,81,147,79.0,
COGBCI,nearear,10,within,42,0.5,0.3,50,4,2,workload,0.2047159699892818,0.4716981132075472,53,89,147,75.0,
COGBCI,nearear,11,within,0,0.5,0.3,50,4,2,workload,-0.0825688073394497,0.288135593220339,59,84,163,105.0,
COGBCI,nearear,11,within,1,0.5,0.3,50,4,2,workload,0.0615320217664295,0.3559322033898305,59,65,163,99.0,
COGBCI,nearear,11,within,2,0.5,0.3,50,4,2,workload,-0.1217745586238119,0.288135593220339,59,23,163,79.0,
COGBCI,nearear,11,within,3,0.5,0.3,50,4,2,workload,0.0117700316885468,0.3728813559322034,59,32,163,71.0,
COGBCI,nearear,11,within,42,0.5,0.3,50,4,2,workload,0.0098967297762477,0.3389830508474576,59,11,163,87.0,
COGBCI,nearear,12,within,0,0.5,0.3,50,4,2,workload,0.5288683602771362,0.6862745098039216,51,100,140,44.0,
COGBCI,nearear,12,within,1,0.5,0.3,50,4,2,workload,0.5572916666666667,0.7058823529411765,51,94,140,39.0,
COGBCI,nearear,12,within,2,0.5,0.3,50,4,2,workload,0.6764705882352942,0.7843137254901961,51,96,140,48.0,
COGBCI,nearear,12,within,3,0.5,0.3,50,4,2,workload,0.734375,0.8235294117647058,51,83,140,45.0,
COGBCI,nearear,12,within,42,0.5,0.3,50,4,2,workload,0.5,0.6666666666666666,51,96,140,38.0,
COGBCI,nearear,13,within,0,0.5,0.3,50,4,2,workload,0.5,0.6666666666666666,51,97,142,52.0,
COGBCI,nearear,13,within,1,0.5,0.3,50,4,2,workload,0.4705882352941176,0.6470588235294118,51,93,142,56.0,
COGBCI,nearear,13,within,2,0.5,0.3,50,4,2,workload,0.4705882352941176,0.6470588235294118,51,95,142,54.0,
COGBCI,nearear,13,within,3,0.5,0.3,50,4,2,workload,0.4705882352941176,0.6470588235294118,51,63,142,61.0,
COGBCI,nearear,13,within,42,0.5,0.3,50,4,2,workload,0.6764705882352942,0.7843137254901961,51,100,142,51.0,
COGBCI,nearear,14,within,0,0.5,0.3,50,4,2,workload,0.356651376146789,0.5686274509803921,51,90,140,53.0,
COGBCI,nearear,14,within,1,0.5,0.3,50,4,2,workload,0.388,0.5882352941176471,51,86,140,69.0,
COGBCI,nearear,14,within,2,0.5,0.3,50,4,2,workload,0.3809248554913295,0.5882352941176471,51,100,140,59.0,
COGBCI,nearear,14,within,3,0.5,0.3,50,4,2,workload,0.3469150174621653,0.5686274509803921,51,95,140,64.0,
COGBCI,nearear,14,within,42,0.5,0.3,50,4,2,workload,0.3227482678983834,0.5490196078431373,51,93,140,70.0,
COGBCI,nearear,15,within,0,0.5,0.3,50,4,2,workload,0.05140758873929,0.38,50,72,138,80.0,
COGBCI,nearear,15,within,1,0.5,0.3,50,4,2,workload,0.3255131964809384,0.54,50,60,138,86.0,
COGBCI,nearear,15,within,2,0.5,0.3,50,4,2,workload,0.1743119266055046,0.46,50,70,138,75.0,
COGBCI,nearear,15,within,3,0.5,0.3,50,4,2,workload,0.139520590043024,0.44,50,62,138,72.0,
COGBCI,nearear,15,within,42,0.5,0.3,50,4,2,workload,0.1082045184304399,0.4,50,43,138,77.0,
COGBCI,nearear,16,within,0,0.5,0.3,50,4,2,workload,0.448405253283302,0.6326530612244898,49,61,137,70.0,
COGBCI,nearear,16,within,1,0.5,0.3,50,4,2,workload,0.1381909547738694,0.4285714285714285,49,82,137,70.0,
COGBCI,nearear,16,within,2,0.5,0.3,50,4,2,workload,0.4195760598503741,0.6122448979591837,49,57,137,54.0,
COGBCI,nearear,16,within,3,0.5,0.3,50,4,2,workload,0.2617702448210922,0.5102040816326531,49,63,137,64.0,
COGBCI,nearear,16,within,42,0.5,0.3,50,4,2,workload,0.448405253283302,0.6326530612244898,49,60,137,71.0,
COGBCI,nearear,17,within,0,0.5,0.3,50,4,2,workload,0.0303030303030302,0.3469387755102041,49,75,137,63.0,
COGBCI,nearear,17,within,1,0.5,0.3,50,4,2,workload,0.172607879924953,0.4489795918367347,49,100,137,69.0,
COGBCI,nearear,17,within,2,0.5,0.3,50,4,2,workload,0.2300439974858579,0.4897959183673469,49,94,137,59.0,
COGBCI,nearear,17,within,3,0.5,0.3,50,4,2,workload,0.2654590880699562,0.5102040816326531,49,46,137,72.0,
COGBCI,nearear,17,within,42,0.5,0.3,50,4,2,workload,0.2032520325203252,0.4693877551020408,49,95,137,65.0,
COGBCI,nearear,18,within,0,0.5,0.3,50,4,2,workload,0.4215795328142381,0.6153846153846154,52,98,143,39.0,
COGBCI,nearear,18,within,1,0.5,0.3,50,4,2,workload,0.6825749167591565,0.7884615384615384,52,100,143,45.0,
COGBCI,nearear,18,within,2,0.5,0.3,50,4,2,workload,0.711111111111111,0.8076923076923077,52,93,143,41.0,
COGBCI,nearear,18,within,3,0.5,0.3,50,4,2,workload,0.74,0.8269230769230769,52,100,143,36.0,
COGBCI,nearear,18,within,42,0.5,0.3,50,4,2,workload,0.7688888888888888,0.8461538461538461,52,88,143,34.0,
COGBCI,nearear,19,within,0,0.5,0.3,50,4,2,workload,0.5206710605152787,0.68,50,100,139,44.0,
COGBCI,nearear,19,within,1,0.5,0.3,50,4,2,workload,0.6407185628742516,0.76,50,100,139,45.0,
COGBCI,nearear,19,within,2,0.5,0.3,50,4,2,workload,0.4901019796040792,0.66,50,100,139,40.0,
COGBCI,nearear,19,within,3,0.5,0.3,50,4,2,workload,0.5500899820035994,0.7,50,100,139,43.0,
COGBCI,nearear,19,within,42,0.5,0.3,50,4,2,workload,0.5215311004784688,0.68,50,97,139,45.0,
COGBCI,nearear,20,within,0,0.5,0.3,50,4,2,workload,0.0277296360485267,0.3529411764705882,51,58,143,52.0,
COGBCI,nearear,20,within,1,0.5,0.3,50,4,2,workload,0.0310880829015545,0.3529411764705882,51,100,143,82.0,
COGBCI,nearear,20,within,2,0.5,0.3,50,4,2,workload,0.2326388888888889,0.4901960784313725,51,75,143,69.0,
COGBCI,nearear,20,within,3,0.5,0.3,50,4,2,workload,0.3469150174621653,0.5686274509803921,51,56,143,36.0,
COGBCI,nearear,20,within,42,0.5,0.3,50,4,2,workload,0.2330827067669172,0.4901960784313725,51,54,143,56.0,
COGBCI,nearear,21,within,0,0.5,0.3,50,4,2,workload,0.4705882352941176,0.6470588235294118,51,56,140,73.0,
COGBCI,nearear,21,within,1,0.5,0.3,50,4,2,workload,0.2941176470588235,0.5294117647058824,51,55,140,72.0,
COGBCI,nearear,21,within,2,0.5,0.3,50,4,2,workload,0.2058823529411765,0.4705882352941176,51,95,140,73.0,
COGBCI,nearear,21,within,3,0.5,0.3,50,4,2,workload,0.1470588235294118,0.4313725490196078,51,62,140,73.0,
COGBCI,nearear,21,within,42,0.5,0.3,50,4,2,workload,0.4117647058823529,0.6078431372549019,51,85,140,71.0,
COGBCI,nearear,22,within,0,0.5,0.3,50,4,2,workload,0.1938579654510557,0.4642857142857143,56,100,155,77.0,
COGBCI,nearear,22,within,1,0.5,0.3,50,4,2,workload,0.1454458750596089,0.4285714285714285,56,86,155,87.0,
COGBCI,nearear,22,within,2,0.5,0.3,50,4,2,workload,0.2508361204013378,0.5,56,87,155,94.0,
COGBCI,nearear,22,within,3,0.5,0.3,50,4,2,workload,0.2177263969171484,0.4821428571428571,56,90,155,65.0,
COGBCI,nearear,22,within,42,0.5,0.3,50,4,2,workload,0.1665866538646182,0.4464285714285714,56,65,155,67.0,
COGBCI,nearear,23,within,0,0.5,0.3,50,4,2,workload,0.3882646691635455,0.5918367346938775,49,71,137,60.0,
COGBCI,nearear,23,within,1,0.5,0.3,50,4,2,workload,0.3241379310344828,0.5510204081632653,49,100,137,49.0,
COGBCI,nearear,23,within,2,0.5,0.3,50,4,2,workload,0.542910447761194,0.6938775510204082,49,100,137,56.0,
COGBCI,nearear,23,within,3,0.5,0.3,50,4,2,workload,0.5394736842105263,0.6938775510204082,49,86,137,44.0,
COGBCI,nearear,23,within,42,0.5,0.3,50,4,2,workload,0.1787709497206704,0.4489795918367347,49,96,137,58.0,
COGBCI,nearear,24,within,0,0.5,0.3,50,4,2,workload,-0.0203208556149734,0.320754716981132,53,92,148,69.0,
COGBCI,nearear,24,within,1,0.5,0.3,50,4,2,workload,0.2876344086021506,0.5283018867924528,53,100,148,82.0,
COGBCI,nearear,24,within,2,0.5,0.3,50,4,2,workload,0.1569459172852598,0.4339622641509434,53,56,148,71.0,
COGBCI,nearear,24,within,3,0.5,0.3,50,4,2,workload,0.1460794844253491,0.4339622641509434,53,91,148,76.0,
COGBCI,nearear,24,within,42,0.5,0.3,50,4,2,workload,-0.03470715835141,0.320754716981132,53,37,148,77.0,
COGBCI,nearear,25,within,0,0.5,0.3,50,4,2,workload,0.2191323692992214,0.4807692307692308,52,94,144,70.0,
COGBCI,nearear,25,within,1,0.5,0.3,50,4,2,workload,0.281370923161968,0.5192307692307693,52,92,144,89.0,
COGBCI,nearear,25,within,2,0.5,0.3,50,4,2,workload,0.308970099667774,0.5384615384615384,52,87,144,72.0,
COGBCI,nearear,25,within,3,0.5,0.3,50,4,2,workload,0.2417274256870443,0.5,52,58,144,69.0,
COGBCI,nearear,25,within,42,0.5,0.3,50,4,2,workload,0.3070516379789006,0.5384615384615384,52,79,144,66.0,
COGBCI,nearear,26,within,0,0.5,0.3,50,4,2,workload,0.220865704772475,0.4807692307692308,52,81,143,71.0,
COGBCI,nearear,26,within,1,0.5,0.3,50,4,2,workload,0.1069252077562328,0.4038461538461538,52,90,143,67.0,
COGBCI,nearear,26,within,2,0.5,0.3,50,4,2,workload,0.3074361820199779,0.5384615384615384,52,99,143,64.0,
COGBCI,nearear,26,within,3,0.5,0.3,50,4,2,workload,0.1304347826086956,0.4230769230769231,52,100,143,68.0,
COGBCI,nearear,26,within,42,0.5,0.3,50,4,2,workload,0.2234513274336284,0.4807692307692308,52,96,143,68.0,
COGBCI,nearear,27,within,0,0.5,0.3,50,4,2,workload,0.0303030303030302,0.3469387755102041,49,75,137,63.0,
COGBCI,nearear,27,within,1,0.5,0.3,50,4,2,workload,0.172607879924953,0.4489795918367347,49,100,137,69.0,
COGBCI,nearear,27,within,2,0.5,0.3,50,4,2,workload,0.2300439974858579,0.4897959183673469,49,94,137,59.0,
COGBCI,nearear,27,within,3,0.5,0.3,50,4,2,workload,0.2654590880699562,0.5102040816326531,49,46,137,72.0,
COGBCI,nearear,27,within,42,0.5,0.3,50,4,2,workload,0.2032520325203252,0.4693877551020408,49,95,137,65.0,
COGBCI,nearear,28,within,0,0.5,0.3,50,4,2,workload,0.2191323692992214,0.4807692307692308,52,94,144,70.0,
COGBCI,nearear,28,within,1,0.5,0.3,50,4,2,workload,0.281370923161968,0.5192307692307693,52,92,144,89.0,
COGBCI,nearear,28,within,2,0.5,0.3,50,4,2,workload,0.308970099667774,0.5384615384615384,52,87,144,72.0,
COGBCI,nearear,28,within,3,0.5,0.3,50,4,2,workload,0.2417274256870443,0.5,52,58,144,69.0,
COGBCI,nearear,28,within,42,0.5,0.3,50,4,2,workload,0.3070516379789006,0.5384615384615384,52,79,144,66.0,
COGBCI,nearear,29,within,0,0.5,0.3,50,4,2,workload,0.133567662565905,0.4313725490196078,51,82,140,82.0,
COGBCI,nearear,29,within,1,0.5,0.3,50,4,2,workload,0.1063084112149531,0.4117647058823529,51,97,140,74.0,
COGBCI,nearear,29,within,2,0.5,0.3,50,4,2,workload,0.183066361556064,0.4509803921568627,51,50,140,59.0,
COGBCI,nearear,29,within,3,0.5,0.3,50,4,2,workload,0.2383687535898909,0.4901960784313725,51,100,140,72.0,
COGBCI,nearear,29,within,42,0.5,0.3,50,4,2,workload,0.2063400576368875,0.4705882352941176,51,98,140,67.0,
UAB,full,1,within,0,0.5,0.3,50,4,14,workload,0.8978987622846334,0.9319371727748691,191,100,532,38.0,
UAB,full,1,within,1,0.5,0.3,50,4,14,workload,0.8585999835485728,0.9057591623036649,191,100,532,35.0,
UAB,full,1,within,2,0.5,0.3,50,4,14,workload,0.960727063371304,0.9738219895287958,191,100,532,47.0,
UAB,full,1,within,3,0.5,0.3,50,4,14,workload,0.7249650292108945,0.8167539267015707,191,100,532,45.0,
UAB,full,1,within,42,0.5,0.3,50,4,14,workload,0.9528666611828576,0.9685863874345549,191,100,532,38.0,
UAB,full,2,within,0,0.5,0.3,50,4,14,workload,0.7527365294866355,0.8351063829787234,188,100,526,106.0,
UAB,full,2,within,1,0.5,0.3,50,4,14,workload,0.7526945599592634,0.8351063829787234,188,100,526,97.0,
UAB,full,2,within,2,0.5,0.3,50,4,14,workload,0.7685613618032856,0.8457446808510638,188,100,526,93.0,
UAB,full,2,within,3,0.5,0.3,50,4,14,workload,0.7367170259718214,0.824468085106383,188,100,526,100.0,
UAB,full,2,within,42,0.5,0.3,50,4,14,workload,0.8324491787972669,0.8882978723404256,188,100,526,103.0,
UAB,full,3,within,0,0.5,0.3,50,4,14,workload,0.8967647058823529,0.9312169312169312,189,100,527,78.0,
UAB,full,3,within,1,0.5,0.3,50,4,14,workload,0.7063738663083641,0.8042328042328042,189,100,527,60.0,
UAB,full,3,within,2,0.5,0.3,50,4,14,workload,0.8888235294117647,0.9259259259259259,189,100,527,69.0,
UAB,full,3,within,3,0.5,0.3,50,4,14,workload,0.8570648292088567,0.9047619047619048,189,100,527,62.0,
UAB,full,3,within,42,0.5,0.3,50,4,14,workload,0.8016206230581913,0.8677248677248677,189,100,527,68.0,
UAB,full,4,within,0,0.5,0.3,50,4,14,workload,0.9381377551020408,0.9587628865979382,194,100,543,27.0,
UAB,full,4,within,1,0.5,0.3,50,4,14,workload,0.8376504343667809,0.8917525773195877,194,100,543,36.0,
UAB,full,4,within,2,0.5,0.3,50,4,14,workload,0.8608099489795918,0.9072164948453608,194,100,543,52.0,
UAB,full,4,within,3,0.5,0.3,50,4,14,workload,0.9303994259746472,0.9536082474226805,194,100,543,39.0,
UAB,full,4,within,42,0.5,0.3,50,4,14,workload,0.9226721938775511,0.9484536082474226,194,100,543,42.0,
UAB,full,5,within,0,0.5,0.3,50,4,14,workload,0.6388226588834991,0.7591623036649214,191,100,535,103.0,
UAB,full,5,within,1,0.5,0.3,50,4,14,workload,0.654611211573237,0.7696335078534031,191,100,535,110.0,
UAB,full,5,within,2,0.5,0.3,50,4,14,workload,0.7644301924025654,0.8429319371727748,191,100,296,60.0,
UAB,full,5,within,3,0.5,0.3,50,4,14,workload,0.7328671328671329,0.8219895287958116,191,100,535,105.0,
UAB,full,5,within,42,0.5,0.3,50,4,14,workload,0.6935576764851078,0.7958115183246073,191,100,291,58.0,
UAB,full,6,within,0,0.5,0.3,50,4,14,workload,0.8533893851812927,0.9032258064516129,186,100,520,48.0,
UAB,full,6,within,1,0.5,0.3,50,4,14,workload,0.8607293868921776,0.9086021505376344,186,100,520,60.0,
UAB,full,6,within,2,0.5,0.3,50,4,14,workload,0.7973591319126683,0.8655913978494624,186,100,520,55.0,
UAB,full,6,within,3,0.5,0.3,50,4,14,workload,0.9102159031068984,0.9408602150537635,186,100,520,37.0,
UAB,full,6,within,42,0.5,0.3,50,4,14,workload,0.7945114675858411,0.8655913978494624,186,100,520,39.0,
UAB,full,7,within,0,0.5,0.3,50,4,14,workload,0.6351404654424333,0.7567567567567568,185,100,515,103.0,
UAB,full,7,within,1,0.5,0.3,50,4,14,workload,0.5783106123701398,0.7189189189189189,185,100,515,119.0,
UAB,full,7,within,2,0.5,0.3,50,4,14,workload,0.7001752080595708,0.8,185,100,515,128.0,
UAB,full,7,within,3,0.5,0.3,50,4,14,workload,0.6837884033834422,0.7891891891891892,185,100,515,131.0,
UAB,full,7,within,42,0.5,0.3,50,4,14,workload,0.6918288620024549,0.7945945945945946,185,100,515,119.0,
UAB,full,8,within,0,0.5,0.3,50,4,14,workload,0.8951749252178437,0.9301075268817204,186,100,521,53.0,
UAB,full,8,within,1,0.5,0.3,50,4,14,workload,0.9193723178291213,0.946236559139785,186,100,521,49.0,
UAB,full,8,within,2,0.5,0.3,50,4,14,workload,0.9274287943815841,0.9516129032258065,186,100,521,52.0,
UAB,full,8,within,3,0.5,0.3,50,4,14,workload,0.9354698816080489,0.956989247311828,186,100,521,48.0,
UAB,full,8,within,42,0.5,0.3,50,4,14,workload,0.7904134523706337,0.8602150537634409,186,100,521,45.0,
UAB,full,9,within,0,0.5,0.3,50,4,14,workload,0.6186570764440156,0.745945945945946,185,100,517,123.0,
UAB,full,9,within,1,0.5,0.3,50,4,14,workload,0.5131365410763631,0.6756756756756757,185,100,517,137.0,
UAB,full,9,within,2,0.5,0.3,50,4,14,workload,0.5539041606383446,0.7027027027027027,185,100,517,146.0,
UAB,full,9,within,3,0.5,0.3,50,4,14,workload,0.5537867824409068,0.7027027027027027,185,100,517,121.0,
UAB,full,9,within,42,0.5,0.3,50,4,14,workload,0.6430920331477178,0.7621621621621621,185,100,517,141.0,
UAB,full,10,within,0,0.5,0.3,50,4,14,workload,0.8508446641944788,0.9005524861878453,181,100,505,94.0,
UAB,full,10,within,1,0.5,0.3,50,4,14,workload,0.7513850098438716,0.8342541436464088,181,100,505,105.0,
UAB,full,10,within,2,0.5,0.3,50,4,14,workload,0.7181072786404654,0.8121546961325967,181,100,505,88.0,
UAB,full,10,within,3,0.5,0.3,50,4,14,workload,0.7680230695289971,0.8453038674033149,181,100,505,88.0,
UAB,full,10,within,42,0.5,0.3,50,4,14,workload,0.652098302137202,0.7679558011049724,181,100,505,87.0,
UAB,full,11,within,0,0.5,0.3,50,4,14,workload,0.9214670449405863,0.9476439790575916,191,100,533,37.0,
UAB,full,11,within,1,0.5,0.3,50,4,14,workload,0.890062903424742,0.9267015706806283,191,100,533,42.0,
UAB,full,11,within,2,0.5,0.3,50,4,14,workload,0.8743162656796216,0.9162303664921466,191,100,533,33.0,
UAB,full,11,within,3,0.5,0.3,50,4,14,workload,0.8586174281366945,0.9057591623036649,191,100,533,37.0,
UAB,full,11,within,42,0.5,0.3,50,4,14,workload,0.8979239465570401,0.9319371727748691,191,100,533,35.0,
UAB,full,12,within,0,0.5,0.3,50,4,14,workload,0.9526401063520419,0.968421052631579,190,100,311,28.0,
UAB,full,12,within,1,0.5,0.3,50,4,14,workload,0.960517019242758,0.9736842105263158,190,100,531,51.0,
UAB,full,12,within,2,0.5,0.3,50,4,14,workload,0.9446916455275086,0.9631578947368421,190,100,531,55.0,
UAB,full,12,within,3,0.5,0.3,50,4,14,workload,0.9762983907854796,0.9842105263157894,190,100,531,49.0,
UAB,full,12,within,42,0.5,0.3,50,4,14,workload,0.731749854663234,0.8210526315789474,190,100,531,51.0,
UAB,full,13,within,0,0.5,0.3,50,4,14,workload,0.6884772263766146,0.7925531914893617,188,100,526,87.0,
UAB,full,13,within,1,0.5,0.3,50,4,14,workload,0.6961422312959891,0.7978723404255319,188,100,526,140.0,
UAB,full,13,within,2,0.5,0.3,50,4,14,workload,0.8086595140155209,0.8723404255319149,188,100,526,95.0,
UAB,full,13,within,3,0.5,0.3,50,4,14,workload,0.6799455226421518,0.7872340425531915,188,100,526,123.0,
UAB,full,13,within,42,0.5,0.3,50,4,14,workload,0.6888077755613089,0.7925531914893617,188,100,379,73.0,
UAB,full,14,within,0,0.5,0.3,50,4,14,workload,0.6466307610080992,0.7643979057591623,191,100,524,157.0,
UAB,full,14,within,1,0.5,0.3,50,4,14,workload,0.5916286336910489,0.7277486910994765,191,100,532,180.0,
UAB,full,14,within,2,0.5,0.3,50,4,14,workload,0.48125591539442825,0.6544502617801047,191,100,532,177.0,
UAB,full,14,within,3,0.5,0.3,50,4,14,workload,0.6465290343806547,0.7643979057591623,191,100,330,109.0,
UAB,full,14,within,42,0.5,0.3,50,4,14,workload,0.5444151998683995,0.6963350785340314,191,100,532,177.0,
UAB,full,15,within,0,0.5,0.3,50,4,14,workload,0.615047218368169,0.7431693989071039,183,100,511,104.0,
UAB,full,15,within,1,0.5,0.3,50,4,14,workload,0.4999328047305469,0.6666666666666666,183,100,511,101.0,
UAB,full,15,within,2,0.5,0.3,50,4,14,workload,0.6968706630254734,0.7978142076502732,183,100,511,101.0,
UAB,full,15,within,3,0.5,0.3,50,4,14,workload,0.680327868852459,0.7868852459016393,183,100,511,97.0,
UAB,full,15,within,42,0.5,0.3,50,4,14,workload,0.9344086021505377,0.9562841530054644,183,100,511,105.0,
UAB,full,16,within,0,0.5,0.3,50,4,14,workload,0.8082936777702243,0.8723404255319149,188,100,526,40.0,
UAB,full,16,within,1,0.5,0.3,50,4,14,workload,0.8402039949001275,0.8936170212765957,188,100,526,58.0,
UAB,full,16,within,2,0.5,0.3,50,4,14,workload,0.8483999660470248,0.898936170212766,188,100,526,51.0,
UAB,full,16,within,3,0.5,0.3,50,4,14,workload,0.8723042961453558,0.9148936170212766,188,100,526,66.0,
UAB,full,16,within,42,0.5,0.3,50,4,14,workload,0.8243885869565217,0.8829787234042553,188,100,526,51.0,
UAB,nearear,1,within,0,0.5,0.3,50,4,2,workload,0.25304627037707894,0.5026178010471204,191,100,532,211.0,
UAB,nearear,1,within,1,0.5,0.3,50,4,2,workload,0.45026931458410424,0.6335078534031413,191,100,532,202.0,
UAB,nearear,1,within,2,0.5,0.3,50,4,2,workload,0.35700796452910744,0.5706806282722513,191,100,532,232.0,
UAB,nearear,1,within,3,0.5,0.3,50,4,2,workload,0.4654044041983947,0.643979057591623,191,100,532,187.0,
UAB,nearear,1,within,42,0.5,0.3,50,4,2,workload,0.4650080322939407,0.643979057591623,191,100,532,211.0,
UAB,nearear,2,within,0,0.5,0.3,50,4,2,workload,0.322192059721751,0.5478723404255319,188,100,526,206.0,
UAB,nearear,2,within,1,0.5,0.3,50,4,2,workload,0.36880577985550367,0.5797872340425532,188,100,526,201.0,
UAB,nearear,2,within,2,0.5,0.3,50,4,2,workload,0.30040595399188086,0.5319148936170213,188,100,526,230.0,
UAB,nearear,2,within,3,0.5,0.3,50,4,2,workload,0.4580295065287434,0.6382978723404256,188,100,526,182.0,
UAB,nearear,2,within,42,0.5,0.3,50,4,2,workload,0.32996732996733,0.5531914893617021,188,100,526,221.0,
UAB,nearear,3,within,0,0.5,0.3,50,4,2,workload,0.6582565913964931,0.7724867724867724,189,100,527,153.0,
UAB,nearear,3,within,1,0.5,0.3,50,4,2,workload,0.3336691009821203,0.5555555555555556,189,100,527,185.0,
UAB,nearear,3,within,2,0.5,0.3,50,4,2,workload,0.4440008405127128,0.6296296296296297,189,100,527,190.0,
UAB,nearear,3,within,3,0.5,0.3,50,4,2,workload,0.5789761264290518,0.7195767195767195,189,100,527,192.0,
UAB,nearear,3,within,42,0.5,0.3,50,4,2,workload,0.5953400503778338,0.7301587301587301,189,98,527,168.0,
UAB,nearear,4,within,0,0.5,0.3,50,4,2,workload,0.4213791457885947,0.6134020618556701,194,100,543,224.0,
UAB,nearear,4,within,1,0.5,0.3,50,4,2,workload,0.4202725316758308,0.6134020618556701,194,100,543,213.0,
UAB,nearear,4,within,2,0.5,0.3,50,4,2,workload,0.4825224938291265,0.654639175257732,194,100,543,202.0,
UAB,nearear,4,within,3,0.5,0.3,50,4,2,workload,0.26456504389465285,0.5103092783505154,194,100,543,232.0,
UAB,nearear,4,within,42,0.5,0.3,50,4,2,workload,0.41338426036444653,0.6082474226804123,194,100,543,226.0,
UAB,nearear,5,within,0,0.5,0.3,50,4,2,workload,0.28384837247630823,0.5235602094240838,191,90,535,210.0,
UAB,nearear,5,within,1,0.5,0.3,50,4,2,workload,0.24038540385403862,0.49214659685863876,191,98,535,211.0,
UAB,nearear,5,within,2,0.5,0.3,50,4,2,workload,0.38200360419397117,0.5863874345549738,191,100,535,214.0,
UAB,nearear,5,within,3,0.5,0.3,50,4,2,workload,0.3944746376811594,0.5968586387434555,191,100,535,232.0,
UAB,nearear,5,within,42,0.5,0.3,50,4,2,workload,0.29183488506220656,0.5287958115183246,191,98,535,249.0,
UAB,nearear,6,within,0,0.5,0.3,50,4,2,workload,0.36124152321335423,0.5752688172043011,186,98,520,278.0,
UAB,nearear,6,within,1,0.5,0.3,50,4,2,workload,0.47878944645628563,0.6505376344086021,186,100,520,245.0,
UAB,nearear,6,within,2,0.5,0.3,50,4,2,workload,0.17290918419702417,0.44086021505376344,186,100,520,230.0,
UAB,nearear,6,within,3,0.5,0.3,50,4,2,workload,0.17464083300382238,0.45698924731182794,186,100,520,243.0,
UAB,nearear,6,within,42,0.5,0.3,50,4,2,workload,0.227491961414791,0.5,186,90,520,240.0,
UAB,nearear,7,within,0,0.5,0.3,50,4,2,workload,0.22040296738510168,0.4810810810810811,185,82,515,270.0,
UAB,nearear,7,within,1,0.5,0.3,50,4,2,workload,0.1808058222631418,0.4540540540540541,185,94,515,278.0,
UAB,nearear,7,within,2,0.5,0.3,50,4,2,workload,0.17432396954581242,0.4486486486486487,185,90,515,209.0,
UAB,nearear,7,within,3,0.5,0.3,50,4,2,workload,0.22091595016669596,0.4810810810810811,185,92,515,269.0,
UAB,nearear,7,within,42,0.5,0.3,50,4,2,workload,0.16425438596491226,0.44324324324324327,185,100,515,272.0,
UAB,nearear,8,within,0,0.5,0.3,50,4,2,workload,0.1862248213125407,0.45698924731182794,186,86,521,236.0,
UAB,nearear,8,within,1,0.5,0.3,50,4,2,workload,0.3226393826411167,0.5483870967741935,186,90,521,245.0,
UAB,nearear,8,within,2,0.5,0.3,50,4,2,workload,0.20389105058365753,0.46774193548387094,186,100,521,259.0,
UAB,nearear,8,within,3,0.5,0.3,50,4,2,workload,0.39447868738605785,0.5967741935483871,186,100,521,236.0,
UAB,nearear,8,within,42,0.5,0.3,50,4,2,workload,0.17487931109468102,0.45161290322580644,186,100,521,233.0,
UAB,nearear,9,within,0,0.5,0.3,50,4,2,workload,0.3997456921120709,0.6,185,100,517,205.0,
UAB,nearear,9,within,1,0.5,0.3,50,4,2,workload,0.34308009293761776,0.5621621621621622,185,100,517,191.0,
UAB,nearear,9,within,2,0.5,0.3,50,4,2,workload,0.4081167550510585,0.6054054054054054,185,100,517,209.0,
UAB,nearear,9,within,3,0.5,0.3,50,4,2,workload,0.3834685376014032,0.5891891891891892,185,100,517,179.0,
UAB,nearear,9,within,42,0.5,0.3,50,4,2,workload,0.4892414216223323,0.6594594594594595,185,100,517,196.0,
UAB,nearear,10,within,0,0.5,0.3,50,4,2,workload,0.3465703971119134,0.56353591160221,181,100,505,240.0,
UAB,nearear,10,within,1,0.5,0.3,50,4,2,workload,0.4028318746276863,0.6022099447513812,181,100,505,226.0,
UAB,nearear,10,within,2,0.5,0.3,50,4,2,workload,0.22915235609287,0.4861878453038674,181,100,505,224.0,
UAB,nearear,10,within,3,0.5,0.3,50,4,2,workload,0.4284210526315789,0.6187845303867403,181,100,505,222.0,
UAB,nearear,10,within,42,0.5,0.3,50,4,2,workload,0.25415502953161484,0.5027624309392266,181,100,505,203.0,
UAB,nearear,11,within,0,0.5,0.3,50,4,2,workload,0.5597810429271104,0.7068062827225131,191,100,533,144.0,
UAB,nearear,11,within,1,0.5,0.3,50,4,2,workload,0.6466598150051388,0.7643979057591623,191,100,533,150.0,
UAB,nearear,11,within,2,0.5,0.3,50,4,2,workload,0.5208110553590524,0.680628272251309,191,100,533,136.0,
UAB,nearear,11,within,3,0.5,0.3,50,4,2,workload,0.4823423127463863,0.6544502617801047,191,100,533,165.0,
UAB,nearear,11,within,42,0.5,0.3,50,4,2,workload,0.4978639500492935,0.6649214659685864,191,100,533,171.0,
UAB,nearear,12,within,0,0.5,0.3,50,4,2,workload,0.49295304811942287,0.6631578947368421,190,100,531,197.0,
UAB,nearear,12,within,1,0.5,0.3,50,4,2,workload,0.5103499875301355,0.6736842105263158,190,100,531,192.0,
UAB,nearear,12,within,2,0.5,0.3,50,4,2,workload,0.49341776370604895,0.6631578947368421,190,100,531,190.0,
UAB,nearear,12,within,3,0.5,0.3,50,4,2,workload,0.48380355276907006,0.6578947368421053,190,100,531,203.0,
UAB,nearear,12,within,42,0.5,0.3,50,4,2,workload,0.5186477282166293,0.6789473684210526,190,100,531,189.0,
UAB,nearear,13,within,0,0.5,0.3,50,4,2,workload,0.25634809238228917,0.5053191489361702,188,100,526,247.0,
UAB,nearear,13,within,1,0.5,0.3,50,4,2,workload,0.3581153173146686,0.574468085106383,188,92,526,239.0,
UAB,nearear,13,within,2,0.5,0.3,50,4,2,workload,0.44073775020186134,0.6276595744680851,188,100,526,243.0,
UAB,nearear,13,within,3,0.5,0.3,50,4,2,workload,0.4205727494542185,0.6170212765957447,188,94,526,233.0,
UAB,nearear,13,within,42,0.5,0.3,50,4,2,workload,0.45798354956330023,0.6382978723404256,188,100,526,217.0,
UAB,nearear,14,within,0,0.5,0.3,50,4,2,workload,0.18389482333607243,0.45549738219895286,191,78,532,316.0,
UAB,nearear,14,within,1,0.5,0.3,50,4,2,workload,0.17621688231669752,0.450261780104712,191,100,532,287.0,
UAB,nearear,14,within,2,0.5,0.3,50,4,2,workload,0.15079659133012213,0.43455497382198954,191,82,532,294.0,
UAB,nearear,14,within,3,0.5,0.3,50,4,2,workload,0.16000822030415118,0.4397905759162304,191,98,532,271.0,
UAB,nearear,14,within,42,0.5,0.3,50,4,2,workload,0.16707121405356484,0.44502617801047123,191,74,532,272.0,
UAB,nearear,15,within,0,0.5,0.3,50,4,2,workload,0.3032162694857552,0.5355191256830601,183,100,511,217.0,
UAB,nearear,15,within,1,0.5,0.3,50,4,2,workload,0.20470430107526882,0.46994535519125685,183,98,511,237.0,
UAB,nearear,15,within,2,0.5,0.3,50,4,2,workload,0.3617991594384333,0.5737704918032787,183,100,511,250.0,
UAB,nearear,15,within,3,0.5,0.3,50,4,2,workload,0.3285004698617263,0.5519125683060109,183,100,511,222.0,
UAB,nearear,15,within,42,0.5,0.3,50,4,2,workload,0.32847041976192604,0.5519125683060109,183,100,511,205.0,
UAB,nearear,16,within,0,0.5,0.3,50,4,2,workload,0.6168152866242038,0.7446808510638298,188,100,526,135.0,
UAB,nearear,16,within,1,0.5,0.3,50,4,2,workload,0.6091641917691981,0.7393617021276596,188,100,526,126.0,
UAB,nearear,16,within,2,0.5,0.3,50,4,2,workload,0.7525475543478262,0.8351063829787234,188,100,526,119.0,
UAB,nearear,16,within,3,0.5,0.3,50,4,2,workload,0.6248301630434783,0.75,188,100,526,120.0,
UAB,nearear,16,within,42,0.5,0.3,50,4,2,workload,0.5846715948678732,0.723404255319149,188,100,526,131.0,
