dataset,subject,protocol,fold_name,seed,budget_frac,alpha,arm_pool,calibration_frac,include_recent_rewards,per_round_cap,policy,epsilon,kappa,accuracy,n_test,n_arms_surviving,stream_rounds_run,final_regret,budget_remaining,ts_prior_scale
BCI-IV-2b,1,within,within_fold0,0,1.0,1.0,pruned,0.3,True,inf,ts,,-0.0417,0.4792,48,76,134,66.0,176.0,0.1
BCI-IV-2b,1,within,within_fold0,1,1.0,1.0,pruned,0.3,True,inf,ts,,0.25,0.625,48,64,134,61.0,218.0,0.1
BCI-IV-2b,1,within,within_fold0,2,1.0,1.0,pruned,0.3,True,inf,ts,,-0.0833,0.4583,48,92,134,59.0,169.0,0.1
BCI-IV-2b,1,within,within_fold0,3,1.0,1.0,pruned,0.3,True,inf,ts,,0.1667,0.5833,48,72,134,63.0,144.0,0.1
BCI-IV-2b,1,within,within_fold0,42,1.0,1.0,pruned,0.3,True,inf,ts,,0.2083,0.6042,48,76,134,68.0,177.0,0.1
BCI-IV-2b,1,official,official[0→1],0,1.0,1.0,pruned,0.3,True,inf,ts,,0.0167,0.5083,120,68,84,38.0,424.0,0.1
BCI-IV-2b,1,official,official[0→1],1,1.0,1.0,pruned,0.3,True,inf,ts,,0.05,0.525,120,60,84,43.0,383.0,0.1
BCI-IV-2b,1,official,official[0→1],2,1.0,1.0,pruned,0.3,True,inf,ts,,0.0,0.5,120,88,84,40.0,363.0,0.1
BCI-IV-2b,1,official,official[0→1],3,1.0,1.0,pruned,0.3,True,inf,ts,,0.0333,0.5167,120,90,84,49.0,408.0,0.1
BCI-IV-2b,1,official,official[0→1],42,1.0,1.0,pruned,0.3,True,inf,ts,,-0.0333,0.4833,120,52,84,42.0,367.0,0.1
BCI-IV-2b,2,within,within_fold0,0,1.0,1.0,pruned,0.3,True,inf,ts,,0.0,0.5,48,48,134,73.0,145.0,0.1
BCI-IV-2b,2,within,within_fold0,1,1.0,1.0,pruned,0.3,True,inf,ts,,-0.3333,0.3333,48,78,134,65.0,169.0,0.1
BCI-IV-2b,2,within,within_fold0,2,1.0,1.0,pruned,0.3,True,inf,ts,,0.1667,0.5833,48,54,134,66.0,203.0,0.1
BCI-IV-2b,2,within,within_fold0,3,1.0,1.0,pruned,0.3,True,inf,ts,,0.0417,0.5208,48,78,134,66.0,173.0,0.1
BCI-IV-2b,2,within,within_fold0,42,1.0,1.0,pruned,0.3,True,inf,ts,,-0.0833,0.4583,48,86,134,68.0,148.0,0.1
BCI-IV-2b,2,official,official[0→1],0,1.0,1.0,pruned,0.3,True,inf,ts,,-0.0667,0.4667,120,94,84,44.0,408.0,0.1
BCI-IV-2b,2,official,official[0→1],1,1.0,1.0,pruned,0.3,True,inf,ts,,0.0167,0.5083,120,62,84,38.0,374.0,0.1
BCI-IV-2b,2,official,official[0→1],2,1.0,1.0,pruned,0.3,True,inf,ts,,0.0667,0.5333,120,58,84,38.0,397.0,0.1
BCI-IV-2b,2,official,official[0→1],3,1.0,1.0,pruned,0.3,True,inf,ts,,0.05,0.525,120,56,84,45.0,384.0,0.1
BCI-IV-2b,2,official,official[0→1],42,1.0,1.0,pruned,0.3,True,inf,ts,,0.0667,0.5333,120,60,84,41.0,364.0,0.1
BCI-IV-2b,3,within,within_fold0,0,1.0,1.0,pruned,0.3,True,inf,ts,,0.0417,0.5208,48,46,134,73.0,146.0,0.1
BCI-IV-2b,3,within,within_fold0,1,1.0,1.0,pruned,0.3,True,inf,ts,,0.0,0.5,48,86,134,69.0,168.0,0.1
BCI-IV-2b,3,within,within_fold0,2,1.0,1.0,pruned,0.3,True,inf,ts,,0.0833,0.5417,48,84,134,63.0,149.0,0.1
BCI-IV-2b,3,within,within_fold0,3,1.0,1.0,pruned,0.3,True,inf,ts,,0.25,0.625,48,42,134,76.0,251.0,0.1
BCI-IV-2b,3,within,within_fold0,42,1.0,1.0,pruned,0.3,True,inf,ts,,-0.0417,0.4792,48,76,134,80.0,162.0,0.1
BCI-IV-2b,3,official,official[0→1],0,1.0,1.0,pruned,0.3,True,inf,ts,,0.0167,0.5083,120,16,84,25.0,360.0,0.1
BCI-IV-2b,3,official,official[0→1],1,1.0,1.0,pruned,0.3,True,inf,ts,,-0.0333,0.4833,120,96,84,41.0,380.0,0.1
BCI-IV-2b,3,official,official[0→1],2,1.0,1.0,pruned,0.3,True,inf,ts,,0.0667,0.5333,120,18,84,31.0,360.0,0.1
BCI-IV-2b,3,official,official[0→1],3,1.0,1.0,pruned,0.3,True,inf,ts,,0.0333,0.5167,120,52,84,40.0,362.0,0.1
BCI-IV-2b,3,official,official[0→1],42,1.0,1.0,pruned,0.3,True,inf,ts,,0.0,0.5,120,64,84,44.0,431.0,0.1
BCI-IV-2b,4,within,within_fold0,0,1.0,1.0,pruned,0.3,True,inf,ts,,0.1538,0.5769,52,84,146,68.0,187.0,0.1
BCI-IV-2b,4,within,within_fold0,1,1.0,1.0,pruned,0.3,True,inf,ts,,0.6154,0.8077,52,82,146,36.0,178.0,0.1
BCI-IV-2b,4,within,within_fold0,2,1.0,1.0,pruned,0.3,True,inf,ts,,0.5385,0.7692,52,90,146,50.0,206.0,0.1
BCI-IV-2b,4,within,within_fold0,3,1.0,1.0,pruned,0.3,True,inf,ts,,0.3462,0.6731,52,70,146,52.0,162.0,0.1
BCI-IV-2b,4,within,within_fold0,42,1.0,1.0,pruned,0.3,True,inf,ts,,0.6154,0.8077,52,86,146,33.0,184.0,0.1
BCI-IV-2b,4,official,official[0→1],0,1.0,1.0,pruned,0.3,True,inf,ts,,0.1714,0.5857,140,86,84,42.0,425.0,0.1
BCI-IV-2b,4,official,official[0→1],1,1.0,1.0,pruned,0.3,True,inf,ts,,0.1143,0.5571,140,84,84,44.0,423.0,0.1
BCI-IV-2b,4,official,official[0→1],2,1.0,1.0,pruned,0.3,True,inf,ts,,0.4,0.7,140,100,84,40.0,432.0,0.1
BCI-IV-2b,4,official,official[0→1],3,1.0,1.0,pruned,0.3,True,inf,ts,,0.0429,0.5214,140,76,84,37.0,433.0,0.1
BCI-IV-2b,4,official,official[0→1],42,1.0,1.0,pruned,0.3,True,inf,ts,,0.7286,0.8643,140,86,84,32.0,424.0,0.1
BCI-IV-2b,5,within,within_fold0,0,1.0,1.0,pruned,0.3,True,inf,ts,,0.3846,0.6923,52,100,146,52.0,207.0,0.1
BCI-IV-2b,5,within,within_fold0,1,1.0,1.0,pruned,0.3,True,inf,ts,,0.3462,0.6731,52,100,146,58.0,172.0,0.1
BCI-IV-2b,5,within,within_fold0,2,1.0,1.0,pruned,0.3,True,inf,ts,,0.3846,0.6923,52,74,146,61.0,188.0,0.1
BCI-IV-2b,5,within,within_fold0,3,1.0,1.0,pruned,0.3,True,inf,ts,,0.4615,0.7308,52,100,146,53.0,172.0,0.1
BCI-IV-2b,5,within,within_fold0,42,1.0,1.0,pruned,0.3,True,inf,ts,,0.0769,0.5385,52,68,146,64.0,241.0,0.1
BCI-IV-2b,5,official,official[0→1],0,1.0,1.0,pruned,0.3,True,inf,ts,,0.2429,0.6214,140,100,84,31.0,431.0,0.1
BCI-IV-2b,5,official,official[0→1],1,1.0,1.0,pruned,0.3,True,inf,ts,,0.0286,0.5143,140,84,84,44.0,422.0,0.1
BCI-IV-2b,5,official,official[0→1],2,1.0,1.0,pruned,0.3,True,inf,ts,,0.2571,0.6286,140,46,84,40.0,426.0,0.1
BCI-IV-2b,5,official,official[0→1],3,1.0,1.0,pruned,0.3,True,inf,ts,,0.0571,0.5286,140,76,84,48.0,424.0,0.1
BCI-IV-2b,5,official,official[0→1],42,1.0,1.0,pruned,0.3,True,inf,ts,,0.4,0.7,140,70,84,37.0,466.0,0.1
BCI-IV-2b,6,within,within_fold0,0,1.0,1.0,pruned,0.3,True,inf,ts,,0.25,0.625,48,78,134,57.0,147.0,0.1
BCI-IV-2b,6,within,within_fold0,1,1.0,1.0,pruned,0.3,True,inf,ts,,-0.0417,0.4792,48,92,134,63.0,188.0,0.1
BCI-IV-2b,6,within,within_fold0,2,1.0,1.0,pruned,0.3,True,inf,ts,,0.1667,0.5833,48,80,134,68.0,151.0,0.1
BCI-IV-2b,6,within,within_fold0,3,1.0,1.0,pruned,0.3,True,inf,ts,,0.2083,0.6042,48,64,134,42.0,153.0,0.1
BCI-IV-2b,6,within,within_fold0,42,1.0,1.0,pruned,0.3,True,inf,ts,,-0.0833,0.4583,48,70,134,68.0,172.0,0.1
BCI-IV-2b,6,official,official[0→1],0,1.0,1.0,pruned,0.3,True,inf,ts,,0.0667,0.5333,120,80,84,51.0,382.0,0.1
BCI-IV-2b,6,official,official[0→1],1,1.0,1.0,pruned,0.3,True,inf,ts,,-0.05,0.475,120,72,84,36.0,411.0,0.1
BCI-IV-2b,6,official,official[0→1],2,1.0,1.0,pruned,0.3,True,inf,ts,,0.1167,0.5583,120,78,84,40.0,396.0,0.1
BCI-IV-2b,6,official,official[0→1],3,1.0,1.0,pruned,0.3,True,inf,ts,,0.0,0.5,120,80,84,43.0,386.0,0.1
BCI-IV-2b,6,official,official[0→1],42,1.0,1.0,pruned,0.3,True,inf,ts,,0.2167,0.6083,120,72,84,43.0,369.0,0.1
BCI-IV-2b,7,within,within_fold0,0,1.0,1.0,pruned,0.3,True,inf,ts,,0.125,0.5625,48,88,134,57.0,148.0,0.1
BCI-IV-2b,7,within,within_fold0,1,1.0,1.0,pruned,0.3,True,inf,ts,,0.1667,0.5833,48,98,134,60.0,193.0,0.1
BCI-IV-2b,7,within,within_fold0,2,1.0,1.0,pruned,0.3,True,inf,ts,,0.4583,0.7292,48,62,134,66.0,145.0,0.1
BCI-IV-2b,7,within,within_fold0,3,1.0,1.0,pruned,0.3,True,inf,ts,,0.25,0.625,48,52,134,53.0,186.0,0.1
BCI-IV-2b,7,within,within_fold0,42,1.0,1.0,pruned,0.3,True,inf,ts,,0.125,0.5625,48,98,134,68.0,214.0,0.1
BCI-IV-2b,7,official,official[0→1],0,1.0,1.0,pruned,0.3,True,inf,ts,,0.0333,0.5167,120,100,84,48.0,364.0,0.1
BCI-IV-2b,7,official,official[0→1],1,1.0,1.0,pruned,0.3,True,inf,ts,,0.1667,0.5833,120,96,84,44.0,398.0,0.1
BCI-IV-2b,7,official,official[0→1],2,1.0,1.0,pruned,0.3,True,inf,ts,,-0.0667,0.4667,120,47,84,41.0,409.0,0.1
BCI-IV-2b,7,official,official[0→1],3,1.0,1.0,pruned,0.3,True,inf,ts,,-0.0667,0.4667,120,62,84,45.0,362.0,0.1
BCI-IV-2b,7,official,official[0→1],42,1.0,1.0,pruned,0.3,True,inf,ts,,-0.1,0.45,120,40,84,41.0,363.0,0.1
BCI-IV-2b,8,within,within_fold0,0,1.0,1.0,pruned,0.3,True,inf,ts,,0.0357,0.5179,56,44,157,87.0,236.0,0.1
BCI-IV-2b,8,within,within_fold0,1,1.0,1.0,pruned,0.3,True,inf,ts,,-0.0357,0.4821,56,56,157,71.0,209.0,0.1
BCI-IV-2b,8,within,within_fold0,2,1.0,1.0,pruned,0.3,True,inf,ts,,-0.1071,0.4464,56,62,157,79.0,251.0,0.1
BCI-IV-2b,8,within,within_fold0,3,1.0,1.0,pruned,0.3,True,inf,ts,,-0.1071,0.4464,56,82,157,81.0,202.0,0.1
BCI-IV-2b,8,within,within_fold0,42,1.0,1.0,pruned,0.3,True,inf,ts,,0.3929,0.6964,56,48,157,69.0,187.0,0.1
BCI-IV-2b,8,official,official[0→1],0,1.0,1.0,pruned,0.3,True,inf,ts,,0.0667,0.5333,120,90,112,53.0,399.0,0.1
BCI-IV-2b,8,official,official[0→1],1,1.0,1.0,pruned,0.3,True,inf,ts,,0.2167,0.6083,120,78,112,55.0,404.0,0.1
BCI-IV-2b,8,official,official[0→1],2,1.0,1.0,pruned,0.3,True,inf,ts,,0.1167,0.5583,120,68,112,55.0,372.0,0.1
BCI-IV-2b,8,official,official[0→1],3,1.0,1.0,pruned,0.3,True,inf,ts,,0.15,0.575,120,54,112,56.0,362.0,0.1
BCI-IV-2b,8,official,official[0→1],42,1.0,1.0,pruned,0.3,True,inf,ts,,0.1667,0.5833,120,64,112,56.0,430.0,0.1
BCI-IV-2b,9,within,within_fold0,0,1.0,1.0,pruned,0.3,True,inf,ts,,0.1667,0.5833,48,62,134,76.0,218.0,0.1
BCI-IV-2b,9,within,within_fold0,1,1.0,1.0,pruned,0.3,True,inf,ts,,0.0833,0.5417,48,80,134,59.0,170.0,0.1
BCI-IV-2b,9,within,within_fold0,2,1.0,1.0,pruned,0.3,True,inf,ts,,-0.125,0.4375,48,74,134,68.0,250.0,0.1
BCI-IV-2b,9,within,within_fold0,3,1.0,1.0,pruned,0.3,True,inf,ts,,-0.0417,0.4792,48,62,134,68.0,208.0,0.1
BCI-IV-2b,9,within,within_fold0,42,1.0,1.0,pruned,0.3,True,inf,ts,,0.0417,0.5208,48,94,134,66.0,152.0,0.1
BCI-IV-2b,9,official,official[0→1],0,1.0,1.0,pruned,0.3,True,inf,ts,,0.0,0.5,120,52,84,42.0,368.0,0.1
BCI-IV-2b,9,official,official[0→1],1,1.0,1.0,pruned,0.3,True,inf,ts,,0.1,0.55,120,44,84,35.0,416.0,0.1
BCI-IV-2b,9,official,official[0→1],2,1.0,1.0,pruned,0.3,True,inf,ts,,0.05,0.525,120,96,84,34.0,380.0,0.1
BCI-IV-2b,9,official,official[0→1],3,1.0,1.0,pruned,0.3,True,inf,ts,,-0.0667,0.4667,120,56,84,43.0,364.0,0.1
BCI-IV-2b,9,official,official[0→1],42,1.0,1.0,pruned,0.3,True,inf,ts,,-0.0833,0.4583,120,52,84,40.0,405.0,0.1
BCI-IV-2b,1,within,within_fold0,0,1.0,1.0,pruned,0.3,True,inf,ts,,0.0,0.5,48,76,134,61.0,174.0,0.3
BCI-IV-2b,1,within,within_fold0,1,1.0,1.0,pruned,0.3,True,inf,ts,,0.0833,0.5417,48,64,134,54.0,196.0,0.3
BCI-IV-2b,1,within,within_fold0,2,1.0,1.0,pruned,0.3,True,inf,ts,,-0.1667,0.4167,48,92,134,67.0,176.0,0.3
BCI-IV-2b,1,within,within_fold0,3,1.0,1.0,pruned,0.3,True,inf,ts,,-0.0833,0.4583,48,72,134,69.0,173.0,0.3
BCI-IV-2b,1,within,within_fold0,42,1.0,1.0,pruned,0.3,True,inf,ts,,0.0833,0.5417,48,76,134,66.0,176.0,0.3
BCI-IV-2b,1,official,official[0→1],0,1.0,1.0,pruned,0.3,True,inf,ts,,0.25,0.625,120,68,84,44.0,379.0,0.3
BCI-IV-2b,1,official,official[0→1],1,1.0,1.0,pruned,0.3,True,inf,ts,,0.0333,0.5167,120,60,84,44.0,392.0,0.3
BCI-IV-2b,1,official,official[0→1],2,1.0,1.0,pruned,0.3,True,inf,ts,,-0.0833,0.4583,120,88,84,42.0,383.0,0.3
BCI-IV-2b,1,official,official[0→1],3,1.0,1.0,pruned,0.3,True,inf,ts,,-0.0333,0.4833,120,90,84,39.0,391.0,0.3
BCI-IV-2b,1,official,official[0→1],42,1.0,1.0,pruned,0.3,True,inf,ts,,-0.0167,0.4917,120,52,84,37.0,384.0,0.3
BCI-IV-2b,2,within,within_fold0,0,1.0,1.0,pruned,0.3,True,inf,ts,,-0.0417,0.4792,48,48,134,76.0,187.0,0.3
BCI-IV-2b,2,within,within_fold0,1,1.0,1.0,pruned,0.3,True,inf,ts,,-0.0417,0.4792,48,78,134,53.0,202.0,0.3
BCI-IV-2b,2,within,within_fold0,2,1.0,1.0,pruned,0.3,True,inf,ts,,-0.0417,0.4792,48,54,134,73.0,200.0,0.3
BCI-IV-2b,2,within,within_fold0,3,1.0,1.0,pruned,0.3,True,inf,ts,,0.0833,0.5417,48,78,134,61.0,182.0,0.3
BCI-IV-2b,2,within,within_fold0,42,1.0,1.0,pruned,0.3,True,inf,ts,,-0.2083,0.3958,48,86,134,74.0,179.0,0.3
BCI-IV-2b,2,official,official[0→1],0,1.0,1.0,pruned,0.3,True,inf,ts,,0.0333,0.5167,120,94,84,47.0,386.0,0.3
BCI-IV-2b,2,official,official[0→1],1,1.0,1.0,pruned,0.3,True,inf,ts,,0.0667,0.5333,120,62,84,41.0,390.0,0.3
BCI-IV-2b,2,official,official[0→1],2,1.0,1.0,pruned,0.3,True,inf,ts,,0.0,0.5,120,58,84,39.0,393.0,0.3
BCI-IV-2b,2,official,official[0→1],3,1.0,1.0,pruned,0.3,True,inf,ts,,0.05,0.525,120,56,84,40.0,398.0,0.3
BCI-IV-2b,2,official,official[0→1],42,1.0,1.0,pruned,0.3,True,inf,ts,,0.0,0.5,120,60,84,44.0,385.0,0.3
BCI-IV-2b,3,within,within_fold0,0,1.0,1.0,pruned,0.3,True,inf,ts,,-0.1667,0.4167,48,46,134,70.0,186.0,0.3
BCI-IV-2b,3,within,within_fold0,1,1.0,1.0,pruned,0.3,True,inf,ts,,0.1667,0.5833,48,86,134,65.0,171.0,0.3
BCI-IV-2b,3,within,within_fold0,2,1.0,1.0,pruned,0.3,True,inf,ts,,0.0,0.5,48,84,134,71.0,177.0,0.3
BCI-IV-2b,3,within,within_fold0,3,1.0,1.0,pruned,0.3,True,inf,ts,,0.0,0.5,48,42,134,65.0,166.0,0.3
BCI-IV-2b,3,within,within_fold0,42,1.0,1.0,pruned,0.3,True,inf,ts,,0.375,0.6875,48,76,134,66.0,185.0,0.3
BCI-IV-2b,3,official,official[0→1],0,1.0,1.0,pruned,0.3,True,inf,ts,,-0.0167,0.4917,120,16,84,31.0,360.0,0.3
BCI-IV-2b,3,official,official[0→1],1,1.0,1.0,pruned,0.3,True,inf,ts,,-0.0167,0.4917,120,96,84,39.0,387.0,0.3
BCI-IV-2b,3,official,official[0→1],2,1.0,1.0,pruned,0.3,True,inf,ts,,0.0833,0.5417,120,18,84,32.0,360.0,0.3
BCI-IV-2b,3,official,official[0→1],3,1.0,1.0,pruned,0.3,True,inf,ts,,0.1,0.55,120,52,84,39.0,376.0,0.3
BCI-IV-2b,3,official,official[0→1],42,1.0,1.0,pruned,0.3,True,inf,ts,,0.0833,0.5417,120,64,84,42.0,384.0,0.3
BCI-IV-2b,4,within,within_fold0,0,1.0,1.0,pruned,0.3,True,inf,ts,,0.3846,0.6923,52,84,146,57.0,188.0,0.3
BCI-IV-2b,4,within,within_fold0,1,1.0,1.0,pruned,0.3,True,inf,ts,,0.3077,0.6538,52,82,146,57.0,188.0,0.3
BCI-IV-2b,4,within,within_fold0,2,1.0,1.0,pruned,0.3,True,inf,ts,,0.3077,0.6538,52,90,146,57.0,209.0,0.3
BCI-IV-2b,4,within,within_fold0,3,1.0,1.0,pruned,0.3,True,inf,ts,,0.3077,0.6538,52,70,146,51.0,177.0,0.3
BCI-IV-2b,4,within,within_fold0,42,1.0,1.0,pruned,0.3,True,inf,ts,,0.3077,0.6538,52,86,146,71.0,207.0,0.3
BCI-IV-2b,4,official,official[0→1],0,1.0,1.0,pruned,0.3,True,inf,ts,,0.2571,0.6286,140,86,84,32.0,449.0,0.3
BCI-IV-2b,4,official,official[0→1],1,1.0,1.0,pruned,0.3,True,inf,ts,,0.1714,0.5857,140,84,84,44.0,450.0,0.3
BCI-IV-2b,4,official,official[0→1],2,1.0,1.0,pruned,0.3,True,inf,ts,,0.1143,0.5571,140,100,84,36.0,438.0,0.3
BCI-IV-2b,4,official,official[0→1],3,1.0,1.0,pruned,0.3,True,inf,ts,,0.2571,0.6286,140,76,84,27.0,442.0,0.3
BCI-IV-2b,4,official,official[0→1],42,1.0,1.0,pruned,0.3,True,inf,ts,,0.1714,0.5857,140,86,84,36.0,439.0,0.3
BCI-IV-2b,5,within,within_fold0,0,1.0,1.0,pruned,0.3,True,inf,ts,,-0.0385,0.4808,52,100,146,56.0,206.0,0.3
BCI-IV-2b,5,within,within_fold0,1,1.0,1.0,pruned,0.3,True,inf,ts,,0.1923,0.5962,52,100,146,58.0,186.0,0.3
BCI-IV-2b,5,within,within_fold0,2,1.0,1.0,pruned,0.3,True,inf,ts,,0.4615,0.7308,52,74,146,69.0,189.0,0.3
BCI-IV-2b,5,within,within_fold0,3,1.0,1.0,pruned,0.3,True,inf,ts,,0.3462,0.6731,52,100,146,63.0,183.0,0.3
BCI-IV-2b,5,within,within_fold0,42,1.0,1.0,pruned,0.3,True,inf,ts,,0.2692,0.6346,52,68,146,70.0,194.0,0.3
BCI-IV-2b,5,official,official[0→1],0,1.0,1.0,pruned,0.3,True,inf,ts,,0.0286,0.5143,140,100,84,28.0,449.0,0.3
BCI-IV-2b,5,official,official[0→1],1,1.0,1.0,pruned,0.3,True,inf,ts,,0.1571,0.5786,140,84,84,34.0,433.0,0.3
BCI-IV-2b,5,official,official[0→1],2,1.0,1.0,pruned,0.3,True,inf,ts,,0.1429,0.5714,140,46,84,43.0,433.0,0.3
BCI-IV-2b,5,official,official[0→1],3,1.0,1.0,pruned,0.3,True,inf,ts,,0.0429,0.5214,140,76,84,43.0,451.0,0.3
BCI-IV-2b,5,official,official[0→1],42,1.0,1.0,pruned,0.3,True,inf,ts,,0.1286,0.5643,140,70,84,40.0,434.0,0.3
BCI-IV-2b,6,within,within_fold0,0,1.0,1.0,pruned,0.3,True,inf,ts,,0.0833,0.5417,48,78,134,65.0,175.0,0.3
BCI-IV-2b,6,within,within_fold0,1,1.0,1.0,pruned,0.3,True,inf,ts,,0.0833,0.5417,48,92,134,47.0,194.0,0.3
BCI-IV-2b,6,within,within_fold0,2,1.0,1.0,pruned,0.3,True,inf,ts,,0.0833,0.5417,48,80,134,60.0,195.0,0.3
BCI-IV-2b,6,within,within_fold0,3,1.0,1.0,pruned,0.3,True,inf,ts,,0.375,0.6875,48,64,134,59.0,178.0,0.3
BCI-IV-2b,6,within,within_fold0,42,1.0,1.0,pruned,0.3,True,inf,ts,,0.125,0.5625,48,70,134,63.0,191.0,0.3
BCI-IV-2b,6,official,official[0→1],0,1.0,1.0,pruned,0.3,True,inf,ts,,0.0167,0.5083,120,80,84,40.0,385.0,0.3
BCI-IV-2b,6,official,official[0→1],1,1.0,1.0,pruned,0.3,True,inf,ts,,-0.05,0.475,120,72,84,41.0,394.0,0.3
BCI-IV-2b,6,official,official[0→1],2,1.0,1.0,pruned,0.3,True,inf,ts,,0.0667,0.5333,120,78,84,44.0,389.0,0.3
BCI-IV-2b,6,official,official[0→1],3,1.0,1.0,pruned,0.3,True,inf,ts,,0.0667,0.5333,120,80,84,36.0,382.0,0.3
BCI-IV-2b,6,official,official[0→1],42,1.0,1.0,pruned,0.3,True,inf,ts,,-0.0167,0.4917,120,72,84,34.0,387.0,0.3
BCI-IV-2b,7,within,within_fold0,0,1.0,1.0,pruned,0.3,True,inf,ts,,0.1667,0.5833,48,88,134,76.0,185.0,0.3
BCI-IV-2b,7,within,within_fold0,1,1.0,1.0,pruned,0.3,True,inf,ts,,-0.125,0.4375,48,98,134,67.0,179.0,0.3
BCI-IV-2b,7,within,within_fold0,2,1.0,1.0,pruned,0.3,True,inf,ts,,0.0,0.5,48,62,134,66.0,187.0,0.3
BCI-IV-2b,7,within,within_fold0,3,1.0,1.0,pruned,0.3,True,inf,ts,,0.3333,0.6667,48,52,134,66.0,184.0,0.3
BCI-IV-2b,7,within,within_fold0,42,1.0,1.0,pruned,0.3,True,inf,ts,,-0.125,0.4375,48,98,134,72.0,190.0,0.3
BCI-IV-2b,7,official,official[0→1],0,1.0,1.0,pruned,0.3,True,inf,ts,,0.1,0.55,120,100,84,37.0,390.0,0.3
BCI-IV-2b,7,official,official[0→1],1,1.0,1.0,pruned,0.3,True,inf,ts,,0.1,0.55,120,96,84,47.0,392.0,0.3
BCI-IV-2b,7,official,official[0→1],2,1.0,1.0,pruned,0.3,True,inf,ts,,0.2333,0.6167,120,47,84,43.0,384.0,0.3
BCI-IV-2b,7,official,official[0→1],3,1.0,1.0,pruned,0.3,True,inf,ts,,0.0167,0.5083,120,62,84,41.0,382.0,0.3
BCI-IV-2b,7,official,official[0→1],42,1.0,1.0,pruned,0.3,True,inf,ts,,0.2167,0.6083,120,40,84,41.0,375.0,0.3
BCI-IV-2b,8,within,within_fold0,0,1.0,1.0,pruned,0.3,True,inf,ts,,0.0,0.5,56,44,157,77.0,248.0,0.3
BCI-IV-2b,8,within,within_fold0,1,1.0,1.0,pruned,0.3,True,inf,ts,,0.1071,0.5536,56,56,157,76.0,216.0,0.3
BCI-IV-2b,8,within,within_fold0,2,1.0,1.0,pruned,0.3,True,inf,ts,,0.25,0.625,56,62,157,86.0,223.0,0.3
BCI-IV-2b,8,within,within_fold0,3,1.0,1.0,pruned,0.3,True,inf,ts,,0.0714,0.5357,56,82,157,72.0,208.0,0.3
BCI-IV-2b,8,within,within_fold0,42,1.0,1.0,pruned,0.3,True,inf,ts,,0.2857,0.6429,56,48,157,78.0,207.0,0.3
BCI-IV-2b,8,official,official[0→1],0,1.0,1.0,pruned,0.3,True,inf,ts,,-0.0333,0.4833,120,90,112,66.0,395.0,0.3
BCI-IV-2b,8,official,official[0→1],1,1.0,1.0,pruned,0.3,True,inf,ts,,0.0833,0.5417,120,78,112,56.0,395.0,0.3
BCI-IV-2b,8,official,official[0→1],2,1.0,1.0,pruned,0.3,True,inf,ts,,0.05,0.525,120,68,112,51.0,385.0,0.3
BCI-IV-2b,8,official,official[0→1],3,1.0,1.0,pruned,0.3,True,inf,ts,,0.0,0.5,120,54,112,54.0,368.0,0.3
BCI-IV-2b,8,official,official[0→1],42,1.0,1.0,pruned,0.3,True,inf,ts,,0.0333,0.5167,120,64,112,56.0,393.0,0.3
BCI-IV-2b,9,within,within_fold0,0,1.0,1.0,pruned,0.3,True,inf,ts,,0.2917,0.6458,48,62,134,68.0,176.0,0.3
BCI-IV-2b,9,within,within_fold0,1,1.0,1.0,pruned,0.3,True,inf,ts,,0.125,0.5625,48,80,134,60.0,201.0,0.3
BCI-IV-2b,9,within,within_fold0,2,1.0,1.0,pruned,0.3,True,inf,ts,,0.0,0.5,48,74,134,66.0,205.0,0.3
BCI-IV-2b,9,within,within_fold0,3,1.0,1.0,pruned,0.3,True,inf,ts,,0.0,0.5,48,62,134,71.0,201.0,0.3
BCI-IV-2b,9,within,within_fold0,42,1.0,1.0,pruned,0.3,True,inf,ts,,0.0,0.5,48,94,134,77.0,192.0,0.3
BCI-IV-2b,9,official,official[0→1],0,1.0,1.0,pruned,0.3,True,inf,ts,,0.0667,0.5333,120,52,84,45.0,375.0,0.3
BCI-IV-2b,9,official,official[0→1],1,1.0,1.0,pruned,0.3,True,inf,ts,,0.0667,0.5333,120,44,84,36.0,381.0,0.3
BCI-IV-2b,9,official,official[0→1],2,1.0,1.0,pruned,0.3,True,inf,ts,,0.1667,0.5833,120,96,84,33.0,392.0,0.3
BCI-IV-2b,9,official,official[0→1],3,1.0,1.0,pruned,0.3,True,inf,ts,,0.0167,0.5083,120,56,84,34.0,384.0,0.3
BCI-IV-2b,9,official,official[0→1],42,1.0,1.0,pruned,0.3,True,inf,ts,,0.0,0.5,120,52,84,35.0,376.0,0.3
BCI-IV-2b,1,within,within_fold0,0,1.0,1.0,pruned,0.3,True,inf,ts,,0.0833,0.5417,48,76,134,60.0,178.0,3.0
BCI-IV-2b,1,within,within_fold0,1,1.0,1.0,pruned,0.3,True,inf,ts,,0.2083,0.6042,48,64,134,67.0,193.0,3.0
BCI-IV-2b,1,within,within_fold0,2,1.0,1.0,pruned,0.3,True,inf,ts,,-0.0833,0.4583,48,92,134,71.0,179.0,3.0
BCI-IV-2b,1,within,within_fold0,3,1.0,1.0,pruned,0.3,True,inf,ts,,0.0417,0.5208,48,72,134,68.0,179.0,3.0
BCI-IV-2b,1,within,within_fold0,42,1.0,1.0,pruned,0.3,True,inf,ts,,-0.0833,0.4583,48,76,134,57.0,186.0,3.0
BCI-IV-2b,1,official,official[0→1],0,1.0,1.0,pruned,0.3,True,inf,ts,,0.2667,0.6333,120,68,84,41.0,378.0,3.0
BCI-IV-2b,1,official,official[0→1],1,1.0,1.0,pruned,0.3,True,inf,ts,,0.0,0.5,120,60,84,45.0,394.0,3.0
BCI-IV-2b,1,official,official[0→1],2,1.0,1.0,pruned,0.3,True,inf,ts,,0.05,0.525,120,88,84,41.0,383.0,3.0
BCI-IV-2b,1,official,official[0→1],3,1.0,1.0,pruned,0.3,True,inf,ts,,0.0,0.5,120,90,84,47.0,396.0,3.0
BCI-IV-2b,1,official,official[0→1],42,1.0,1.0,pruned,0.3,True,inf,ts,,0.0,0.5,120,52,84,37.0,392.0,3.0
BCI-IV-2b,2,within,within_fold0,0,1.0,1.0,pruned,0.3,True,inf,ts,,-0.0417,0.4792,48,48,134,77.0,194.0,3.0
BCI-IV-2b,2,within,within_fold0,1,1.0,1.0,pruned,0.3,True,inf,ts,,-0.125,0.4375,48,78,134,56.0,194.0,3.0
BCI-IV-2b,2,within,within_fold0,2,1.0,1.0,pruned,0.3,True,inf,ts,,0.1667,0.5833,48,54,134,67.0,200.0,3.0
BCI-IV-2b,2,within,within_fold0,3,1.0,1.0,pruned,0.3,True,inf,ts,,0.125,0.5625,48,78,134,60.0,186.0,3.0
BCI-IV-2b,2,within,within_fold0,42,1.0,1.0,pruned,0.3,True,inf,ts,,-0.2083,0.3958,48,86,134,69.0,187.0,3.0
BCI-IV-2b,2,official,official[0→1],0,1.0,1.0,pruned,0.3,True,inf,ts,,-0.1167,0.4417,120,94,84,40.0,385.0,3.0
BCI-IV-2b,2,official,official[0→1],1,1.0,1.0,pruned,0.3,True,inf,ts,,0.0833,0.5417,120,62,84,41.0,396.0,3.0
BCI-IV-2b,2,official,official[0→1],2,1.0,1.0,pruned,0.3,True,inf,ts,,-0.0667,0.4667,120,58,84,36.0,392.0,3.0
BCI-IV-2b,2,official,official[0→1],3,1.0,1.0,pruned,0.3,True,inf,ts,,-0.15,0.425,120,56,84,42.0,392.0,3.0
BCI-IV-2b,2,official,official[0→1],42,1.0,1.0,pruned,0.3,True,inf,ts,,-0.0333,0.4833,120,60,84,44.0,376.0,3.0
BCI-IV-2b,3,within,within_fold0,0,1.0,1.0,pruned,0.3,True,inf,ts,,0.0417,0.5208,48,46,134,69.0,181.0,3.0
BCI-IV-2b,3,within,within_fold0,1,1.0,1.0,pruned,0.3,True,inf,ts,,-0.0833,0.4583,48,86,134,62.0,173.0,3.0
BCI-IV-2b,3,within,within_fold0,2,1.0,1.0,pruned,0.3,True,inf,ts,,-0.0417,0.4792,48,84,134,74.0,167.0,3.0
BCI-IV-2b,3,within,within_fold0,3,1.0,1.0,pruned,0.3,True,inf,ts,,-0.0833,0.4583,48,42,134,63.0,180.0,3.0
BCI-IV-2b,3,within,within_fold0,42,1.0,1.0,pruned,0.3,True,inf,ts,,0.25,0.625,48,76,134,66.0,183.0,3.0
BCI-IV-2b,3,official,official[0→1],0,1.0,1.0,pruned,0.3,True,inf,ts,,-0.0167,0.4917,120,16,84,32.0,360.0,3.0
BCI-IV-2b,3,official,official[0→1],1,1.0,1.0,pruned,0.3,True,inf,ts,,0.0,0.5,120,96,84,37.0,387.0,3.0
BCI-IV-2b,3,official,official[0→1],2,1.0,1.0,pruned,0.3,True,inf,ts,,0.1167,0.5583,120,18,84,38.0,360.0,3.0
BCI-IV-2b,3,official,official[0→1],3,1.0,1.0,pruned,0.3,True,inf,ts,,0.0833,0.5417,120,52,84,35.0,381.0,3.0
BCI-IV-2b,3,official,official[0→1],42,1.0,1.0,pruned,0.3,True,inf,ts,,-0.0333,0.4833,120,64,84,39.0,384.0,3.0
BCI-IV-2b,4,within,within_fold0,0,1.0,1.0,pruned,0.3,True,inf,ts,,0.1923,0.5962,52,84,146,55.0,191.0,3.0
BCI-IV-2b,4,within,within_fold0,1,1.0,1.0,pruned,0.3,True,inf,ts,,0.1154,0.5577,52,82,146,54.0,189.0,3.0
BCI-IV-2b,4,within,within_fold0,2,1.0,1.0,pruned,0.3,True,inf,ts,,0.2692,0.6346,52,90,146,66.0,216.0,3.0
BCI-IV-2b,4,within,within_fold0,3,1.0,1.0,pruned,0.3,True,inf,ts,,0.3077,0.6538,52,70,146,51.0,187.0,3.0
BCI-IV-2b,4,within,within_fold0,42,1.0,1.0,pruned,0.3,True,inf,ts,,0.2308,0.6154,52,86,146,71.0,208.0,3.0
BCI-IV-2b,4,official,official[0→1],0,1.0,1.0,pruned,0.3,True,inf,ts,,0.3,0.65,140,86,84,35.0,444.0,3.0
BCI-IV-2b,4,official,official[0→1],1,1.0,1.0,pruned,0.3,True,inf,ts,,0.2143,0.6071,140,84,84,42.0,445.0,3.0
BCI-IV-2b,4,official,official[0→1],2,1.0,1.0,pruned,0.3,True,inf,ts,,0.1714,0.5857,140,100,84,42.0,443.0,3.0
BCI-IV-2b,4,official,official[0→1],3,1.0,1.0,pruned,0.3,True,inf,ts,,0.1857,0.5929,140,76,84,27.0,446.0,3.0
BCI-IV-2b,4,official,official[0→1],42,1.0,1.0,pruned,0.3,True,inf,ts,,0.1429,0.5714,140,86,84,41.0,443.0,3.0
BCI-IV-2b,5,within,within_fold0,0,1.0,1.0,pruned,0.3,True,inf,ts,,0.1154,0.5577,52,100,146,61.0,208.0,3.0
BCI-IV-2b,5,within,within_fold0,1,1.0,1.0,pruned,0.3,True,inf,ts,,0.0385,0.5192,52,100,146,63.0,193.0,3.0
BCI-IV-2b,5,within,within_fold0,2,1.0,1.0,pruned,0.3,True,inf,ts,,0.1538,0.5769,52,74,146,76.0,194.0,3.0
BCI-IV-2b,5,within,within_fold0,3,1.0,1.0,pruned,0.3,True,inf,ts,,0.1538,0.5769,52,100,146,64.0,187.0,3.0
BCI-IV-2b,5,within,within_fold0,42,1.0,1.0,pruned,0.3,True,inf,ts,,0.2692,0.6346,52,68,146,68.0,202.0,3.0
BCI-IV-2b,5,official,official[0→1],0,1.0,1.0,pruned,0.3,True,inf,ts,,0.0143,0.5071,140,100,84,27.0,450.0,3.0
BCI-IV-2b,5,official,official[0→1],1,1.0,1.0,pruned,0.3,True,inf,ts,,0.0,0.5,140,84,84,35.0,440.0,3.0
BCI-IV-2b,5,official,official[0→1],2,1.0,1.0,pruned,0.3,True,inf,ts,,0.1571,0.5786,140,46,84,45.0,434.0,3.0
BCI-IV-2b,5,official,official[0→1],3,1.0,1.0,pruned,0.3,True,inf,ts,,0.0,0.5,140,76,84,37.0,453.0,3.0
BCI-IV-2b,5,official,official[0→1],42,1.0,1.0,pruned,0.3,True,inf,ts,,0.1857,0.5929,140,70,84,37.0,437.0,3.0
BCI-IV-2b,6,within,within_fold0,0,1.0,1.0,pruned,0.3,True,inf,ts,,-0.1667,0.4167,48,78,134,64.0,175.0,3.0
BCI-IV-2b,6,within,within_fold0,1,1.0,1.0,pruned,0.3,True,inf,ts,,-0.2083,0.3958,48,92,134,58.0,187.0,3.0
BCI-IV-2b,6,within,within_fold0,2,1.0,1.0,pruned,0.3,True,inf,ts,,-0.1667,0.4167,48,80,134,51.0,191.0,3.0
BCI-IV-2b,6,within,within_fold0,3,1.0,1.0,pruned,0.3,True,inf,ts,,0.1667,0.5833,48,64,134,63.0,180.0,3.0
BCI-IV-2b,6,within,within_fold0,42,1.0,1.0,pruned,0.3,True,inf,ts,,0.1667,0.5833,48,70,134,57.0,188.0,3.0
BCI-IV-2b,6,official,official[0→1],0,1.0,1.0,pruned,0.3,True,inf,ts,,0.0833,0.5417,120,80,84,43.0,393.0,3.0
BCI-IV-2b,6,official,official[0→1],1,1.0,1.0,pruned,0.3,True,inf,ts,,-0.0167,0.4917,120,72,84,40.0,396.0,3.0
BCI-IV-2b,6,official,official[0→1],2,1.0,1.0,pruned,0.3,True,inf,ts,,0.05,0.525,120,78,84,41.0,393.0,3.0
BCI-IV-2b,6,official,official[0→1],3,1.0,1.0,pruned,0.3,True,inf,ts,,0.0667,0.5333,120,80,84,37.0,384.0,3.0
BCI-IV-2b,6,official,official[0→1],42,1.0,1.0,pruned,0.3,True,inf,ts,,-0.1167,0.4417,120,72,84,41.0,387.0,3.0
BCI-IV-2b,7,within,within_fold0,0,1.0,1.0,pruned,0.3,True,inf,ts,,0.2083,0.6042,48,88,134,77.0,184.0,3.0
BCI-IV-2b,7,within,within_fold0,1,1.0,1.0,pruned,0.3,True,inf,ts,,0.125,0.5625,48,98,134,66.0,179.0,3.0
BCI-IV-2b,7,within,within_fold0,2,1.0,1.0,pruned,0.3,True,inf,ts,,0.0417,0.5208,48,62,134,62.0,183.0,3.0
BCI-IV-2b,7,within,within_fold0,3,1.0,1.0,pruned,0.3,True,inf,ts,,0.125,0.5625,48,52,134,58.0,190.0,3.0
BCI-IV-2b,7,within,within_fold0,42,1.0,1.0,pruned,0.3,True,inf,ts,,-0.0417,0.4792,48,98,134,69.0,192.0,3.0
BCI-IV-2b,7,official,official[0→1],0,1.0,1.0,pruned,0.3,True,inf,ts,,-0.0167,0.4917,120,100,84,39.0,396.0,3.0
BCI-IV-2b,7,official,official[0→1],1,1.0,1.0,pruned,0.3,True,inf,ts,,0.0167,0.5083,120,96,84,45.0,390.0,3.0
BCI-IV-2b,7,official,official[0→1],2,1.0,1.0,pruned,0.3,True,inf,ts,,0.1167,0.5583,120,47,84,41.0,382.0,3.0
BCI-IV-2b,7,official,official[0→1],3,1.0,1.0,pruned,0.3,True,inf,ts,,0.0667,0.5333,120,62,84,41.0,385.0,3.0
BCI-IV-2b,7,official,official[0→1],42,1.0,1.0,pruned,0.3,True,inf,ts,,0.05,0.525,120,40,84,45.0,376.0,3.0
BCI-IV-2b,8,within,within_fold0,0,1.0,1.0,pruned,0.3,True,inf,ts,,0.1071,0.5536,56,44,157,79.0,234.0,3.0
BCI-IV-2b,8,within,within_fold0,1,1.0,1.0,pruned,0.3,True,inf,ts,,-0.0714,0.4643,56,56,157,71.0,221.0,3.0
BCI-IV-2b,8,within,within_fold0,2,1.0,1.0,pruned,0.3,True,inf,ts,,0.2857,0.6429,56,62,157,81.0,214.0,3.0
BCI-IV-2b,8,within,within_fold0,3,1.0,1.0,pruned,0.3,True,inf,ts,,0.2143,0.6071,56,82,157,72.0,218.0,3.0
BCI-IV-2b,8,within,within_fold0,42,1.0,1.0,pruned,0.3,True,inf,ts,,0.1071,0.5536,56,48,157,73.0,206.0,3.0
BCI-IV-2b,8,official,official[0→1],0,1.0,1.0,pruned,0.3,True,inf,ts,,0.0167,0.5083,120,90,112,58.0,393.0,3.0
BCI-IV-2b,8,official,official[0→1],1,1.0,1.0,pruned,0.3,True,inf,ts,,0.0667,0.5333,120,78,112,53.0,390.0,3.0
BCI-IV-2b,8,official,official[0→1],2,1.0,1.0,pruned,0.3,True,inf,ts,,0.0333,0.5167,120,68,112,55.0,392.0,3.0
BCI-IV-2b,8,official,official[0→1],3,1.0,1.0,pruned,0.3,True,inf,ts,,-0.0667,0.4667,120,54,112,56.0,372.0,3.0
BCI-IV-2b,8,official,official[0→1],42,1.0,1.0,pruned,0.3,True,inf,ts,,0.0833,0.5417,120,64,112,58.0,396.0,3.0
BCI-IV-2b,9,within,within_fold0,0,1.0,1.0,pruned,0.3,True,inf,ts,,0.2083,0.6042,48,62,134,60.0,183.0,3.0
BCI-IV-2b,9,within,within_fold0,1,1.0,1.0,pruned,0.3,True,inf,ts,,0.2083,0.6042,48,80,134,68.0,193.0,3.0
BCI-IV-2b,9,within,within_fold0,2,1.0,1.0,pruned,0.3,True,inf,ts,,-0.25,0.375,48,74,134,64.0,185.0,3.0
BCI-IV-2b,9,within,within_fold0,3,1.0,1.0,pruned,0.3,True,inf,ts,,0.0833,0.5417,48,62,134,65.0,195.0,3.0
BCI-IV-2b,9,within,within_fold0,42,1.0,1.0,pruned,0.3,True,inf,ts,,-0.2917,0.3542,48,94,134,71.0,190.0,3.0
BCI-IV-2b,9,official,official[0→1],0,1.0,1.0,pruned,0.3,True,inf,ts,,0.1167,0.5583,120,52,84,44.0,377.0,3.0
BCI-IV-2b,9,official,official[0→1],1,1.0,1.0,pruned,0.3,True,inf,ts,,0.0167,0.5083,120,44,84,38.0,383.0,3.0
BCI-IV-2b,9,official,official[0→1],2,1.0,1.0,pruned,0.3,True,inf,ts,,0.2167,0.6083,120,96,84,37.0,391.0,3.0
BCI-IV-2b,9,official,official[0→1],3,1.0,1.0,pruned,0.3,True,inf,ts,,0.0,0.5,120,56,84,33.0,385.0,3.0
BCI-IV-2b,9,official,official[0→1],42,1.0,1.0,pruned,0.3,True,inf,ts,,0.0,0.5,120,52,84,38.0,377.0,3.0
BCI-IV-2b,1,within,within_fold0,0,1.0,1.0,pruned,0.3,True,inf,ts,,0.0833,0.5417,48,76,134,63.0,177.0,1.0
BCI-IV-2b,1,within,within_fold0,1,1.0,1.0,pruned,0.3,True,inf,ts,,0.0417,0.5208,48,64,134,66.0,196.0,1.0
BCI-IV-2b,1,within,within_fold0,2,1.0,1.0,pruned,0.3,True,inf,ts,,-0.0417,0.4792,48,92,134,71.0,182.0,1.0
BCI-IV-2b,1,within,within_fold0,3,1.0,1.0,pruned,0.3,True,inf,ts,,-0.0417,0.4792,48,72,134,71.0,178.0,1.0
BCI-IV-2b,1,within,within_fold0,42,1.0,1.0,pruned,0.3,True,inf,ts,,0.0833,0.5417,48,76,134,61.0,184.0,1.0
BCI-IV-2b,1,official,official[0→1],0,1.0,1.0,pruned,0.3,True,inf,ts,,0.3333,0.6667,120,68,84,41.0,376.0,1.0
BCI-IV-2b,1,official,official[0→1],1,1.0,1.0,pruned,0.3,True,inf,ts,,0.1,0.55,120,60,84,47.0,393.0,1.0
BCI-IV-2b,1,official,official[0→1],2,1.0,1.0,pruned,0.3,True,inf,ts,,0.05,0.525,120,88,84,41.0,382.0,1.0
BCI-IV-2b,1,official,official[0→1],3,1.0,1.0,pruned,0.3,True,inf,ts,,-0.0167,0.4917,120,90,84,43.0,394.0,1.0
BCI-IV-2b,1,official,official[0→1],42,1.0,1.0,pruned,0.3,True,inf,ts,,-0.0833,0.4583,120,52,84,35.0,388.0,1.0
BCI-IV-2b,2,within,within_fold0,0,1.0,1.0,pruned,0.3,True,inf,ts,,-0.1667,0.4167,48,48,134,73.0,194.0,1.0
BCI-IV-2b,2,within,within_fold0,1,1.0,1.0,pruned,0.3,True,inf,ts,,-0.2083,0.3958,48,78,134,53.0,195.0,1.0
BCI-IV-2b,2,within,within_fold0,2,1.0,1.0,pruned,0.3,True,inf,ts,,0.0,0.5,48,54,134,67.0,203.0,1.0
BCI-IV-2b,2,within,within_fold0,3,1.0,1.0,pruned,0.3,True,inf,ts,,0.2917,0.6458,48,78,134,59.0,187.0,1.0
BCI-IV-2b,2,within,within_fold0,42,1.0,1.0,pruned,0.3,True,inf,ts,,-0.0417,0.4792,48,86,134,76.0,186.0,1.0
BCI-IV-2b,2,official,official[0→1],0,1.0,1.0,pruned,0.3,True,inf,ts,,-0.0167,0.4917,120,94,84,41.0,382.0,1.0
BCI-IV-2b,2,official,official[0→1],1,1.0,1.0,pruned,0.3,True,inf,ts,,0.15,0.575,120,62,84,40.0,397.0,1.0
BCI-IV-2b,2,official,official[0→1],2,1.0,1.0,pruned,0.3,True,inf,ts,,-0.0333,0.4833,120,58,84,34.0,392.0,1.0
BCI-IV-2b,2,official,official[0→1],3,1.0,1.0,pruned,0.3,True,inf,ts,,-0.1667,0.4167,120,56,84,41.0,394.0,1.0
BCI-IV-2b,2,official,official[0→1],42,1.0,1.0,pruned,0.3,True,inf,ts,,0.1,0.55,120,60,84,45.0,377.0,1.0
BCI-IV-2b,3,within,within_fold0,0,1.0,1.0,pruned,0.3,True,inf,ts,,0.0,0.5,48,46,134,67.0,179.0,1.0
BCI-IV-2b,3,within,within_fold0,1,1.0,1.0,pruned,0.3,True,inf,ts,,0.0,0.5,48,86,134,63.0,172.0,1.0
BCI-IV-2b,3,within,within_fold0,2,1.0,1.0,pruned,0.3,True,inf,ts,,-0.0417,0.4792,48,84,134,71.0,169.0,1.0
BCI-IV-2b,3,within,within_fold0,3,1.0,1.0,pruned,0.3,True,inf,ts,,-0.0833,0.4583,48,42,134,63.0,179.0,1.0
BCI-IV-2b,3,within,within_fold0,42,1.0,1.0,pruned,0.3,True,inf,ts,,0.2083,0.6042,48,76,134,67.0,186.0,1.0
BCI-IV-2b,3,official,official[0→1],0,1.0,1.0,pruned,0.3,True,inf,ts,,-0.0167,0.4917,120,16,84,32.0,360.0,1.0
BCI-IV-2b,3,official,official[0→1],1,1.0,1.0,pruned,0.3,True,inf,ts,,0.0,0.5,120,96,84,34.0,387.0,1.0
BCI-IV-2b,3,official,official[0→1],2,1.0,1.0,pruned,0.3,True,inf,ts,,0.1167,0.5583,120,18,84,36.0,360.0,1.0
BCI-IV-2b,3,official,official[0→1],3,1.0,1.0,pruned,0.3,True,inf,ts,,0.1,0.55,120,52,84,35.0,382.0,1.0
BCI-IV-2b,3,official,official[0→1],42,1.0,1.0,pruned,0.3,True,inf,ts,,-0.0333,0.4833,120,64,84,38.0,384.0,1.0
BCI-IV-2b,4,within,within_fold0,0,1.0,1.0,pruned,0.3,True,inf,ts,,0.2308,0.6154,52,84,146,54.0,190.0,1.0
BCI-IV-2b,4,within,within_fold0,1,1.0,1.0,pruned,0.3,True,inf,ts,,0.1154,0.5577,52,82,146,56.0,188.0,1.0
BCI-IV-2b,4,within,within_fold0,2,1.0,1.0,pruned,0.3,True,inf,ts,,0.1154,0.5577,52,90,146,69.0,213.0,1.0
BCI-IV-2b,4,within,within_fold0,3,1.0,1.0,pruned,0.3,True,inf,ts,,0.4231,0.7115,52,70,146,54.0,184.0,1.0
BCI-IV-2b,4,within,within_fold0,42,1.0,1.0,pruned,0.3,True,inf,ts,,0.1538,0.5769,52,86,146,70.0,207.0,1.0
BCI-IV-2b,4,official,official[0→1],0,1.0,1.0,pruned,0.3,True,inf,ts,,0.2714,0.6357,140,86,84,35.0,444.0,1.0
BCI-IV-2b,4,official,official[0→1],1,1.0,1.0,pruned,0.3,True,inf,ts,,0.1857,0.5929,140,84,84,40.0,447.0,1.0
BCI-IV-2b,4,official,official[0→1],2,1.0,1.0,pruned,0.3,True,inf,ts,,0.2,0.6,140,100,84,41.0,443.0,1.0
BCI-IV-2b,4,official,official[0→1],3,1.0,1.0,pruned,0.3,True,inf,ts,,0.1857,0.5929,140,76,84,27.0,445.0,1.0
BCI-IV-2b,4,official,official[0→1],42,1.0,1.0,pruned,0.3,True,inf,ts,,0.2,0.6,140,86,84,41.0,443.0,1.0
BCI-IV-2b,5,within,within_fold0,0,1.0,1.0,pruned,0.3,True,inf,ts,,0.0769,0.5385,52,100,146,61.0,208.0,1.0
BCI-IV-2b,5,within,within_fold0,1,1.0,1.0,pruned,0.3,True,inf,ts,,0.0385,0.5192,52,100,146,62.0,194.0,1.0
BCI-IV-2b,5,within,within_fold0,2,1.0,1.0,pruned,0.3,True,inf,ts,,0.3077,0.6538,52,74,146,73.0,192.0,1.0
BCI-IV-2b,5,within,within_fold0,3,1.0,1.0,pruned,0.3,True,inf,ts,,0.0,0.5,52,100,146,67.0,188.0,1.0
BCI-IV-2b,5,within,within_fold0,42,1.0,1.0,pruned,0.3,True,inf,ts,,0.3077,0.6538,52,68,146,69.0,198.0,1.0
BCI-IV-2b,5,official,official[0→1],0,1.0,1.0,pruned,0.3,True,inf,ts,,0.0143,0.5071,140,100,84,27.0,449.0,1.0
BCI-IV-2b,5,official,official[0→1],1,1.0,1.0,pruned,0.3,True,inf,ts,,-0.0286,0.4857,140,84,84,33.0,442.0,1.0
BCI-IV-2b,5,official,official[0→1],2,1.0,1.0,pruned,0.3,True,inf,ts,,0.1571,0.5786,140,46,84,47.0,437.0,1.0
BCI-IV-2b,5,official,official[0→1],3,1.0,1.0,pruned,0.3,True,inf,ts,,-0.0286,0.4857,140,76,84,39.0,452.0,1.0
BCI-IV-2b,5,official,official[0→1],42,1.0,1.0,pruned,0.3,True,inf,ts,,0.1571,0.5786,140,70,84,36.0,436.0,1.0
BCI-IV-2b,6,within,within_fold0,0,1.0,1.0,pruned,0.3,True,inf,ts,,-0.0833,0.4583,48,78,134,61.0,176.0,1.0
BCI-IV-2b,6,within,within_fold0,1,1.0,1.0,pruned,0.3,True,inf,ts,,-0.2083,0.3958,48,92,134,54.0,186.0,1.0
BCI-IV-2b,6,within,within_fold0,2,1.0,1.0,pruned,0.3,True,inf,ts,,-0.1667,0.4167,48,80,134,53.0,192.0,1.0
BCI-IV-2b,6,within,within_fold0,3,1.0,1.0,pruned,0.3,True,inf,ts,,0.125,0.5625,48,64,134,67.0,176.0,1.0
BCI-IV-2b,6,within,within_fold0,42,1.0,1.0,pruned,0.3,True,inf,ts,,0.1667,0.5833,48,70,134,62.0,190.0,1.0
BCI-IV-2b,6,official,official[0→1],0,1.0,1.0,pruned,0.3,True,inf,ts,,0.0167,0.5083,120,80,84,41.0,390.0,1.0
BCI-IV-2b,6,official,official[0→1],1,1.0,1.0,pruned,0.3,True,inf,ts,,0.0333,0.5167,120,72,84,42.0,395.0,1.0
BCI-IV-2b,6,official,official[0→1],2,1.0,1.0,pruned,0.3,True,inf,ts,,0.0833,0.5417,120,78,84,39.0,394.0,1.0
BCI-IV-2b,6,official,official[0→1],3,1.0,1.0,pruned,0.3,True,inf,ts,,0.1667,0.5833,120,80,84,39.0,384.0,1.0
BCI-IV-2b,6,official,official[0→1],42,1.0,1.0,pruned,0.3,True,inf,ts,,0.05,0.525,120,72,84,39.0,388.0,1.0
BCI-IV-2b,7,within,within_fold0,0,1.0,1.0,pruned,0.3,True,inf,ts,,0.2083,0.6042,48,88,134,76.0,185.0,1.0
BCI-IV-2b,7,within,within_fold0,1,1.0,1.0,pruned,0.3,True,inf,ts,,0.125,0.5625,48,98,134,69.0,179.0,1.0
BCI-IV-2b,7,within,within_fold0,2,1.0,1.0,pruned,0.3,True,inf,ts,,0.1667,0.5833,48,62,134,62.0,181.0,1.0
BCI-IV-2b,7,within,within_fold0,3,1.0,1.0,pruned,0.3,True,inf,ts,,0.0417,0.5208,48,52,134,58.0,188.0,1.0
BCI-IV-2b,7,within,within_fold0,42,1.0,1.0,pruned,0.3,True,inf,ts,,0.0,0.5,48,98,134,71.0,188.0,1.0
BCI-IV-2b,7,official,official[0→1],0,1.0,1.0,pruned,0.3,True,inf,ts,,-0.0167,0.4917,120,100,84,39.0,394.0,1.0
BCI-IV-2b,7,official,official[0→1],1,1.0,1.0,pruned,0.3,True,inf,ts,,0.0167,0.5083,120,96,84,46.0,390.0,1.0
BCI-IV-2b,7,official,official[0→1],2,1.0,1.0,pruned,0.3,True,inf,ts,,0.0667,0.5333,120,47,84,43.0,385.0,1.0
BCI-IV-2b,7,official,official[0→1],3,1.0,1.0,pruned,0.3,True,inf,ts,,0.0,0.5,120,62,84,44.0,384.0,1.0
BCI-IV-2b,7,official,official[0→1],42,1.0,1.0,pruned,0.3,True,inf,ts,,-0.0333,0.4833,120,40,84,44.0,378.0,1.0
BCI-IV-2b,8,within,within_fold0,0,1.0,1.0,pruned,0.3,True,inf,ts,,0.0357,0.5179,56,44,157,82.0,230.0,1.0
BCI-IV-2b,8,within,within_fold0,1,1.0,1.0,pruned,0.3,True,inf,ts,,0.0357,0.5179,56,56,157,68.0,224.0,1.0
BCI-IV-2b,8,within,within_fold0,2,1.0,1.0,pruned,0.3,True,inf,ts,,0.25,0.625,56,62,157,80.0,218.0,1.0
BCI-IV-2b,8,within,within_fold0,3,1.0,1.0,pruned,0.3,True,inf,ts,,0.1429,0.5714,56,82,157,74.0,219.0,1.0
BCI-IV-2b,8,within,within_fold0,42,1.0,1.0,pruned,0.3,True,inf,ts,,0.0357,0.5179,56,48,157,72.0,202.0,1.0
BCI-IV-2b,8,official,official[0→1],0,1.0,1.0,pruned,0.3,True,inf,ts,,-0.05,0.475,120,90,112,60.0,392.0,1.0
BCI-IV-2b,8,official,official[0→1],1,1.0,1.0,pruned,0.3,True,inf,ts,,0.1833,0.5917,120,78,112,56.0,394.0,1.0
BCI-IV-2b,8,official,official[0→1],2,1.0,1.0,pruned,0.3,True,inf,ts,,0.05,0.525,120,68,112,56.0,391.0,1.0
BCI-IV-2b,8,official,official[0→1],3,1.0,1.0,pruned,0.3,True,inf,ts,,0.0167,0.5083,120,54,112,56.0,375.0,1.0
BCI-IV-2b,8,official,official[0→1],42,1.0,1.0,pruned,0.3,True,inf,ts,,0.0667,0.5333,120,64,112,59.0,392.0,1.0
BCI-IV-2b,9,within,within_fold0,0,1.0,1.0,pruned,0.3,True,inf,ts,,0.25,0.625,48,62,134,66.0,180.0,1.0
BCI-IV-2b,9,within,within_fold0,1,1.0,1.0,pruned,0.3,True,inf,ts,,0.25,0.625,48,80,134,67.0,195.0,1.0
BCI-IV-2b,9,within,within_fold0,2,1.0,1.0,pruned,0.3,True,inf,ts,,-0.2083,0.3958,48,74,134,62.0,185.0,1.0
BCI-IV-2b,9,within,within_fold0,3,1.0,1.0,pruned,0.3,True,inf,ts,,0.0417,0.5208,48,62,134,62.0,192.0,1.0
BCI-IV-2b,9,within,within_fold0,42,1.0,1.0,pruned,0.3,True,inf,ts,,0.0,0.5,48,94,134,70.0,185.0,1.0
BCI-IV-2b,9,official,official[0→1],0,1.0,1.0,pruned,0.3,True,inf,ts,,0.1333,0.5667,120,52,84,45.0,379.0,1.0
BCI-IV-2b,9,official,official[0→1],1,1.0,1.0,pruned,0.3,True,inf,ts,,0.0333,0.5167,120,44,84,35.0,382.0,1.0
BCI-IV-2b,9,official,official[0→1],2,1.0,1.0,pruned,0.3,True,inf,ts,,0.2167,0.6083,120,96,84,37.0,390.0,1.0
BCI-IV-2b,9,official,official[0→1],3,1.0,1.0,pruned,0.3,True,inf,ts,,0.0167,0.5083,120,56,84,33.0,385.0,1.0
BCI-IV-2b,9,official,official[0→1],42,1.0,1.0,pruned,0.3,True,inf,ts,,-0.0167,0.4917,120,52,84,38.0,379.0,1.0
