dataset,subject,protocol,fold_name,seed,alpha,calibration_frac,window_size,n_components,include_riemann_arms,epoch_seconds,kappa,accuracy,n_test,n_arms_surviving,stream_rounds_run,final_regret,error
WAUC,1,within,within_fold0,0,0.5,0.3,50,4,False,4.0,0.2751719824890557,0.6432748538011696,171,100,477,165.0,
WAUC,1,within,within_fold0,1,0.5,0.3,50,4,False,4.0,0.39399624765478425,0.7017543859649122,171,90,477,149.0,
WAUC,1,within,within_fold0,2,0.5,0.3,50,4,False,4.0,0.31066917495296964,0.6491228070175439,171,98,465,150.0,
WAUC,1,within,within_fold0,3,0.5,0.3,50,4,False,4.0,0.20672658741664252,0.6257309941520468,171,100,477,167.0,
WAUC,1,within,within_fold0,42,0.5,0.3,50,4,False,4.0,0.4523521457547506,0.7368421052631579,171,100,477,161.0,
WAUC,2,within,within_fold0,0,0.5,0.3,50,4,False,4.0,0.6856283331054287,0.8429752066115702,121,100,337,51.0,
WAUC,2,within,within_fold0,1,0.5,0.3,50,4,False,4.0,0.834609075997813,0.9173553719008265,121,100,337,47.0,
WAUC,2,within,within_fold0,2,0.5,0.3,50,4,False,4.0,0.7852559726962457,0.8925619834710744,121,100,337,45.0,
WAUC,2,within,within_fold0,3,0.5,0.3,50,4,False,4.0,0.6032786885245902,0.8016528925619835,121,100,337,37.0,
WAUC,2,within,within_fold0,42,0.5,0.3,50,4,False,4.0,0.6689466484268126,0.8347107438016529,121,100,337,43.0,
WAUC,3,within,within_fold0,0,0.5,0.3,50,4,False,4.0,0.10279406691962745,0.5555555555555556,153,64,426,140.0,
WAUC,3,within,within_fold0,1,0.5,0.3,50,4,False,4.0,0.32443847187560004,0.6993464052287581,153,72,426,134.0,
WAUC,3,within,within_fold0,2,0.5,0.3,50,4,False,4.0,0.42029387302467425,0.7320261437908496,153,72,426,121.0,
WAUC,3,within,within_fold0,3,0.5,0.3,50,4,False,4.0,0.38851194348917184,0.7189542483660131,153,76,426,137.0,
WAUC,3,within,within_fold0,42,0.5,0.3,50,4,False,4.0,0.5224628771398846,0.7843137254901961,153,80,370,106.0,
WAUC,4,within,within_fold0,0,0.5,0.3,50,4,False,4.0,0.3586956521739131,0.6793478260869565,184,94,513,173.0,
WAUC,4,within,within_fold0,1,0.5,0.3,50,4,False,4.0,0.32608695652173914,0.6630434782608695,184,100,513,155.0,
WAUC,4,within,within_fold0,2,0.5,0.3,50,4,False,4.0,0.2282608695652174,0.6141304347826086,184,98,513,170.0,
WAUC,4,within,within_fold0,3,0.5,0.3,50,4,False,4.0,0.40217391304347827,0.7010869565217391,184,100,503,161.0,
WAUC,4,within,within_fold0,42,0.5,0.3,50,4,False,4.0,0.2065217391304348,0.6032608695652174,184,96,513,175.0,
WAUC,5,within,within_fold0,0,0.5,0.3,50,4,False,4.0,0.5716903344021989,0.786096256684492,187,100,521,97.0,
WAUC,5,within,within_fold0,1,0.5,0.3,50,4,False,4.0,0.4654699291104505,0.732620320855615,187,100,521,114.0,
WAUC,5,within,within_fold0,2,0.5,0.3,50,4,False,4.0,0.5396988951857576,0.7700534759358288,187,100,521,105.0,
WAUC,5,within,within_fold0,3,0.5,0.3,50,4,False,4.0,0.48614609571788414,0.7433155080213903,187,100,521,106.0,
WAUC,5,within,within_fold0,42,0.5,0.3,50,4,False,4.0,0.5078947368421052,0.7540106951871658,187,100,521,130.0,
WAUC,6,within,within_fold0,0,0.5,0.3,50,4,False,4.0,0.4285131433234248,0.7135135135135136,185,100,480,136.0,
WAUC,6,within,within_fold0,1,0.5,0.3,50,4,False,4.0,0.5239209264241431,0.7621621621621621,185,100,515,120.0,
WAUC,6,within,within_fold0,2,0.5,0.3,50,4,False,4.0,0.4386742910491306,0.7189189189189189,185,100,515,111.0,
WAUC,6,within,within_fold0,3,0.5,0.3,50,4,False,4.0,0.6108449222858479,0.8054054054054054,185,100,515,112.0,
WAUC,6,within,within_fold0,42,0.5,0.3,50,4,False,4.0,0.6006184724896435,0.8,185,100,515,121.0,
WAUC,7,within,within_fold0,0,0.5,0.3,50,4,False,4.0,0.40583941605839413,0.7027027027027027,185,100,517,159.0,
WAUC,7,within,within_fold0,1,0.5,0.3,50,4,False,4.0,0.4126984126984127,0.7081081081081081,185,100,517,158.0,
WAUC,7,within,within_fold0,2,0.5,0.3,50,4,False,4.0,0.38170624450307833,0.6918918918918919,185,100,420,138.0,
WAUC,7,within,within_fold0,3,0.5,0.3,50,4,False,4.0,0.5121593905654849,0.7567567567567568,185,100,517,196.0,
WAUC,7,within,within_fold0,42,0.5,0.3,50,4,False,4.0,0.37324766355140193,0.6864864864864865,185,100,517,181.0,
WAUC,8,within,within_fold0,0,0.5,0.3,50,4,False,4.0,0.42391304347826086,0.7119565217391305,184,100,512,177.0,
WAUC,8,within,within_fold0,1,0.5,0.3,50,4,False,4.0,0.5,0.75,184,100,512,149.0,
WAUC,8,within,within_fold0,2,0.5,0.3,50,4,False,4.0,0.44565217391304346,0.7228260869565217,184,100,512,152.0,
WAUC,8,within,within_fold0,3,0.5,0.3,50,4,False,4.0,0.3695652173913043,0.6847826086956522,184,100,512,153.0,
WAUC,8,within,within_fold0,42,0.5,0.3,50,4,False,4.0,0.5217391304347826,0.7608695652173914,184,100,512,152.0,
WAUC,9,within,within_fold0,0,0.5,0.3,50,4,False,4.0,0.47060432048126877,0.7355371900826446,121,100,339,88.0,
WAUC,9,within,within_fold0,1,0.5,0.3,50,4,False,4.0,0.48623476236132046,0.743801652892562,121,100,284,58.0,
WAUC,9,within,within_fold0,2,0.5,0.3,50,4,False,4.0,0.5034199726402189,0.7520661157024794,121,100,339,85.0,
WAUC,9,within,within_fold0,3,0.5,0.3,50,4,False,4.0,0.6036036036036037,0.8016528925619835,121,100,339,77.0,
WAUC,9,within,within_fold0,42,0.5,0.3,50,4,False,4.0,0.536144578313253,0.768595041322314,121,100,339,93.0,
WAUC,10,within,within_fold0,0,0.5,0.3,50,4,False,4.0,0.5776997366110623,0.7891891891891892,185,100,516,106.0,
WAUC,10,within,within_fold0,1,0.5,0.3,50,4,False,4.0,0.5244771585465591,0.7621621621621621,185,100,516,128.0,
WAUC,10,within,within_fold0,2,0.5,0.3,50,4,False,4.0,0.6003386465814211,0.8,185,100,516,118.0,
WAUC,10,within,within_fold0,3,0.5,0.3,50,4,False,4.0,0.31893881844212,0.6594594594594595,185,100,516,111.0,
WAUC,10,within,within_fold0,42,0.5,0.3,50,4,False,4.0,0.5897525676937442,0.7945945945945946,185,100,516,125.0,
WAUC,11,within,within_fold0,0,0.5,0.3,50,4,False,4.0,0.9039200614911607,0.952,125,100,347,21.0,
WAUC,11,within,within_fold0,1,0.5,0.3,50,4,False,4.0,0.9039200614911607,0.952,125,100,347,26.0,
WAUC,11,within,within_fold0,2,0.5,0.3,50,4,False,4.0,0.9520153550863724,0.976,125,100,347,19.0,
WAUC,11,within,within_fold0,3,0.5,0.3,50,4,False,4.0,0.967989756722151,0.984,125,100,347,20.0,
WAUC,11,within,within_fold0,42,0.5,0.3,50,4,False,4.0,0.9200255918106206,0.96,125,100,347,17.0,
WAUC,12,within,within_fold0,0,0.5,0.3,50,4,False,4.0,0.43115983843046735,0.7150537634408602,186,100,520,140.0,
WAUC,12,within,within_fold0,1,0.5,0.3,50,4,False,4.0,0.5046317739694303,0.7526881720430108,186,100,520,132.0,
WAUC,12,within,within_fold0,2,0.5,0.3,50,4,False,4.0,0.5482303955586398,0.7741935483870968,186,100,480,140.0,
WAUC,12,within,within_fold0,3,0.5,0.3,50,4,False,4.0,0.5263888888888889,0.7634408602150538,186,100,520,126.0,
WAUC,12,within,within_fold0,42,0.5,0.3,50,4,False,4.0,0.31095160916878906,0.6559139784946236,186,100,520,130.0,
WAUC,13,within,within_fold0,0,0.5,0.3,50,4,False,4.0,0.4294731579276295,0.7150837988826816,179,100,499,139.0,
WAUC,13,within,within_fold0,1,0.5,0.3,50,4,False,4.0,0.24510047134706026,0.6201117318435754,179,100,431,150.0,
WAUC,13,within,within_fold0,2,0.5,0.3,50,4,False,4.0,0.4530772588389349,0.7262569832402235,179,100,499,136.0,
WAUC,13,within,within_fold0,3,0.5,0.3,50,4,False,4.0,0.2887122811374644,0.6424581005586593,179,100,499,183.0,
WAUC,13,within,within_fold0,42,0.5,0.3,50,4,False,4.0,0.4730347635452553,0.7374301675977654,179,100,499,139.0,
WAUC,14,within,within_fold0,0,0.5,0.3,50,4,False,4.0,0.7000740557886942,0.85,180,100,503,78.0,
WAUC,14,within,within_fold0,1,0.5,0.3,50,4,False,4.0,0.6881188118811881,0.8444444444444444,180,100,503,88.0,
WAUC,14,within,within_fold0,2,0.5,0.3,50,4,False,4.0,0.6775389177168273,0.8388888888888889,180,100,503,98.0,
WAUC,14,within,within_fold0,3,0.5,0.3,50,4,False,4.0,0.6671597633136095,0.8333333333333334,180,100,503,110.0,
WAUC,14,within,within_fold0,42,0.5,0.3,50,4,False,4.0,0.6558105107327905,0.8277777777777777,180,100,503,85.0,
WAUC,15,within,within_fold0,0,0.5,0.3,50,4,False,4.0,0.48629277907185087,0.7431693989071039,183,100,423,125.0,
WAUC,15,within,within_fold0,1,0.5,0.3,50,4,False,4.0,0.3099299694738733,0.6557377049180327,183,78,510,136.0,
WAUC,15,within,within_fold0,2,0.5,0.3,50,4,False,4.0,0.35389862964514396,0.6775956284153005,183,100,459,116.0,
WAUC,15,within,within_fold0,3,0.5,0.3,50,4,False,4.0,0.2883637451390967,0.644808743169399,183,100,510,119.0,
WAUC,15,within,within_fold0,42,0.5,0.3,50,4,False,4.0,0.31067264573991027,0.6557377049180327,183,86,510,132.0,
WAUC,16,within,within_fold0,0,0.5,0.3,50,4,False,4.0,1.0,1.0,124,96,280,24.0,
WAUC,16,within,within_fold0,1,0.5,0.3,50,4,False,4.0,0.9361702127659575,0.9758064516129032,124,100,344,24.0,
WAUC,16,within,within_fold0,2,0.5,0.3,50,4,False,4.0,0.6851851851851851,0.8629032258064516,124,100,344,19.0,
WAUC,16,within,within_fold0,3,0.5,0.3,50,4,False,4.0,1.0,1.0,124,100,344,18.0,
WAUC,16,within,within_fold0,42,0.5,0.3,50,4,False,4.0,0.7802197802197802,0.9193548387096774,124,100,344,14.0,
WAUC,17,within,within_fold0,0,0.5,0.3,50,4,False,4.0,0.47784045124899277,0.75,144,100,403,103.0,
WAUC,17,within,within_fold0,1,0.5,0.3,50,4,False,4.0,0.6518936341659951,0.8333333333333334,144,100,403,105.0,
WAUC,17,within,within_fold0,2,0.5,0.3,50,4,False,4.0,0.5618374558303887,0.7847222222222222,144,98,403,95.0,
WAUC,17,within,within_fold0,3,0.5,0.3,50,4,False,4.0,0.3434650455927052,0.6666666666666666,144,100,403,101.0,
WAUC,17,within,within_fold0,42,0.5,0.3,50,4,False,4.0,0.5317303902246748,0.7708333333333334,144,100,403,92.0,
WAUC,18,within,within_fold0,0,0.5,0.3,50,4,False,4.0,0.45944366526414215,0.7297297297297297,185,100,516,141.0,
WAUC,18,within,within_fold0,1,0.5,0.3,50,4,False,4.0,0.5358539004609371,0.7675675675675676,185,100,516,121.0,
WAUC,18,within,within_fold0,2,0.5,0.3,50,4,False,4.0,0.5359622003149973,0.7675675675675676,185,100,516,116.0,
WAUC,18,within,within_fold0,3,0.5,0.3,50,4,False,4.0,0.2638970157987126,0.6324324324324324,185,100,516,140.0,
WAUC,18,within,within_fold0,42,0.5,0.3,50,4,False,4.0,0.40521423978488347,0.7027027027027027,185,100,516,152.0,
WAUC,19,within,within_fold0,0,0.5,0.3,50,4,False,4.0,0.7174246898995865,0.8586956521739131,184,100,514,92.0,
WAUC,19,within,within_fold0,1,0.5,0.3,50,4,False,4.0,0.6639170398303087,0.8315217391304348,184,100,514,102.0,
WAUC,19,within,within_fold0,2,0.5,0.3,50,4,False,4.0,0.696333844158906,0.8478260869565217,184,100,514,91.0,
WAUC,19,within,within_fold0,3,0.5,0.3,50,4,False,4.0,0.6747200942840306,0.8369565217391305,184,100,514,107.0,
WAUC,19,within,within_fold0,42,0.5,0.3,50,4,False,4.0,0.5986795567083235,0.7989130434782609,184,100,514,95.0,
WAUC,20,within,within_fold0,0,0.5,0.3,50,4,False,4.0,0.4298438403701561,0.7150537634408602,186,100,519,160.0,
WAUC,20,within,within_fold0,1,0.5,0.3,50,4,False,4.0,0.23673563749855508,0.6182795698924731,186,100,519,182.0,
WAUC,20,within,within_fold0,2,0.5,0.3,50,4,False,4.0,0.4299757141205043,0.7150537634408602,186,100,519,159.0,
WAUC,20,within,within_fold0,3,0.5,0.3,50,4,False,4.0,0.34332677393216804,0.6720430107526881,186,74,493,149.0,
WAUC,20,within,within_fold0,42,0.5,0.3,50,4,False,4.0,0.2139631816602987,0.6075268817204301,186,100,519,152.0,
WAUC,21,within,within_fold0,0,0.5,0.3,50,4,False,4.0,0.5662368112543963,0.7837837837837838,185,100,429,114.0,
WAUC,21,within,within_fold0,1,0.5,0.3,50,4,False,4.0,0.35072531586335987,0.6756756756756757,185,100,518,162.0,
WAUC,21,within,within_fold0,2,0.5,0.3,50,4,False,4.0,0.5994030549540587,0.8,185,100,518,142.0,
WAUC,21,within,within_fold0,3,0.5,0.3,50,4,False,4.0,0.3465975983046856,0.6756756756756757,185,100,451,112.0,
WAUC,21,within,within_fold0,42,0.5,0.3,50,4,False,4.0,0.4929142123986703,0.745945945945946,185,100,498,140.0,
WAUC,22,within,within_fold0,0,0.5,0.3,50,4,False,4.0,0.6607666088620463,0.8306010928961749,183,100,510,105.0,
WAUC,22,within,within_fold0,1,0.5,0.3,50,4,False,4.0,0.6284929543826129,0.8142076502732241,183,100,510,125.0,
WAUC,22,within,within_fold0,2,0.5,0.3,50,4,False,4.0,0.5079763398458506,0.7540983606557377,183,100,510,105.0,
WAUC,22,within,within_fold0,3,0.5,0.3,50,4,False,4.0,0.5845878136200717,0.7923497267759563,183,100,510,121.0,
WAUC,22,within,within_fold0,42,0.5,0.3,50,4,False,4.0,0.6500956022944551,0.825136612021858,183,100,510,119.0,
WAUC,24,within,within_fold0,0,0.5,0.3,50,4,False,4.0,0.27628890056635713,0.6378378378378379,185,100,516,178.0,
WAUC,24,within,within_fold0,1,0.5,0.3,50,4,False,4.0,0.14666900216033163,0.572972972972973,185,90,516,165.0,
WAUC,24,within,within_fold0,2,0.5,0.3,50,4,False,4.0,0.3183811918825662,0.6594594594594595,185,100,516,194.0,
WAUC,24,within,within_fold0,3,0.5,0.3,50,4,False,4.0,0.2982200175080245,0.6486486486486487,185,100,516,178.0,
WAUC,24,within,within_fold0,42,0.5,0.3,50,4,False,4.0,0.4597593739049177,0.7297297297297297,185,100,516,190.0,
WAUC,25,within,within_fold0,0,0.5,0.3,50,4,False,4.0,0.5268817204301075,0.7634408602150538,186,100,520,139.0,
WAUC,25,within,within_fold0,1,0.5,0.3,50,4,False,4.0,0.4408602150537635,0.7204301075268817,186,100,520,139.0,
WAUC,25,within,within_fold0,2,0.5,0.3,50,4,False,4.0,0.5268817204301075,0.7634408602150538,186,100,520,141.0,
WAUC,25,within,within_fold0,3,0.5,0.3,50,4,False,4.0,0.34408602150537637,0.6720430107526881,186,100,451,158.0,
WAUC,25,within,within_fold0,42,0.5,0.3,50,4,False,4.0,0.6021505376344086,0.8010752688172043,186,100,520,131.0,
WAUC,27,within,within_fold0,0,0.5,0.3,50,4,False,4.0,0.22250701818625662,0.6153846153846154,182,92,507,185.0,
WAUC,27,within,within_fold0,1,0.5,0.3,50,4,False,4.0,0.38609806047464157,0.6923076923076923,182,94,507,172.0,
WAUC,27,within,within_fold0,2,0.5,0.3,50,4,False,4.0,0.32821009318649397,0.6648351648351648,182,96,507,188.0,
WAUC,27,within,within_fold0,3,0.5,0.3,50,4,False,4.0,0.2621323974343458,0.6318681318681318,182,86,507,168.0,
WAUC,27,within,within_fold0,42,0.5,0.3,50,4,False,4.0,0.31868131868131866,0.6593406593406593,182,100,507,173.0,
WAUC,29,within,within_fold0,0,0.5,0.3,50,4,False,4.0,0.3804347826086957,0.6902173913043478,184,50,471,175.0,
WAUC,29,within,within_fold0,1,0.5,0.3,50,4,False,4.0,0.3804347826086957,0.6902173913043478,184,34,514,202.0,
WAUC,29,within,within_fold0,2,0.5,0.3,50,4,False,4.0,0.3369565217391305,0.6684782608695652,184,56,475,185.0,
WAUC,29,within,within_fold0,3,0.5,0.3,50,4,False,4.0,0.4130434782608695,0.7065217391304348,184,80,514,184.0,
WAUC,29,within,within_fold0,42,0.5,0.3,50,4,False,4.0,0.4130434782608695,0.7065217391304348,184,38,435,158.0,
WAUC,30,within,within_fold0,0,0.5,0.3,50,4,False,4.0,0.4130434782608695,0.7065217391304348,184,100,512,165.0,
WAUC,30,within,within_fold0,1,0.5,0.3,50,4,False,4.0,0.46739130434782605,0.7336956521739131,184,100,437,130.0,
WAUC,30,within,within_fold0,2,0.5,0.3,50,4,False,4.0,0.40217391304347827,0.7010869565217391,184,100,512,160.0,
WAUC,30,within,within_fold0,3,0.5,0.3,50,4,False,4.0,0.5543478260869565,0.7771739130434783,184,100,512,141.0,
WAUC,30,within,within_fold0,42,0.5,0.3,50,4,False,4.0,0.3586956521739131,0.6793478260869565,184,100,512,142.0,
WAUC,31,within,within_fold0,0,0.5,0.3,50,4,False,4.0,0.24442896935933145,0.6236559139784946,186,82,518,208.0,
WAUC,31,within,within_fold0,1,0.5,0.3,50,4,False,4.0,0.1418685121107266,0.5698924731182796,186,56,518,204.0,
WAUC,31,within,within_fold0,2,0.5,0.3,50,4,False,4.0,0.2899120777417863,0.6451612903225806,186,92,518,196.0,
WAUC,31,within,within_fold0,3,0.5,0.3,50,4,False,4.0,0.10670061335493575,0.553763440860215,186,98,518,221.0,
WAUC,31,within,within_fold0,42,0.5,0.3,50,4,False,4.0,0.1418685121107266,0.5698924731182796,186,42,518,218.0,
WAUC,32,within,within_fold0,0,0.5,0.3,50,4,False,4.0,0.30434782608695654,0.6521739130434783,184,78,513,153.0,
WAUC,32,within,within_fold0,1,0.5,0.3,50,4,False,4.0,0.32608695652173914,0.6630434782608695,184,100,513,181.0,
WAUC,32,within,within_fold0,2,0.5,0.3,50,4,False,4.0,0.42391304347826086,0.7119565217391305,184,76,513,169.0,
WAUC,32,within,within_fold0,3,0.5,0.3,50,4,False,4.0,0.40217391304347827,0.7010869565217391,184,100,513,167.0,
WAUC,32,within,within_fold0,42,0.5,0.3,50,4,False,4.0,0.44565217391304346,0.7228260869565217,184,76,513,163.0,
WAUC,33,within,within_fold0,0,0.5,0.3,50,4,False,4.0,0.22462254580175456,0.6120218579234973,183,88,512,184.0,
WAUC,33,within,within_fold0,1,0.5,0.3,50,4,False,4.0,0.23568019093078751,0.6174863387978142,183,88,512,192.0,
WAUC,33,within,within_fold0,2,0.5,0.3,50,4,False,4.0,0.3878867518814957,0.6939890710382514,183,92,512,194.0,
WAUC,33,within,within_fold0,3,0.5,0.3,50,4,False,4.0,0.35621012461987955,0.6775956284153005,183,72,512,199.0,
WAUC,33,within,within_fold0,42,0.5,0.3,50,4,False,4.0,0.24529316837009152,0.6229508196721312,183,96,512,209.0,
WAUC,34,within,within_fold0,0,0.5,0.3,50,4,False,4.0,0.41002985074626863,0.7049180327868853,183,96,512,197.0,
WAUC,34,within,within_fold0,1,0.5,0.3,50,4,False,4.0,0.3984220907297831,0.6994535519125683,183,100,512,209.0,
WAUC,34,within,within_fold0,2,0.5,0.3,50,4,False,4.0,0.1803523439832786,0.5901639344262295,183,76,512,212.0,
WAUC,34,within,within_fold0,3,0.5,0.3,50,4,False,4.0,0.20259058079150005,0.6010928961748634,183,84,512,184.0,
WAUC,34,within,within_fold0,42,0.5,0.3,50,4,False,4.0,0.3880329630956647,0.6939890710382514,183,94,512,186.0,
WAUC,35,within,within_fold0,0,0.5,0.3,50,4,False,4.0,0.38317265556529356,0.6993464052287581,153,72,426,136.0,
WAUC,35,within,within_fold0,1,0.5,0.3,50,4,False,4.0,0.299149294194634,0.6797385620915033,153,92,342,101.0,
WAUC,35,within,within_fold0,2,0.5,0.3,50,4,False,4.0,0.3179791976225854,0.6666666666666666,153,94,426,130.0,
WAUC,35,within,within_fold0,3,0.5,0.3,50,4,False,4.0,0.45773524720893144,0.738562091503268,153,98,426,140.0,
WAUC,35,within,within_fold0,42,0.5,0.3,50,4,False,4.0,0.32039397450753193,0.6993464052287581,153,92,426,148.0,
WAUC,36,within,within_fold0,0,0.5,0.3,50,4,False,4.0,0.13043478260869568,0.5652173913043478,184,52,513,233.0,
WAUC,36,within,within_fold0,1,0.5,0.3,50,4,False,4.0,0.13043478260869568,0.5652173913043478,184,86,513,218.0,
WAUC,36,within,within_fold0,2,0.5,0.3,50,4,False,4.0,0.14130434782608692,0.5706521739130435,184,84,513,217.0,
WAUC,36,within,within_fold0,3,0.5,0.3,50,4,False,4.0,0.2282608695652174,0.6141304347826086,184,86,513,210.0,
WAUC,36,within,within_fold0,42,0.5,0.3,50,4,False,4.0,0.13043478260869568,0.5652173913043478,184,78,513,208.0,
WAUC,37,within,within_fold0,0,0.5,0.3,50,4,False,4.0,0.5517653384312086,0.7759562841530054,183,100,512,147.0,
WAUC,37,within,within_fold0,1,0.5,0.3,50,4,False,4.0,0.5404759057754395,0.7704918032786885,183,100,512,126.0,
WAUC,37,within,within_fold0,2,0.5,0.3,50,4,False,4.0,0.5511754501405755,0.7759562841530054,183,100,512,127.0,
WAUC,37,within,within_fold0,3,0.5,0.3,50,4,False,4.0,0.5951085331579262,0.7978142076502732,183,100,512,150.0,
WAUC,37,within,within_fold0,42,0.5,0.3,50,4,False,4.0,0.7267841146610928,0.8633879781420765,183,100,512,115.0,
WAUC,38,within,within_fold0,0,0.5,0.3,50,4,False,4.0,0.2565420002389771,0.6284153005464481,183,82,512,219.0,
WAUC,38,within,within_fold0,1,0.5,0.3,50,4,False,4.0,0.1821107204576604,0.5901639344262295,183,56,512,196.0,
WAUC,38,within,within_fold0,2,0.5,0.3,50,4,False,4.0,0.23531518624641834,0.6174863387978142,183,70,512,191.0,
WAUC,38,within,within_fold0,3,0.5,0.3,50,4,False,4.0,0.20306627691940582,0.6010928961748634,183,58,512,183.0,
WAUC,38,within,within_fold0,42,0.5,0.3,50,4,False,4.0,0.4200203312802726,0.7103825136612022,183,36,512,229.0,
WAUC,39,within,within_fold0,0,0.5,0.3,50,4,False,4.0,,,0,0,0,0.0,"y should be a 1d array with more than two classes, but got 1 class from ['high' 'high' 'high' 'high' 'high' 'high' 'high' 'high' 'high' 'high'
 'high' 'high' 'high' 'high' 'high' 'high' 'high' 'high' 'high' 'high'
 'high' 'high']"
WAUC,39,within,within_fold0,1,0.5,0.3,50,4,False,4.0,,,0,0,0,0.0,"y should be a 1d array with more than two classes, but got 1 class from ['high' 'high' 'high' 'high' 'high' 'high' 'high' 'high' 'high' 'high'
 'high' 'high' 'high' 'high' 'high' 'high' 'high' 'high' 'high' 'high'
 'high' 'high']"
WAUC,39,within,within_fold0,2,0.5,0.3,50,4,False,4.0,,,0,0,0,0.0,"y should be a 1d array with more than two classes, but got 1 class from ['high' 'high' 'high' 'high' 'high' 'high' 'high' 'high' 'high' 'high'
 'high' 'high' 'high' 'high' 'high' 'high' 'high' 'high' 'high' 'high'
 'high' 'high']"
WAUC,39,within,within_fold0,3,0.5,0.3,50,4,False,4.0,,,0,0,0,0.0,"y should be a 1d array with more than two classes, but got 1 class from ['high' 'high' 'high' 'high' 'high' 'high' 'high' 'high' 'high' 'high'
 'high' 'high' 'high' 'high' 'high' 'high' 'high' 'high' 'high' 'high'
 'high' 'high']"
WAUC,39,within,within_fold0,42,0.5,0.3,50,4,False,4.0,,,0,0,0,0.0,"y should be a 1d array with more than two classes, but got 1 class from ['high' 'high' 'high' 'high' 'high' 'high' 'high' 'high' 'high' 'high'
 'high' 'high' 'high' 'high' 'high' 'high' 'high' 'high' 'high' 'high'
 'high' 'high']"
WAUC,40,within,within_fold0,0,0.5,0.3,50,4,False,4.0,0.06666666666666665,0.5333333333333333,180,98,502,191.0,
WAUC,40,within,within_fold0,1,0.5,0.3,50,4,False,4.0,0.06666666666666665,0.5333333333333333,180,96,502,196.0,
WAUC,40,within,within_fold0,2,0.5,0.3,50,4,False,4.0,0.11111111111111116,0.5555555555555556,180,96,502,157.0,
WAUC,40,within,within_fold0,3,0.5,0.3,50,4,False,4.0,0.24444444444444446,0.6222222222222222,180,94,502,200.0,
WAUC,40,within,within_fold0,42,0.5,0.3,50,4,False,4.0,0.24444444444444446,0.6222222222222222,180,98,502,189.0,
WAUC,41,within,within_fold0,0,0.5,0.3,50,4,False,4.0,0.48913043478260865,0.7445652173913043,184,100,486,105.0,
WAUC,41,within,within_fold0,1,0.5,0.3,50,4,False,4.0,0.5978260869565217,0.7989130434782609,184,100,515,109.0,
WAUC,41,within,within_fold0,2,0.5,0.3,50,4,False,4.0,0.6304347826086957,0.8152173913043478,184,100,515,99.0,
WAUC,41,within,within_fold0,3,0.5,0.3,50,4,False,4.0,0.5217391304347826,0.7608695652173914,184,100,515,116.0,
WAUC,41,within,within_fold0,42,0.5,0.3,50,4,False,4.0,0.6086956521739131,0.8043478260869565,184,100,515,110.0,
WAUC,42,within,within_fold0,0,0.5,0.3,50,4,False,4.0,0.4090419806243273,0.7049180327868853,183,100,512,180.0,
WAUC,42,within,within_fold0,1,0.5,0.3,50,4,False,4.0,0.15969944540521197,0.5792349726775956,183,88,512,186.0,
WAUC,42,within,within_fold0,2,0.5,0.3,50,4,False,4.0,0.3111668757841908,0.6557377049180327,183,84,512,200.0,
WAUC,42,within,within_fold0,3,0.5,0.3,50,4,False,4.0,0.22443741419447272,0.6120218579234973,183,74,512,189.0,
WAUC,42,within,within_fold0,42,0.5,0.3,50,4,False,4.0,0.2337600191410456,0.6174863387978142,183,96,512,194.0,
WAUC,43,within,within_fold0,0,0.5,0.3,50,4,False,4.0,0.44210652160918174,0.7213114754098361,183,100,511,158.0,
WAUC,43,within,within_fold0,1,0.5,0.3,50,4,False,4.0,0.46507188450754633,0.73224043715847,183,100,511,124.0,
WAUC,43,within,within_fold0,2,0.5,0.3,50,4,False,4.0,0.48635413556285456,0.7431693989071039,183,100,511,111.0,
WAUC,43,within,within_fold0,3,0.5,0.3,50,4,False,4.0,0.5739867486420343,0.7868852459016393,183,100,511,116.0,
WAUC,43,within,within_fold0,42,0.5,0.3,50,4,False,4.0,0.3881060425125388,0.6939890710382514,183,100,511,133.0,
WAUC,44,within,within_fold0,0,0.5,0.3,50,4,False,4.0,0.11956521739130432,0.5597826086956522,184,62,467,200.0,
WAUC,44,within,within_fold0,1,0.5,0.3,50,4,False,4.0,0.17391304347826086,0.5869565217391305,184,72,515,233.0,
WAUC,44,within,within_fold0,2,0.5,0.3,50,4,False,4.0,0.4130434782608695,0.7065217391304348,184,76,515,215.0,
WAUC,44,within,within_fold0,3,0.5,0.3,50,4,False,4.0,0.2065217391304348,0.6032608695652174,184,58,515,208.0,
WAUC,44,within,within_fold0,42,0.5,0.3,50,4,False,4.0,0.18478260869565222,0.592391304347826,184,94,485,191.0,
WAUC,45,within,within_fold0,0,0.5,0.3,50,4,False,4.0,0.1864911276473955,0.5935828877005348,187,100,524,188.0,
WAUC,45,within,within_fold0,1,0.5,0.3,50,4,False,4.0,0.38001600548759573,0.6898395721925134,187,100,524,138.0,
WAUC,45,within,within_fold0,2,0.5,0.3,50,4,False,4.0,0.4338835894213743,0.7165775401069518,187,100,524,170.0,
WAUC,45,within,within_fold0,3,0.5,0.3,50,4,False,4.0,0.29336997595328074,0.6470588235294118,187,94,524,167.0,
WAUC,45,within,within_fold0,42,0.5,0.3,50,4,False,4.0,0.22966014418125646,0.6149732620320856,187,100,524,184.0,
WAUC,46,within,within_fold0,0,0.5,0.3,50,4,False,4.0,0.36167341430499333,0.6802325581395349,172,96,480,166.0,
WAUC,46,within,within_fold0,1,0.5,0.3,50,4,False,4.0,0.3741239892183288,0.686046511627907,172,100,420,121.0,
WAUC,46,within,within_fold0,2,0.5,0.3,50,4,False,4.0,0.4542263029975695,0.7267441860465116,172,100,419,125.0,
WAUC,46,within,within_fold0,3,0.5,0.3,50,4,False,4.0,0.2097297297297298,0.6046511627906976,172,100,480,155.0,
WAUC,46,within,within_fold0,42,0.5,0.3,50,4,False,4.0,0.40456149877816994,0.7034883720930233,172,70,480,148.0,
WAUC,47,within,within_fold0,0,0.5,0.3,50,4,False,4.0,0.9032258064516129,0.9516129032258065,62,100,171,5.0,
WAUC,47,within,within_fold0,1,0.5,0.3,50,4,False,4.0,0.935483870967742,0.967741935483871,62,100,171,5.0,
WAUC,47,within,within_fold0,2,0.5,0.3,50,4,False,4.0,0.935483870967742,0.967741935483871,62,100,171,1.0,
WAUC,47,within,within_fold0,3,0.5,0.3,50,4,False,4.0,0.9032258064516129,0.9516129032258065,62,100,171,7.0,
WAUC,47,within,within_fold0,42,0.5,0.3,50,4,False,4.0,0.935483870967742,0.967741935483871,62,100,171,7.0,
WAUC,48,within,within_fold0,0,0.5,0.3,50,4,False,4.0,,,0,0,0,0.0,"y should be a 1d array with more than two classes, but got 1 class from ['low' 'low' 'low' 'low' 'low' 'low' 'low' 'low' 'low' 'low' 'low' 'low'
 'low' 'low' 'low' 'low' 'low' 'low' 'low' 'low' 'low' 'low' 'low' 'low'
 'low' 'low' 'low' 'low' 'low' 'low' 'low' 'low' 'low' 'low' 'low' 'low'
 'low' 'low' 'low' 'low' 'low' 'low' 'low' 'low']"
WAUC,48,within,within_fold0,1,0.5,0.3,50,4,False,4.0,,,0,0,0,0.0,"y should be a 1d array with more than two classes, but got 1 class from ['low' 'low' 'low' 'low' 'low' 'low' 'low' 'low' 'low' 'low' 'low' 'low'
 'low' 'low' 'low' 'low' 'low' 'low' 'low' 'low' 'low' 'low' 'low' 'low'
 'low' 'low' 'low' 'low' 'low' 'low' 'low' 'low' 'low' 'low' 'low' 'low'
 'low' 'low' 'low' 'low' 'low' 'low' 'low' 'low']"
WAUC,48,within,within_fold0,2,0.5,0.3,50,4,False,4.0,,,0,0,0,0.0,"y should be a 1d array with more than two classes, but got 1 class from ['low' 'low' 'low' 'low' 'low' 'low' 'low' 'low' 'low' 'low' 'low' 'low'
 'low' 'low' 'low' 'low' 'low' 'low' 'low' 'low' 'low' 'low' 'low' 'low'
 'low' 'low' 'low' 'low' 'low' 'low' 'low' 'low' 'low' 'low' 'low' 'low'
 'low' 'low' 'low' 'low' 'low' 'low' 'low' 'low']"
WAUC,48,within,within_fold0,3,0.5,0.3,50,4,False,4.0,,,0,0,0,0.0,"y should be a 1d array with more than two classes, but got 1 class from ['low' 'low' 'low' 'low' 'low' 'low' 'low' 'low' 'low' 'low' 'low' 'low'
 'low' 'low' 'low' 'low' 'low' 'low' 'low' 'low' 'low' 'low' 'low' 'low'
 'low' 'low' 'low' 'low' 'low' 'low' 'low' 'low' 'low' 'low' 'low' 'low'
 'low' 'low' 'low' 'low' 'low' 'low' 'low' 'low']"
WAUC,48,within,within_fold0,42,0.5,0.3,50,4,False,4.0,,,0,0,0,0.0,"y should be a 1d array with more than two classes, but got 1 class from ['low' 'low' 'low' 'low' 'low' 'low' 'low' 'low' 'low' 'low' 'low' 'low'
 'low' 'low' 'low' 'low' 'low' 'low' 'low' 'low' 'low' 'low' 'low' 'low'
 'low' 'low' 'low' 'low' 'low' 'low' 'low' 'low' 'low' 'low' 'low' 'low'
 'low' 'low' 'low' 'low' 'low' 'low' 'low' 'low']"
