dataset,subject,protocol,fold_name,seed,alpha,calibration_frac,window_size,per_round_cap,n_components,include_riemann_arms,epoch_seconds,context,kappa,accuracy,n_test,n_arms_surviving,stream_rounds_run,final_regret,error
WAUC,1,within,within_fold0,0,0.5,0.2,50,inf,4,False,4.0,workload,0.2686850858733284,0.631578947368421,171,100,545,186.0,
WAUC,1,within,within_fold0,0,0.5,0.3,50,inf,4,False,4.0,workload,0.25492772667542707,0.631578947368421,171,100,477,157.0,
WAUC,1,within,within_fold0,0,0.5,0.5,50,inf,4,False,4.0,workload,0.29190143235354016,0.6432748538011696,171,100,341,113.0,
WAUC,1,within,within_fold0,1,0.5,0.2,50,inf,4,False,4.0,workload,0.2784810126582278,0.6549707602339181,171,88,545,171.0,
WAUC,1,within,within_fold0,1,0.5,0.3,50,inf,4,False,4.0,workload,0.39399624765478425,0.7017543859649122,171,90,477,148.0,
WAUC,1,within,within_fold0,1,0.5,0.5,50,inf,4,False,4.0,workload,0.4245587528329099,0.7134502923976608,171,100,341,112.0,
WAUC,1,within,within_fold0,2,0.5,0.2,50,inf,4,False,4.0,workload,0.2945544554455446,0.6491228070175439,171,100,484,160.0,
WAUC,1,within,within_fold0,2,0.5,0.3,50,inf,4,False,4.0,workload,0.3227016885553471,0.6666666666666666,171,98,477,159.0,
WAUC,1,within,within_fold0,2,0.5,0.5,50,inf,4,False,4.0,workload,0.47901952638138756,0.7426900584795322,171,100,337,110.0,
WAUC,1,within,within_fold0,3,0.5,0.2,50,inf,4,False,4.0,workload,0.26416745678652187,0.6549707602339181,171,100,545,195.0,
WAUC,1,within,within_fold0,3,0.5,0.3,50,inf,4,False,4.0,workload,0.297225891677675,0.672514619883041,171,100,477,160.0,
WAUC,1,within,within_fold0,3,0.5,0.5,50,inf,4,False,4.0,workload,0.23528563185227935,0.6374269005847953,171,100,341,132.0,
WAUC,1,within,within_fold0,42,0.5,0.2,50,inf,4,False,4.0,workload,0.28018610146961087,0.6666666666666666,171,100,545,200.0,
WAUC,1,within,within_fold0,42,0.5,0.3,50,inf,4,False,4.0,workload,0.26999790048288896,0.6432748538011696,171,100,477,162.0,
WAUC,1,within,within_fold0,42,0.5,0.5,50,inf,4,False,4.0,workload,0.2027972027972027,0.6257309941520468,171,100,341,105.0,
WAUC,2,within,within_fold0,0,0.5,0.2,50,inf,4,False,4.0,workload,0.6530110610405571,0.8264462809917356,121,100,385,55.0,
WAUC,2,within,within_fold0,0,0.5,0.3,50,inf,4,False,4.0,workload,0.7189506763219019,0.859504132231405,121,100,337,54.0,
WAUC,2,within,within_fold0,0,0.5,0.5,50,inf,4,False,4.0,workload,0.7521507578861122,0.8760330578512396,121,100,241,37.0,
WAUC,2,within,within_fold0,1,0.5,0.2,50,inf,4,False,4.0,workload,0.6696696696696697,0.8347107438016529,121,100,385,52.0,
WAUC,2,within,within_fold0,1,0.5,0.3,50,inf,4,False,4.0,workload,0.7684527063969382,0.8842975206611571,121,100,337,51.0,
WAUC,2,within,within_fold0,1,0.5,0.5,50,inf,4,False,4.0,workload,0.7191808873720136,0.859504132231405,121,100,241,33.0,
WAUC,2,within,within_fold0,2,0.5,0.2,50,inf,4,False,4.0,workload,0.3548872180451128,0.6776859504132231,121,100,385,49.0,
WAUC,2,within,within_fold0,2,0.5,0.3,50,inf,4,False,4.0,workload,0.8017476788640088,0.9008264462809917,121,100,337,45.0,
WAUC,2,within,within_fold0,2,0.5,0.5,50,inf,4,False,4.0,workload,0.8181445552671129,0.9090909090909091,121,100,241,33.0,
WAUC,2,within,within_fold0,3,0.5,0.2,50,inf,4,False,4.0,workload,0.4855301056096558,0.743801652892562,121,100,385,63.0,
WAUC,2,within,within_fold0,3,0.5,0.3,50,inf,4,False,4.0,workload,0.7519475194751948,0.8760330578512396,121,100,337,47.0,
WAUC,2,within,within_fold0,3,0.5,0.5,50,inf,4,False,4.0,workload,0.7190274552656741,0.859504132231405,121,100,241,32.0,
WAUC,2,within,within_fold0,42,0.5,0.2,50,inf,4,False,4.0,workload,0.6027359781121752,0.8016528925619835,121,100,385,56.0,
WAUC,2,within,within_fold0,42,0.5,0.3,50,inf,4,False,4.0,workload,0.5036915504511894,0.7520661157024794,121,100,337,47.0,
WAUC,2,within,within_fold0,42,0.5,0.5,50,inf,4,False,4.0,workload,0.9173384342123241,0.9586776859504132,121,100,241,31.0,
WAUC,3,within,within_fold0,0,0.5,0.2,50,inf,4,False,4.0,workload,0.006989515726410489,0.5751633986928104,153,54,487,148.0,
WAUC,3,within,within_fold0,0,0.5,0.3,50,inf,4,False,4.0,workload,0.13794443365067022,0.6209150326797386,153,64,426,141.0,
WAUC,3,within,within_fold0,0,0.5,0.5,50,inf,4,False,4.0,workload,0.17265353418308227,0.6339869281045751,153,92,305,92.0,
WAUC,3,within,within_fold0,1,0.5,0.2,50,inf,4,False,4.0,workload,0.07849232562657849,0.5947712418300654,153,72,487,124.0,
WAUC,3,within,within_fold0,1,0.5,0.3,50,inf,4,False,4.0,workload,0.28657470371089955,0.6862745098039216,153,72,426,141.0,
WAUC,3,within,within_fold0,1,0.5,0.5,50,inf,4,False,4.0,workload,0.22852250023784604,0.6535947712418301,153,78,305,95.0,
WAUC,3,within,within_fold0,2,0.5,0.2,50,inf,4,False,4.0,workload,0.21627774615822426,0.6470588235294118,153,90,487,180.0,
WAUC,3,within,within_fold0,2,0.5,0.3,50,inf,4,False,4.0,workload,0.15752212389380527,0.6339869281045751,153,72,426,149.0,
WAUC,3,within,within_fold0,2,0.5,0.5,50,inf,4,False,4.0,workload,0.21371610845295053,0.6209150326797386,153,74,305,84.0,
WAUC,3,within,within_fold0,3,0.5,0.2,50,inf,4,False,4.0,workload,0.5105058365758754,0.7581699346405228,153,66,487,159.0,
WAUC,3,within,within_fold0,3,0.5,0.3,50,inf,4,False,4.0,workload,0.432808155699722,0.738562091503268,153,76,426,130.0,
WAUC,3,within,within_fold0,3,0.5,0.5,50,inf,4,False,4.0,workload,0.2239448751076658,0.6535947712418301,153,74,305,98.0,
WAUC,3,within,within_fold0,42,0.5,0.2,50,inf,4,False,4.0,workload,0.2149532710280373,0.6339869281045751,153,88,395,118.0,
WAUC,3,within,within_fold0,42,0.5,0.3,50,inf,4,False,4.0,workload,0.5224628771398846,0.7843137254901961,153,80,367,106.0,
WAUC,3,within,within_fold0,42,0.5,0.5,50,inf,4,False,4.0,workload,0.23507499264777953,0.6666666666666666,153,82,305,103.0,
WAUC,4,within,within_fold0,0,0.5,0.2,50,inf,4,False,4.0,workload,0.4347826086956522,0.717391304347826,184,48,586,176.0,
WAUC,4,within,within_fold0,0,0.5,0.3,50,inf,4,False,4.0,workload,0.3586956521739131,0.6793478260869565,184,94,513,176.0,
WAUC,4,within,within_fold0,0,0.5,0.5,50,inf,4,False,4.0,workload,0.5217391304347826,0.7608695652173914,184,100,367,87.0,
WAUC,4,within,within_fold0,1,0.5,0.2,50,inf,4,False,4.0,workload,0.14130434782608692,0.5706521739130435,184,92,586,213.0,
WAUC,4,within,within_fold0,1,0.5,0.3,50,inf,4,False,4.0,workload,0.4782608695652174,0.7391304347826086,184,100,513,162.0,
WAUC,4,within,within_fold0,1,0.5,0.5,50,inf,4,False,4.0,workload,0.28260869565217395,0.6413043478260869,184,100,367,114.0,
WAUC,4,within,within_fold0,2,0.5,0.2,50,inf,4,False,4.0,workload,0.34782608695652173,0.6739130434782609,184,86,547,188.0,
WAUC,4,within,within_fold0,2,0.5,0.3,50,inf,4,False,4.0,workload,0.18478260869565222,0.592391304347826,184,98,513,176.0,
WAUC,4,within,within_fold0,2,0.5,0.5,50,inf,4,False,4.0,workload,0.3804347826086957,0.6902173913043478,184,100,367,94.0,
WAUC,4,within,within_fold0,3,0.5,0.2,50,inf,4,False,4.0,workload,0.17391304347826086,0.5869565217391305,184,100,586,187.0,
WAUC,4,within,within_fold0,3,0.5,0.3,50,inf,4,False,4.0,workload,0.3152173913043478,0.657608695652174,184,100,513,159.0,
WAUC,4,within,within_fold0,3,0.5,0.5,50,inf,4,False,4.0,workload,0.4782608695652174,0.7391304347826086,184,100,367,100.0,
WAUC,4,within,within_fold0,42,0.5,0.2,50,inf,4,False,4.0,workload,0.21739130434782605,0.6086956521739131,184,100,586,166.0,
WAUC,4,within,within_fold0,42,0.5,0.3,50,inf,4,False,4.0,workload,0.5652173913043479,0.782608695652174,184,96,513,156.0,
WAUC,4,within,within_fold0,42,0.5,0.5,50,inf,4,False,4.0,workload,0.26086956521739135,0.6304347826086957,184,100,367,117.0,
WAUC,5,within,within_fold0,0,0.5,0.2,50,inf,4,False,4.0,workload,0.5822306238185255,0.7914438502673797,187,100,557,95.0,
WAUC,5,within,within_fold0,0,0.5,0.3,50,inf,4,False,4.0,workload,0.475230513716282,0.7379679144385026,187,100,521,102.0,
WAUC,5,within,within_fold0,0,0.5,0.5,50,inf,4,False,4.0,workload,0.6037908721296456,0.8021390374331551,187,100,373,74.0,
WAUC,5,within,within_fold0,1,0.5,0.2,50,inf,4,False,4.0,workload,0.5193351230936197,0.7593582887700535,187,100,596,138.0,
WAUC,5,within,within_fold0,1,0.5,0.3,50,inf,4,False,4.0,workload,0.6044703595724004,0.8021390374331551,187,100,521,112.0,
WAUC,5,within,within_fold0,1,0.5,0.5,50,inf,4,False,4.0,workload,0.5399622404027691,0.7700534759358288,187,100,373,76.0,
WAUC,5,within,within_fold0,2,0.5,0.2,50,inf,4,False,4.0,workload,0.6037000973709834,0.8021390374331551,187,100,596,133.0,
WAUC,5,within,within_fold0,2,0.5,0.3,50,inf,4,False,4.0,workload,0.6040176271962456,0.8021390374331551,187,100,521,107.0,
WAUC,5,within,within_fold0,2,0.5,0.5,50,inf,4,False,4.0,workload,0.4863225363397047,0.7433155080213903,187,100,373,72.0,
WAUC,5,within,within_fold0,3,0.5,0.2,50,inf,4,False,4.0,workload,0.5184549356223176,0.7593582887700535,187,100,596,142.0,
WAUC,5,within,within_fold0,3,0.5,0.3,50,inf,4,False,4.0,workload,0.4540614803365963,0.7272727272727273,187,100,521,110.0,
WAUC,5,within,within_fold0,3,0.5,0.5,50,inf,4,False,4.0,workload,0.5398042694442855,0.7700534759358288,187,100,373,83.0,
WAUC,5,within,within_fold0,42,0.5,0.2,50,inf,4,False,4.0,workload,0.4970529327610873,0.7486631016042781,187,100,596,158.0,
WAUC,5,within,within_fold0,42,0.5,0.3,50,inf,4,False,4.0,workload,0.3158015092613766,0.6577540106951871,187,100,521,133.0,
WAUC,5,within,within_fold0,42,0.5,0.5,50,inf,4,False,4.0,workload,0.5187303402916785,0.7593582887700535,187,100,373,77.0,
WAUC,6,within,within_fold0,0,0.5,0.2,50,inf,4,False,4.0,workload,0.3316629763430835,0.6648648648648648,185,100,589,152.0,
WAUC,6,within,within_fold0,0,0.5,0.3,50,inf,4,False,4.0,workload,0.4285131433234248,0.7135135135135136,185,100,450,118.0,
WAUC,6,within,within_fold0,0,0.5,0.5,50,inf,4,False,4.0,workload,0.6112084063047285,0.8054054054054054,185,100,368,83.0,
WAUC,6,within,within_fold0,1,0.5,0.2,50,inf,4,False,4.0,workload,0.40395993204850333,0.7027027027027027,185,100,589,180.0,
WAUC,6,within,within_fold0,1,0.5,0.3,50,inf,4,False,4.0,workload,0.5670995670995671,0.7837837837837838,185,100,515,131.0,
WAUC,6,within,within_fold0,1,0.5,0.5,50,inf,4,False,4.0,workload,0.3836577240049097,0.6918918918918919,185,100,368,101.0,
WAUC,6,within,within_fold0,2,0.5,0.2,50,inf,4,False,4.0,workload,0.37375977588420684,0.6864864864864865,185,100,589,150.0,
WAUC,6,within,within_fold0,2,0.5,0.3,50,inf,4,False,4.0,workload,0.43860877684407096,0.7189189189189189,185,100,515,120.0,
WAUC,6,within,within_fold0,2,0.5,0.5,50,inf,4,False,4.0,workload,0.5787353301804169,0.7891891891891892,185,100,368,72.0,
WAUC,6,within,within_fold0,3,0.5,0.2,50,inf,4,False,4.0,workload,0.49125270610262717,0.745945945945946,185,100,589,158.0,
WAUC,6,within,within_fold0,3,0.5,0.3,50,inf,4,False,4.0,workload,0.3396336824858096,0.6702702702702703,185,100,515,127.0,
WAUC,6,within,within_fold0,3,0.5,0.5,50,inf,4,False,4.0,workload,0.49160965912413024,0.745945945945946,185,100,368,94.0,
WAUC,6,within,within_fold0,42,0.5,0.2,50,inf,4,False,4.0,workload,0.3951424567958898,0.6972972972972973,185,100,589,161.0,
WAUC,6,within,within_fold0,42,0.5,0.3,50,inf,4,False,4.0,workload,0.5461978740801309,0.772972972972973,185,100,515,130.0,
WAUC,6,within,within_fold0,42,0.5,0.5,50,inf,4,False,4.0,workload,0.3508771929824561,0.6756756756756757,185,100,368,79.0,
WAUC,7,within,within_fold0,0,0.5,0.2,50,inf,4,False,4.0,workload,0.31282646546720827,0.654054054054054,185,100,591,164.0,
WAUC,7,within,within_fold0,0,0.5,0.3,50,inf,4,False,4.0,workload,0.40583941605839413,0.7027027027027027,185,100,517,154.0,
WAUC,7,within,within_fold0,0,0.5,0.5,50,inf,4,False,4.0,workload,0.4154476301930954,0.7081081081081081,185,100,369,101.0,
WAUC,7,within,within_fold0,1,0.5,0.2,50,inf,4,False,4.0,workload,0.3447461629279811,0.6756756756756757,185,100,591,206.0,
WAUC,7,within,within_fold0,1,0.5,0.3,50,inf,4,False,4.0,workload,0.3877068557919622,0.6972972972972973,185,100,517,173.0,
WAUC,7,within,within_fold0,1,0.5,0.5,50,inf,4,False,4.0,workload,0.3284543325526932,0.6648648648648648,185,100,369,121.0,
WAUC,7,within,within_fold0,2,0.5,0.2,50,inf,4,False,4.0,workload,0.4264404796724188,0.7135135135135136,185,100,590,182.0,
WAUC,7,within,within_fold0,2,0.5,0.3,50,inf,4,False,4.0,workload,0.38170624450307833,0.6918918918918919,185,100,464,164.0,
WAUC,7,within,within_fold0,2,0.5,0.5,50,inf,4,False,4.0,workload,0.37361354349095155,0.6864864864864865,185,100,369,108.0,
WAUC,7,within,within_fold0,3,0.5,0.2,50,inf,4,False,4.0,workload,0.3769571639586411,0.6918918918918919,185,100,591,193.0,
WAUC,7,within,within_fold0,3,0.5,0.3,50,inf,4,False,4.0,workload,0.3035294117647058,0.654054054054054,185,100,517,187.0,
WAUC,7,within,within_fold0,3,0.5,0.5,50,inf,4,False,4.0,workload,0.31421006178287736,0.6594594594594595,185,100,326,101.0,
WAUC,7,within,within_fold0,42,0.5,0.2,50,inf,4,False,4.0,workload,0.26260257913247353,0.6324324324324324,185,100,591,214.0,
WAUC,7,within,within_fold0,42,0.5,0.3,50,inf,4,False,4.0,workload,0.3644832605531295,0.6810810810810811,185,100,517,172.0,
WAUC,7,within,within_fold0,42,0.5,0.5,50,inf,4,False,4.0,workload,0.10230926629640447,0.5513513513513514,185,100,369,116.0,
WAUC,8,within,within_fold0,0,0.5,0.2,50,inf,4,False,4.0,workload,0.5869565217391304,0.7934782608695652,184,100,586,188.0,
WAUC,8,within,within_fold0,0,0.5,0.3,50,inf,4,False,4.0,workload,0.32608695652173914,0.6630434782608695,184,100,512,189.0,
WAUC,8,within,within_fold0,0,0.5,0.5,50,inf,4,False,4.0,workload,0.46739130434782605,0.7336956521739131,184,100,366,105.0,
WAUC,8,within,within_fold0,1,0.5,0.2,50,inf,4,False,4.0,workload,0.44565217391304346,0.7228260869565217,184,100,586,206.0,
WAUC,8,within,within_fold0,1,0.5,0.3,50,inf,4,False,4.0,workload,0.25,0.625,184,100,512,173.0,
WAUC,8,within,within_fold0,1,0.5,0.5,50,inf,4,False,4.0,workload,0.3695652173913043,0.6847826086956522,184,100,366,111.0,
WAUC,8,within,within_fold0,2,0.5,0.2,50,inf,4,False,4.0,workload,0.2934782608695652,0.6467391304347826,184,100,578,179.0,
WAUC,8,within,within_fold0,2,0.5,0.3,50,inf,4,False,4.0,workload,0.34782608695652173,0.6739130434782609,184,100,512,162.0,
WAUC,8,within,within_fold0,2,0.5,0.5,50,inf,4,False,4.0,workload,0.32608695652173914,0.6630434782608695,184,100,304,110.0,
WAUC,8,within,within_fold0,3,0.5,0.2,50,inf,4,False,4.0,workload,0.34782608695652173,0.6739130434782609,184,100,586,199.0,
WAUC,8,within,within_fold0,3,0.5,0.3,50,inf,4,False,4.0,workload,0.4347826086956522,0.717391304347826,184,100,466,145.0,
WAUC,8,within,within_fold0,3,0.5,0.5,50,inf,4,False,4.0,workload,0.3804347826086957,0.6902173913043478,184,100,366,107.0,
WAUC,8,within,within_fold0,42,0.5,0.2,50,inf,4,False,4.0,workload,0.4347826086956522,0.717391304347826,184,100,586,163.0,
WAUC,8,within,within_fold0,42,0.5,0.3,50,inf,4,False,4.0,workload,0.32608695652173914,0.6630434782608695,184,100,512,164.0,
WAUC,8,within,within_fold0,42,0.5,0.5,50,inf,4,False,4.0,workload,0.26086956521739135,0.6304347826086957,184,100,366,108.0,
WAUC,9,within,within_fold0,0,0.5,0.2,50,inf,4,False,4.0,workload,0.4529387587340732,0.7272727272727273,121,100,303,74.0,
WAUC,9,within,within_fold0,0,0.5,0.3,50,inf,4,False,4.0,workload,0.6028446389496718,0.8016528925619835,121,100,339,84.0,
WAUC,9,within,within_fold0,0,0.5,0.5,50,inf,4,False,4.0,workload,0.5535055350553506,0.7768595041322314,121,100,210,51.0,
WAUC,9,within,within_fold0,1,0.5,0.2,50,inf,4,False,4.0,workload,0.4524886877828054,0.7272727272727273,121,100,327,71.0,
WAUC,9,within,within_fold0,1,0.5,0.3,50,inf,4,False,4.0,workload,0.48623476236132046,0.743801652892562,121,100,280,61.0,
WAUC,9,within,within_fold0,1,0.5,0.5,50,inf,4,False,4.0,workload,0.46886145404663926,0.7355371900826446,121,100,242,60.0,
WAUC,9,within,within_fold0,2,0.5,0.2,50,inf,4,False,4.0,workload,0.5023306827529476,0.7520661157024794,121,100,387,105.0,
WAUC,9,within,within_fold0,2,0.5,0.3,50,inf,4,False,4.0,workload,0.5034199726402189,0.7520661157024794,121,100,339,84.0,
WAUC,9,within,within_fold0,2,0.5,0.5,50,inf,4,False,4.0,workload,0.6524415264669676,0.8264462809917356,121,100,242,64.0,
WAUC,9,within,within_fold0,3,0.5,0.2,50,inf,4,False,4.0,workload,0.48749829211640927,0.743801652892562,121,100,387,103.0,
WAUC,9,within,within_fold0,3,0.5,0.3,50,inf,4,False,4.0,workload,0.5699835975943138,0.7851239669421488,121,100,339,74.0,
WAUC,9,within,within_fold0,3,0.5,0.5,50,inf,4,False,4.0,workload,0.5542365943512075,0.7768595041322314,121,100,242,62.0,
WAUC,9,within,within_fold0,42,0.5,0.2,50,inf,4,False,4.0,workload,0.5857866630151992,0.7933884297520661,121,100,387,100.0,
WAUC,9,within,within_fold0,42,0.5,0.3,50,inf,4,False,4.0,workload,0.5688048245614035,0.7851239669421488,121,100,339,101.0,
WAUC,9,within,within_fold0,42,0.5,0.5,50,inf,4,False,4.0,workload,0.6359409190371991,0.8181818181818182,121,100,242,75.0,
WAUC,10,within,within_fold0,0,0.5,0.2,50,inf,4,False,4.0,workload,0.5454013573601686,0.772972972972973,185,100,590,124.0,
WAUC,10,within,within_fold0,0,0.5,0.3,50,inf,4,False,4.0,workload,0.5568215016067777,0.7783783783783784,185,100,516,96.0,
WAUC,10,within,within_fold0,0,0.5,0.5,50,inf,4,False,4.0,workload,0.5136982300368012,0.7567567567567568,185,100,369,78.0,
WAUC,10,within,within_fold0,1,0.5,0.2,50,inf,4,False,4.0,workload,0.6114352392065344,0.8054054054054054,185,100,590,151.0,
WAUC,10,within,within_fold0,1,0.5,0.3,50,inf,4,False,4.0,workload,0.5244771585465591,0.7621621621621621,185,100,516,119.0,
WAUC,10,within,within_fold0,1,0.5,0.5,50,inf,4,False,4.0,workload,0.556614251476004,0.7783783783783784,185,100,369,81.0,
WAUC,10,within,within_fold0,2,0.5,0.2,50,inf,4,False,4.0,workload,0.6542459992991474,0.827027027027027,185,100,590,138.0,
WAUC,10,within,within_fold0,2,0.5,0.3,50,inf,4,False,4.0,workload,0.6540843753651981,0.827027027027027,185,100,516,119.0,
WAUC,10,within,within_fold0,2,0.5,0.5,50,inf,4,False,4.0,workload,0.632507595232531,0.8162162162162162,185,100,369,91.0,
WAUC,10,within,within_fold0,3,0.5,0.2,50,inf,4,False,4.0,workload,0.406463279472671,0.7027027027027027,185,100,590,149.0,
WAUC,10,within,within_fold0,3,0.5,0.3,50,inf,4,False,4.0,workload,0.513868613138686,0.7567567567567568,185,100,516,123.0,
WAUC,10,within,within_fold0,3,0.5,0.5,50,inf,4,False,4.0,workload,0.6004319654427646,0.8,185,100,369,92.0,
WAUC,10,within,within_fold0,42,0.5,0.2,50,inf,4,False,4.0,workload,0.5251983201119925,0.7621621621621621,185,100,590,137.0,
WAUC,10,within,within_fold0,42,0.5,0.3,50,inf,4,False,4.0,workload,0.5682613768961493,0.7837837837837838,185,100,516,134.0,
WAUC,10,within,within_fold0,42,0.5,0.5,50,inf,4,False,4.0,workload,0.5898483080513419,0.7945945945945946,185,100,369,67.0,
WAUC,11,within,within_fold0,0,0.5,0.2,50,inf,4,False,4.0,workload,0.7601995140043484,0.88,125,100,397,31.0,
WAUC,11,within,within_fold0,0,0.5,0.3,50,inf,4,False,4.0,workload,0.967989756722151,0.984,125,100,347,19.0,
WAUC,11,within,within_fold0,0,0.5,0.5,50,inf,4,False,4.0,workload,0.9839969274100627,0.992,125,100,248,9.0,
WAUC,11,within,within_fold0,1,0.5,0.2,50,inf,4,False,4.0,workload,0.7442455242966752,0.872,125,100,397,28.0,
WAUC,11,within,within_fold0,1,0.5,0.3,50,inf,4,False,4.0,workload,0.84007164790174,0.92,125,100,347,27.0,
WAUC,11,within,within_fold0,1,0.5,0.5,50,inf,4,False,4.0,workload,0.72808701215611,0.864,125,100,248,15.0,
WAUC,11,within,within_fold0,2,0.5,0.2,50,inf,4,False,4.0,workload,1.0,1.0,125,100,397,28.0,
WAUC,11,within,within_fold0,2,0.5,0.3,50,inf,4,False,4.0,workload,0.936028659160696,0.968,125,100,347,24.0,
WAUC,11,within,within_fold0,2,0.5,0.5,50,inf,4,False,4.0,workload,0.7603221270612297,0.88,125,100,248,20.0,
WAUC,11,within,within_fold0,3,0.5,0.2,50,inf,4,False,4.0,workload,0.9680061428205784,0.984,125,100,397,29.0,
WAUC,11,within,within_fold0,3,0.5,0.3,50,inf,4,False,4.0,workload,0.696408027610891,0.848,125,100,347,23.0,
WAUC,11,within,within_fold0,3,0.5,0.5,50,inf,4,False,4.0,workload,0.8718605843157355,0.936,125,100,248,27.0,
WAUC,11,within,within_fold0,42,0.5,0.2,50,inf,4,False,4.0,workload,0.6318350621078243,0.816,125,100,397,29.0,
WAUC,11,within,within_fold0,42,0.5,0.3,50,inf,4,False,4.0,workload,0.967989756722151,0.984,125,100,347,21.0,
WAUC,11,within,within_fold0,42,0.5,0.5,50,inf,4,False,4.0,workload,0.9519907822301882,0.976,125,100,248,17.0,
WAUC,12,within,within_fold0,0,0.5,0.2,50,inf,4,False,4.0,workload,0.24844146848302928,0.6236559139784946,186,100,594,159.0,
WAUC,12,within,within_fold0,0,0.5,0.3,50,inf,4,False,4.0,workload,0.4844074844074844,0.7419354838709677,186,100,520,127.0,
WAUC,12,within,within_fold0,0,0.5,0.5,50,inf,4,False,4.0,workload,0.4202262756869083,0.7096774193548387,186,100,371,95.0,
WAUC,12,within,within_fold0,1,0.5,0.2,50,inf,4,False,4.0,workload,0.5258400926998841,0.7634408602150538,186,100,479,132.0,
WAUC,12,within,within_fold0,1,0.5,0.3,50,inf,4,False,4.0,workload,0.5045170257123002,0.7526881720430108,186,100,520,130.0,
WAUC,12,within,within_fold0,1,0.5,0.5,50,inf,4,False,4.0,workload,0.5911614993058769,0.7956989247311828,186,100,332,79.0,
WAUC,12,within,within_fold0,2,0.5,0.2,50,inf,4,False,4.0,workload,0.6347042513863217,0.8172043010752689,186,100,594,160.0,
WAUC,12,within,within_fold0,2,0.5,0.3,50,inf,4,False,4.0,workload,0.5482303955586398,0.7741935483870968,186,100,467,135.0,
WAUC,12,within,within_fold0,2,0.5,0.5,50,inf,4,False,4.0,workload,0.3642683350712548,0.6827956989247311,186,100,371,80.0,
WAUC,12,within,within_fold0,3,0.5,0.2,50,inf,4,False,4.0,workload,0.45135916714864077,0.7258064516129032,186,100,594,144.0,
WAUC,12,within,within_fold0,3,0.5,0.3,50,inf,4,False,4.0,workload,0.46304849884526567,0.7311827956989247,186,100,520,111.0,
WAUC,12,within,within_fold0,3,0.5,0.5,50,inf,4,False,4.0,workload,0.4725083921750203,0.7365591397849462,186,100,371,98.0,
WAUC,12,within,within_fold0,42,0.5,0.2,50,inf,4,False,4.0,workload,0.46193010877111773,0.7311827956989247,186,100,594,164.0,
WAUC,12,within,within_fold0,42,0.5,0.3,50,inf,4,False,4.0,workload,0.31095160916878906,0.6559139784946236,186,100,520,135.0,
WAUC,12,within,within_fold0,42,0.5,0.5,50,inf,4,False,4.0,workload,0.4297119055883374,0.7150537634408602,186,100,371,95.0,
WAUC,13,within,within_fold0,0,0.5,0.2,50,inf,4,False,4.0,workload,0.40687714910909656,0.7039106145251397,179,100,570,161.0,
WAUC,13,within,within_fold0,0,0.5,0.3,50,inf,4,False,4.0,workload,0.4294731579276295,0.7150837988826816,179,100,499,145.0,
WAUC,13,within,within_fold0,0,0.5,0.5,50,inf,4,False,4.0,workload,0.4839558786663324,0.7430167597765364,179,100,357,105.0,
WAUC,13,within,within_fold0,1,0.5,0.2,50,inf,4,False,4.0,workload,0.4214321233217305,0.7094972067039106,179,60,559,172.0,
WAUC,13,within,within_fold0,1,0.5,0.3,50,inf,4,False,4.0,workload,0.24510047134706026,0.6201117318435754,179,100,477,162.0,
WAUC,13,within,within_fold0,1,0.5,0.5,50,inf,4,False,4.0,workload,0.5756176690791116,0.7877094972067039,179,100,357,95.0,
WAUC,13,within,within_fold0,2,0.5,0.2,50,inf,4,False,4.0,workload,0.26429194171129655,0.6312849162011173,179,100,570,184.0,
WAUC,13,within,within_fold0,2,0.5,0.3,50,inf,4,False,4.0,workload,0.4530772588389349,0.7262569832402235,179,100,499,128.0,
WAUC,13,within,within_fold0,2,0.5,0.5,50,inf,4,False,4.0,workload,0.37436025464985645,0.6871508379888268,179,100,357,108.0,
WAUC,13,within,within_fold0,3,0.5,0.2,50,inf,4,False,4.0,workload,0.2552319443581942,0.6256983240223464,179,98,570,193.0,
WAUC,13,within,within_fold0,3,0.5,0.3,50,inf,4,False,4.0,workload,0.2887122811374644,0.6424581005586593,179,100,499,183.0,
WAUC,13,within,within_fold0,3,0.5,0.5,50,inf,4,False,4.0,workload,0.351530293566521,0.6759776536312849,179,100,357,113.0,
WAUC,13,within,within_fold0,42,0.5,0.2,50,inf,4,False,4.0,workload,0.3621131603626133,0.6815642458100558,179,98,570,160.0,
WAUC,13,within,within_fold0,42,0.5,0.3,50,inf,4,False,4.0,workload,0.4416021961567258,0.7206703910614525,179,100,499,147.0,
WAUC,13,within,within_fold0,42,0.5,0.5,50,inf,4,False,4.0,workload,0.25216686412670697,0.6256983240223464,179,100,357,103.0,
WAUC,14,within,within_fold0,0,0.5,0.2,50,inf,4,False,4.0,workload,0.5568685376661743,0.7777777777777778,180,100,575,98.0,
WAUC,14,within,within_fold0,0,0.5,0.3,50,inf,4,False,4.0,workload,0.6786505786752031,0.8388888888888889,180,100,503,87.0,
WAUC,14,within,within_fold0,0,0.5,0.5,50,inf,4,False,4.0,workload,0.7227015035740695,0.8611111111111112,180,100,359,52.0,
WAUC,14,within,within_fold0,1,0.5,0.2,50,inf,4,False,4.0,workload,0.6419691695673795,0.8222222222222222,180,100,575,123.0,
WAUC,14,within,within_fold0,1,0.5,0.3,50,inf,4,False,4.0,workload,0.6656760772659733,0.8333333333333334,180,100,503,90.0,
WAUC,14,within,within_fold0,1,0.5,0.5,50,inf,4,False,4.0,workload,0.5869511287521707,0.7944444444444444,180,100,359,58.0,
WAUC,14,within,within_fold0,2,0.5,0.2,50,inf,4,False,4.0,workload,0.6776981970857001,0.8388888888888889,180,100,506,90.0,
WAUC,14,within,within_fold0,2,0.5,0.3,50,inf,4,False,4.0,workload,0.5456784043339079,0.7722222222222223,180,100,503,90.0,
WAUC,14,within,within_fold0,2,0.5,0.5,50,inf,4,False,4.0,workload,0.6661721068249258,0.8333333333333334,180,100,359,53.0,
WAUC,14,within,within_fold0,3,0.5,0.2,50,inf,4,False,4.0,workload,0.722290792396939,0.8611111111111112,180,100,575,97.0,
WAUC,14,within,within_fold0,3,0.5,0.3,50,inf,4,False,4.0,workload,0.6005917159763314,0.8,180,100,503,103.0,
WAUC,14,within,within_fold0,3,0.5,0.5,50,inf,4,False,4.0,workload,0.48863636363636365,0.7444444444444445,180,100,359,68.0,
WAUC,14,within,within_fold0,42,0.5,0.2,50,inf,4,False,4.0,workload,0.6896551724137931,0.8444444444444444,180,100,575,102.0,
WAUC,14,within,within_fold0,42,0.5,0.3,50,inf,4,False,4.0,workload,0.7890451517394522,0.8944444444444445,180,100,503,91.0,
WAUC,14,within,within_fold0,42,0.5,0.5,50,inf,4,False,4.0,workload,0.7559171597633136,0.8777777777777778,180,100,359,70.0,
WAUC,15,within,within_fold0,0,0.5,0.2,50,inf,4,False,4.0,workload,0.31207112596216957,0.6557377049180327,183,100,583,191.0,
WAUC,15,within,within_fold0,0,0.5,0.3,50,inf,4,False,4.0,workload,0.48629277907185087,0.7431693989071039,183,100,406,106.0,
WAUC,15,within,within_fold0,0,0.5,0.5,50,inf,4,False,4.0,workload,0.5414081145584726,0.7704918032786885,183,100,274,93.0,
WAUC,15,within,within_fold0,1,0.5,0.2,50,inf,4,False,4.0,workload,0.3759497457373616,0.6885245901639344,183,38,583,187.0,
WAUC,15,within,within_fold0,1,0.5,0.3,50,inf,4,False,4.0,workload,0.5074466176206711,0.7540983606557377,183,78,510,133.0,
WAUC,15,within,within_fold0,1,0.5,0.5,50,inf,4,False,4.0,workload,0.562200956937799,0.7814207650273224,183,100,365,79.0,
WAUC,15,within,within_fold0,2,0.5,0.2,50,inf,4,False,4.0,workload,0.3984939939042611,0.6994535519125683,183,100,583,147.0,
WAUC,15,within,within_fold0,2,0.5,0.3,50,inf,4,False,4.0,workload,0.35389862964514396,0.6775956284153005,183,100,472,128.0,
WAUC,15,within,within_fold0,2,0.5,0.5,50,inf,4,False,4.0,workload,0.4529475068755231,0.726775956284153,183,100,365,98.0,
WAUC,15,within,within_fold0,3,0.5,0.2,50,inf,4,False,4.0,workload,0.4090419806243273,0.7049180327868853,183,100,583,156.0,
WAUC,15,within,within_fold0,3,0.5,0.3,50,inf,4,False,4.0,workload,0.5297316679615132,0.7650273224043715,183,100,510,149.0,
WAUC,15,within,within_fold0,3,0.5,0.5,50,inf,4,False,4.0,workload,0.5954955493159687,0.7978142076502732,183,100,365,85.0,
WAUC,15,within,within_fold0,42,0.5,0.2,50,inf,4,False,4.0,workload,0.4199509598708211,0.7103825136612022,183,86,583,138.0,
WAUC,15,within,within_fold0,42,0.5,0.3,50,inf,4,False,4.0,workload,0.3436154949784792,0.6721311475409836,183,86,510,140.0,
WAUC,15,within,within_fold0,42,0.5,0.5,50,inf,4,False,4.0,workload,0.45307830245068736,0.726775956284153,183,100,365,96.0,
WAUC,16,within,within_fold0,0,0.5,0.2,50,inf,4,False,4.0,workload,0.956989247311828,0.9838709677419355,124,100,394,30.0,
WAUC,16,within,within_fold0,0,0.5,0.3,50,inf,4,False,4.0,workload,1.0,1.0,124,96,292,20.0,
WAUC,16,within,within_fold0,0,0.5,0.5,50,inf,4,False,4.0,workload,0.8888888888888888,0.9596774193548387,124,100,246,18.0,
WAUC,16,within,within_fold0,1,0.5,0.2,50,inf,4,False,4.0,workload,0.9578947368421052,0.9838709677419355,124,100,394,25.0,
WAUC,16,within,within_fold0,1,0.5,0.3,50,inf,4,False,4.0,workload,0.9139784946236559,0.967741935483871,124,100,344,19.0,
WAUC,16,within,within_fold0,1,0.5,0.5,50,inf,4,False,4.0,workload,0.5949367088607596,0.8709677419354839,124,100,246,18.0,
WAUC,16,within,within_fold0,2,0.5,0.2,50,inf,4,False,4.0,workload,0.956989247311828,0.9838709677419355,124,100,394,26.0,
WAUC,16,within,within_fold0,2,0.5,0.3,50,inf,4,False,4.0,workload,0.6851851851851851,0.8629032258064516,124,100,344,27.0,
WAUC,16,within,within_fold0,2,0.5,0.5,50,inf,4,False,4.0,workload,0.5,0.8145161290322581,124,100,246,17.0,
WAUC,16,within,within_fold0,3,0.5,0.2,50,inf,4,False,4.0,workload,1.0,1.0,124,92,346,24.0,
WAUC,16,within,within_fold0,3,0.5,0.3,50,inf,4,False,4.0,workload,0.9175257731958762,0.967741935483871,124,100,344,19.0,
WAUC,16,within,within_fold0,3,0.5,0.5,50,inf,4,False,4.0,workload,1.0,1.0,124,100,235,12.0,
WAUC,16,within,within_fold0,42,0.5,0.2,50,inf,4,False,4.0,workload,0.9347826086956522,0.9758064516129032,124,100,394,29.0,
WAUC,16,within,within_fold0,42,0.5,0.3,50,inf,4,False,4.0,workload,0.9560439560439561,0.9838709677419355,124,100,344,18.0,
WAUC,16,within,within_fold0,42,0.5,0.5,50,inf,4,False,4.0,workload,1.0,1.0,124,94,242,12.0,
WAUC,17,within,within_fold0,0,0.5,0.2,50,inf,4,False,4.0,workload,0.5107913669064748,0.7638888888888888,144,100,460,125.0,
WAUC,17,within,within_fold0,0,0.5,0.3,50,inf,4,False,4.0,workload,0.3381294964028777,0.6805555555555556,144,100,403,106.0,
WAUC,17,within,within_fold0,0,0.5,0.5,50,inf,4,False,4.0,workload,0.563551036370747,0.7847222222222222,144,100,287,68.0,
WAUC,17,within,within_fold0,1,0.5,0.2,50,inf,4,False,4.0,workload,0.55895865237366,0.7777777777777778,144,100,460,127.0,
WAUC,17,within,within_fold0,1,0.5,0.3,50,inf,4,False,4.0,workload,0.6518936341659951,0.8333333333333334,144,100,403,107.0,
WAUC,17,within,within_fold0,1,0.5,0.5,50,inf,4,False,4.0,workload,0.49216300940438873,0.75,144,100,287,67.0,
WAUC,17,within,within_fold0,2,0.5,0.2,50,inf,4,False,4.0,workload,0.5107913669064748,0.7638888888888888,144,90,460,115.0,
WAUC,17,within,within_fold0,2,0.5,0.3,50,inf,4,False,4.0,workload,0.5618374558303887,0.7847222222222222,144,98,403,114.0,
WAUC,17,within,within_fold0,2,0.5,0.5,50,inf,4,False,4.0,workload,0.46184107002360353,0.7361111111111112,144,94,287,74.0,
WAUC,17,within,within_fold0,3,0.5,0.2,50,inf,4,False,4.0,workload,0.55895865237366,0.7777777777777778,144,90,460,114.0,
WAUC,17,within,within_fold0,3,0.5,0.3,50,inf,4,False,4.0,workload,0.40752351097178685,0.7083333333333334,144,100,403,101.0,
WAUC,17,within,within_fold0,3,0.5,0.5,50,inf,4,False,4.0,workload,0.5995397008055237,0.7986111111111112,144,100,287,66.0,
WAUC,17,within,within_fold0,42,0.5,0.2,50,inf,4,False,4.0,workload,0.45518044237485444,0.7291666666666666,144,100,460,122.0,
WAUC,17,within,within_fold0,42,0.5,0.3,50,inf,4,False,4.0,workload,0.4681181959564541,0.7361111111111112,144,100,403,91.0,
WAUC,17,within,within_fold0,42,0.5,0.5,50,inf,4,False,4.0,workload,0.5164835164835164,0.7708333333333334,144,100,287,56.0,
WAUC,18,within,within_fold0,0,0.5,0.2,50,inf,4,False,4.0,workload,0.41667639845848425,0.7081081081081081,185,100,590,129.0,
WAUC,18,within,within_fold0,0,0.5,0.3,50,inf,4,False,4.0,workload,0.4708423326133909,0.7351351351351352,185,100,516,149.0,
WAUC,18,within,within_fold0,0,0.5,0.5,50,inf,4,False,4.0,workload,0.40583941605839413,0.7027027027027027,185,100,369,102.0,
WAUC,18,within,within_fold0,1,0.5,0.2,50,inf,4,False,4.0,workload,0.41674451191032225,0.7081081081081081,185,100,590,148.0,
WAUC,18,within,within_fold0,1,0.5,0.3,50,inf,4,False,4.0,workload,0.4170848407048664,0.7081081081081081,185,100,516,121.0,
WAUC,18,within,within_fold0,1,0.5,0.5,50,inf,4,False,4.0,workload,0.5681605975723623,0.7837837837837838,185,100,369,86.0,
WAUC,18,within,within_fold0,2,0.5,0.2,50,inf,4,False,4.0,workload,0.5143223849250336,0.7567567567567568,185,100,590,130.0,
WAUC,18,within,within_fold0,2,0.5,0.3,50,inf,4,False,4.0,workload,0.4277126014124788,0.7135135135135136,185,100,516,122.0,
WAUC,18,within,within_fold0,2,0.5,0.5,50,inf,4,False,4.0,workload,0.5250320924261874,0.7621621621621621,185,100,369,79.0,
WAUC,18,within,within_fold0,3,0.5,0.2,50,inf,4,False,4.0,workload,0.3423276414709483,0.6702702702702703,185,100,590,155.0,
WAUC,18,within,within_fold0,3,0.5,0.3,50,inf,4,False,4.0,workload,0.469541810521388,0.7351351351351352,185,100,516,159.0,
WAUC,18,within,within_fold0,3,0.5,0.5,50,inf,4,False,4.0,workload,0.5570802919708029,0.7783783783783784,185,100,369,95.0,
WAUC,18,within,within_fold0,42,0.5,0.2,50,inf,4,False,4.0,workload,0.45956999298901613,0.7297297297297297,185,100,590,165.0,
WAUC,18,within,within_fold0,42,0.5,0.3,50,inf,4,False,4.0,workload,0.40521423978488347,0.7027027027027027,185,100,516,131.0,
WAUC,18,within,within_fold0,42,0.5,0.5,50,inf,4,False,4.0,workload,0.6435868994103566,0.8216216216216217,185,100,369,90.0,
WAUC,19,within,within_fold0,0,0.5,0.2,50,inf,4,False,4.0,workload,0.4353829812345096,0.717391304347826,184,100,510,103.0,
WAUC,19,within,within_fold0,0,0.5,0.3,50,inf,4,False,4.0,workload,0.5868100697317102,0.7934782608695652,184,100,514,94.0,
WAUC,19,within,within_fold0,0,0.5,0.5,50,inf,4,False,4.0,workload,0.5872003778486243,0.7934782608695652,184,100,367,77.0,
WAUC,19,within,within_fold0,1,0.5,0.2,50,inf,4,False,4.0,workload,0.6634411139957517,0.8315217391304348,184,100,523,80.0,
WAUC,19,within,within_fold0,1,0.5,0.3,50,inf,4,False,4.0,workload,0.6639962299717248,0.8315217391304348,184,100,514,93.0,
WAUC,19,within,within_fold0,1,0.5,0.5,50,inf,4,False,4.0,workload,0.6637585475123792,0.8315217391304348,184,100,367,68.0,
WAUC,19,within,within_fold0,2,0.5,0.2,50,inf,4,False,4.0,workload,0.6204620462046204,0.8097826086956522,184,100,587,110.0,
WAUC,19,within,within_fold0,2,0.5,0.3,50,inf,4,False,4.0,workload,0.5771859533349046,0.7880434782608695,184,100,514,86.0,
WAUC,19,within,within_fold0,2,0.5,0.5,50,inf,4,False,4.0,workload,0.6746434044559708,0.8369565217391305,184,100,367,64.0,
WAUC,19,within,within_fold0,3,0.5,0.2,50,inf,4,False,4.0,workload,0.5876872272673664,0.7934782608695652,184,100,587,122.0,
WAUC,19,within,within_fold0,3,0.5,0.3,50,inf,4,False,4.0,workload,0.7178912607618824,0.8586956521739131,184,100,514,105.0,
WAUC,19,within,within_fold0,3,0.5,0.5,50,inf,4,False,4.0,workload,0.6202830188679245,0.8097826086956522,184,100,367,71.0,
WAUC,19,within,within_fold0,42,0.5,0.2,50,inf,4,False,4.0,workload,0.6302163376285613,0.8152173913043478,184,100,587,124.0,
WAUC,19,within,within_fold0,42,0.5,0.3,50,inf,4,False,4.0,workload,0.5878816456442296,0.7934782608695652,184,100,514,100.0,
WAUC,19,within,within_fold0,42,0.5,0.5,50,inf,4,False,4.0,workload,0.5982058545797923,0.7989130434782609,184,100,367,63.0,
WAUC,20,within,within_fold0,0,0.5,0.2,50,inf,4,False,4.0,workload,0.38581856100104284,0.6935483870967742,186,90,593,164.0,
WAUC,20,within,within_fold0,0,0.5,0.3,50,inf,4,False,4.0,workload,0.2036565609812543,0.6021505376344086,186,100,519,175.0,
WAUC,20,within,within_fold0,0,0.5,0.5,50,inf,4,False,4.0,workload,0.31222556043448113,0.6559139784946236,186,100,371,116.0,
WAUC,20,within,within_fold0,1,0.5,0.2,50,inf,4,False,4.0,workload,0.15034115878339316,0.5752688172043011,186,100,593,203.0,
WAUC,20,within,within_fold0,1,0.5,0.3,50,inf,4,False,4.0,workload,0.3120665742024965,0.6559139784946236,186,100,519,163.0,
WAUC,20,within,within_fold0,1,0.5,0.5,50,inf,4,False,4.0,workload,0.3546148507980569,0.6774193548387096,186,100,371,119.0,
WAUC,20,within,within_fold0,2,0.5,0.2,50,inf,4,False,4.0,workload,0.5270457697642164,0.7634408602150538,186,100,593,160.0,
WAUC,20,within,within_fold0,2,0.5,0.3,50,inf,4,False,4.0,workload,0.4945067653521453,0.7473118279569892,186,100,519,158.0,
WAUC,20,within,within_fold0,2,0.5,0.5,50,inf,4,False,4.0,workload,0.22571692876965765,0.6129032258064516,186,100,371,106.0,
WAUC,20,within,within_fold0,3,0.5,0.2,50,inf,4,False,4.0,workload,0.5274826789838338,0.7634408602150538,186,100,593,175.0,
WAUC,20,within,within_fold0,3,0.5,0.3,50,inf,4,False,4.0,workload,0.34332677393216804,0.6720430107526881,186,74,481,138.0,
WAUC,20,within,within_fold0,3,0.5,0.5,50,inf,4,False,4.0,workload,0.3983364140480592,0.6989247311827957,186,100,371,109.0,
WAUC,20,within,within_fold0,42,0.5,0.2,50,inf,4,False,4.0,workload,0.5271550727987058,0.7634408602150538,186,100,593,179.0,
WAUC,20,within,within_fold0,42,0.5,0.3,50,inf,4,False,4.0,workload,0.49415576900821656,0.7473118279569892,186,100,519,164.0,
WAUC,20,within,within_fold0,42,0.5,0.5,50,inf,4,False,4.0,workload,0.14087759815242495,0.5698924731182796,186,100,371,100.0,
WAUC,21,within,within_fold0,0,0.5,0.2,50,inf,4,False,4.0,workload,0.4907759882869692,0.745945945945946,185,100,592,175.0,
WAUC,21,within,within_fold0,0,0.5,0.3,50,inf,4,False,4.0,workload,0.5662368112543963,0.7837837837837838,185,100,439,112.0,
WAUC,21,within,within_fold0,0,0.5,0.5,50,inf,4,False,4.0,workload,0.4789343973712006,0.7405405405405405,185,100,370,94.0,
WAUC,21,within,within_fold0,1,0.5,0.2,50,inf,4,False,4.0,workload,0.4904178632127997,0.745945945945946,185,100,592,187.0,
WAUC,21,within,within_fold0,1,0.5,0.3,50,inf,4,False,4.0,workload,0.5016980911113713,0.7513513513513513,185,100,518,157.0,
WAUC,21,within,within_fold0,1,0.5,0.5,50,inf,4,False,4.0,workload,0.5783414178014143,0.7891891891891892,185,96,370,99.0,
WAUC,21,within,within_fold0,2,0.5,0.2,50,inf,4,False,4.0,workload,0.3407139101478063,0.6702702702702703,185,100,499,155.0,
WAUC,21,within,within_fold0,2,0.5,0.3,50,inf,4,False,4.0,workload,0.5994030549540587,0.8,185,100,518,149.0,
WAUC,21,within,within_fold0,2,0.5,0.5,50,inf,4,False,4.0,workload,0.4685466377440347,0.7351351351351352,185,100,370,98.0,
WAUC,21,within,within_fold0,3,0.5,0.2,50,inf,4,False,4.0,workload,0.6094757828075525,0.8054054054054054,185,100,539,137.0,
WAUC,21,within,within_fold0,3,0.5,0.3,50,inf,4,False,4.0,workload,0.3465975983046856,0.6756756756756757,185,100,492,129.0,
WAUC,21,within,within_fold0,3,0.5,0.5,50,inf,4,False,4.0,workload,0.6650703731822695,0.8324324324324325,185,100,370,106.0,
WAUC,21,within,within_fold0,42,0.5,0.2,50,inf,4,False,4.0,workload,0.4487935970088216,0.7243243243243244,185,100,592,160.0,
WAUC,21,within,within_fold0,42,0.5,0.3,50,inf,4,False,4.0,workload,0.4929142123986703,0.745945945945946,185,100,484,126.0,
WAUC,21,within,within_fold0,42,0.5,0.5,50,inf,4,False,4.0,workload,0.4905969886929521,0.745945945945946,185,100,370,86.0,
WAUC,22,within,within_fold0,0,0.5,0.2,50,inf,4,False,4.0,workload,0.30085959885386815,0.6502732240437158,183,100,582,150.0,
WAUC,22,within,within_fold0,0,0.5,0.3,50,inf,4,False,4.0,workload,0.42071313384698084,0.7103825136612022,183,100,510,119.0,
WAUC,22,within,within_fold0,0,0.5,0.5,50,inf,4,False,4.0,workload,0.6285373134328358,0.8142076502732241,183,100,364,74.0,
WAUC,22,within,within_fold0,1,0.5,0.2,50,inf,4,False,4.0,workload,0.5291125605888337,0.7650273224043715,183,100,582,131.0,
WAUC,22,within,within_fold0,1,0.5,0.3,50,inf,4,False,4.0,workload,0.5297316679615132,0.7650273224043715,183,100,510,115.0,
WAUC,22,within,within_fold0,1,0.5,0.5,50,inf,4,False,4.0,workload,0.5408602150537635,0.7704918032786885,183,100,364,84.0,
WAUC,22,within,within_fold0,2,0.5,0.2,50,inf,4,False,4.0,workload,0.617452069521591,0.8087431693989071,183,100,582,135.0,
WAUC,22,within,within_fold0,2,0.5,0.3,50,inf,4,False,4.0,workload,0.6831452624037255,0.8415300546448088,183,100,510,114.0,
WAUC,22,within,within_fold0,2,0.5,0.5,50,inf,4,False,4.0,workload,0.6501792114695341,0.825136612021858,183,100,364,80.0,
WAUC,22,within,within_fold0,3,0.5,0.2,50,inf,4,False,4.0,workload,0.6390532544378699,0.819672131147541,183,100,582,129.0,
WAUC,22,within,within_fold0,3,0.5,0.3,50,inf,4,False,4.0,workload,0.6502210010751404,0.825136612021858,183,100,510,102.0,
WAUC,22,within,within_fold0,3,0.5,0.5,50,inf,4,False,4.0,workload,0.6174063676005017,0.8087431693989071,183,100,364,85.0,
WAUC,22,within,within_fold0,42,0.5,0.2,50,inf,4,False,4.0,workload,0.5953021337636722,0.7978142076502732,183,100,582,142.0,
WAUC,22,within,within_fold0,42,0.5,0.3,50,inf,4,False,4.0,workload,0.551604613637722,0.7759562841530054,183,100,510,146.0,
WAUC,22,within,within_fold0,42,0.5,0.5,50,inf,4,False,4.0,workload,0.5844388669774112,0.7923497267759563,183,100,364,81.0,
WAUC,24,within,within_fold0,0,0.5,0.2,50,inf,4,False,4.0,workload,0.2965779467680608,0.6486486486486487,185,84,590,215.0,
WAUC,24,within,within_fold0,0,0.5,0.3,50,inf,4,False,4.0,workload,0.42711072158924923,0.7135135135135136,185,100,516,193.0,
WAUC,24,within,within_fold0,0,0.5,0.5,50,inf,4,False,4.0,workload,0.3839457848922124,0.6918918918918919,185,100,369,127.0,
WAUC,24,within,within_fold0,1,0.5,0.2,50,inf,4,False,4.0,workload,0.35307145354936476,0.6756756756756757,185,70,572,190.0,
WAUC,24,within,within_fold0,1,0.5,0.3,50,inf,4,False,4.0,workload,0.3191775220515217,0.6594594594594595,185,90,516,168.0,
WAUC,24,within,within_fold0,1,0.5,0.5,50,inf,4,False,4.0,workload,0.2001635896237438,0.6,185,100,369,136.0,
WAUC,24,within,within_fold0,2,0.5,0.2,50,inf,4,False,4.0,workload,0.43841214244016347,0.7189189189189189,185,94,590,245.0,
WAUC,24,within,within_fold0,2,0.5,0.3,50,inf,4,False,4.0,workload,0.2753580824320374,0.6378378378378379,185,100,516,202.0,
WAUC,24,within,within_fold0,2,0.5,0.5,50,inf,4,False,4.0,workload,0.2101877302766243,0.6054054054054054,185,100,369,124.0,
WAUC,24,within,within_fold0,3,0.5,0.2,50,inf,4,False,4.0,workload,0.21203104031740483,0.6054054054054054,185,100,590,187.0,
WAUC,24,within,within_fold0,3,0.5,0.3,50,inf,4,False,4.0,workload,0.244281045751634,0.6216216216216216,185,100,516,194.0,
WAUC,24,within,within_fold0,3,0.5,0.5,50,inf,4,False,4.0,workload,0.39507182062361323,0.6972972972972973,185,100,369,124.0,
WAUC,24,within,within_fold0,42,0.5,0.2,50,inf,4,False,4.0,workload,0.27704870224555267,0.6378378378378379,185,100,590,236.0,
WAUC,24,within,within_fold0,42,0.5,0.3,50,inf,4,False,4.0,workload,0.3092987982732469,0.654054054054054,185,100,516,187.0,
WAUC,24,within,within_fold0,42,0.5,0.5,50,inf,4,False,4.0,workload,0.41681260945709286,0.7081081081081081,185,100,369,140.0,
WAUC,25,within,within_fold0,0,0.5,0.2,50,inf,4,False,4.0,workload,0.3548387096774194,0.6774193548387096,186,100,594,166.0,
WAUC,25,within,within_fold0,0,0.5,0.3,50,inf,4,False,4.0,workload,0.4516129032258065,0.7258064516129032,186,100,520,144.0,
WAUC,25,within,within_fold0,0,0.5,0.5,50,inf,4,False,4.0,workload,0.4623655913978495,0.7311827956989247,186,100,371,112.0,
WAUC,25,within,within_fold0,1,0.5,0.2,50,inf,4,False,4.0,workload,0.33333333333333337,0.6666666666666666,186,100,580,169.0,
WAUC,25,within,within_fold0,1,0.5,0.3,50,inf,4,False,4.0,workload,0.4516129032258065,0.7258064516129032,186,100,519,152.0,
WAUC,25,within,within_fold0,1,0.5,0.5,50,inf,4,False,4.0,workload,0.4946236559139785,0.7473118279569892,186,100,371,101.0,
WAUC,25,within,within_fold0,2,0.5,0.2,50,inf,4,False,4.0,workload,0.3548387096774194,0.6774193548387096,186,100,594,174.0,
WAUC,25,within,within_fold0,2,0.5,0.3,50,inf,4,False,4.0,workload,0.33333333333333337,0.6666666666666666,186,100,520,144.0,
WAUC,25,within,within_fold0,2,0.5,0.5,50,inf,4,False,4.0,workload,0.3548387096774194,0.6774193548387096,186,100,371,89.0,
WAUC,25,within,within_fold0,3,0.5,0.2,50,inf,4,False,4.0,workload,0.4516129032258065,0.7258064516129032,186,98,594,155.0,
WAUC,25,within,within_fold0,3,0.5,0.3,50,inf,4,False,4.0,workload,0.34408602150537637,0.6720430107526881,186,100,466,149.0,
WAUC,25,within,within_fold0,3,0.5,0.5,50,inf,4,False,4.0,workload,0.3870967741935484,0.6935483870967742,186,100,371,97.0,
WAUC,25,within,within_fold0,42,0.5,0.2,50,inf,4,False,4.0,workload,0.5483870967741935,0.7741935483870968,186,100,594,191.0,
WAUC,25,within,within_fold0,42,0.5,0.3,50,inf,4,False,4.0,workload,0.4731182795698925,0.7365591397849462,186,100,520,136.0,
WAUC,25,within,within_fold0,42,0.5,0.5,50,inf,4,False,4.0,workload,0.4301075268817204,0.7150537634408602,186,100,371,85.0,
WAUC,27,within,within_fold0,0,0.5,0.2,50,inf,4,False,4.0,workload,0.2262844649580955,0.6153846153846154,182,92,580,216.0,
WAUC,27,within,within_fold0,0,0.5,0.3,50,inf,4,False,4.0,workload,0.21120742278110127,0.6098901098901099,182,92,507,189.0,
WAUC,27,within,within_fold0,0,0.5,0.5,50,inf,4,False,4.0,workload,0.34960629921259834,0.6758241758241759,182,100,363,122.0,
WAUC,27,within,within_fold0,1,0.5,0.2,50,inf,4,False,4.0,workload,0.4524010109519798,0.7252747252747253,182,76,580,220.0,
WAUC,27,within,within_fold0,1,0.5,0.3,50,inf,4,False,4.0,workload,0.38520931354807575,0.6923076923076923,182,94,507,186.0,
WAUC,27,within,within_fold0,1,0.5,0.5,50,inf,4,False,4.0,workload,0.3966244725738397,0.6978021978021978,182,100,363,132.0,
WAUC,27,within,within_fold0,2,0.5,0.2,50,inf,4,False,4.0,workload,0.3945808636748518,0.6978021978021978,182,94,580,202.0,
WAUC,27,within,within_fold0,2,0.5,0.3,50,inf,4,False,4.0,workload,0.240841494377947,0.6208791208791209,182,96,507,171.0,
WAUC,27,within,within_fold0,2,0.5,0.5,50,inf,4,False,4.0,workload,0.46218791460619957,0.7307692307692307,182,100,363,126.0,
WAUC,27,within,within_fold0,3,0.5,0.2,50,inf,4,False,4.0,workload,0.24010649885029645,0.6208791208791209,182,92,580,208.0,
WAUC,27,within,within_fold0,3,0.5,0.3,50,inf,4,False,4.0,workload,0.24047417442845043,0.6208791208791209,182,86,507,191.0,
WAUC,27,within,within_fold0,3,0.5,0.5,50,inf,4,False,4.0,workload,0.32065021071643585,0.6593406593406593,182,100,363,133.0,
WAUC,27,within,within_fold0,42,0.5,0.2,50,inf,4,False,4.0,workload,0.26177503329700924,0.6318681318681318,182,86,580,226.0,
WAUC,27,within,within_fold0,42,0.5,0.3,50,inf,4,False,4.0,workload,0.25418826081716284,0.6263736263736264,182,100,507,187.0,
WAUC,27,within,within_fold0,42,0.5,0.5,50,inf,4,False,4.0,workload,0.45187326828093,0.7252747252747253,182,100,363,122.0,
WAUC,29,within,within_fold0,0,0.5,0.2,50,inf,4,False,4.0,workload,0.09782608695652173,0.5489130434782609,184,48,504,236.0,
WAUC,29,within,within_fold0,0,0.5,0.3,50,inf,4,False,4.0,workload,0.3804347826086957,0.6902173913043478,184,50,488,202.0,
WAUC,29,within,within_fold0,0,0.5,0.5,50,inf,4,False,4.0,workload,0.4347826086956522,0.717391304347826,184,76,367,142.0,
WAUC,29,within,within_fold0,1,0.5,0.2,50,inf,4,False,4.0,workload,0.3586956521739131,0.6793478260869565,184,42,572,224.0,
WAUC,29,within,within_fold0,1,0.5,0.3,50,inf,4,False,4.0,workload,0.3804347826086957,0.6902173913043478,184,34,491,182.0,
WAUC,29,within,within_fold0,1,0.5,0.5,50,inf,4,False,4.0,workload,0.2717391304347826,0.6358695652173914,184,70,367,121.0,
WAUC,29,within,within_fold0,2,0.5,0.2,50,inf,4,False,4.0,workload,0.4130434782608695,0.7065217391304348,184,58,587,225.0,
WAUC,29,within,within_fold0,2,0.5,0.3,50,inf,4,False,4.0,workload,0.09782608695652173,0.5489130434782609,184,56,514,204.0,
WAUC,29,within,within_fold0,2,0.5,0.5,50,inf,4,False,4.0,workload,0.40217391304347827,0.7010869565217391,184,62,367,130.0,
WAUC,29,within,within_fold0,3,0.5,0.2,50,inf,4,False,4.0,workload,0.3586956521739131,0.6793478260869565,184,76,540,204.0,
WAUC,29,within,within_fold0,3,0.5,0.3,50,inf,4,False,4.0,workload,0.13043478260869568,0.5652173913043478,184,80,514,191.0,
WAUC,29,within,within_fold0,3,0.5,0.5,50,inf,4,False,4.0,workload,0.2934782608695652,0.6467391304347826,184,70,367,132.0,
WAUC,29,within,within_fold0,42,0.5,0.2,50,inf,4,False,4.0,workload,0.26086956521739135,0.6304347826086957,184,56,503,228.0,
WAUC,29,within,within_fold0,42,0.5,0.3,50,inf,4,False,4.0,workload,0.4130434782608695,0.7065217391304348,184,38,461,168.0,
WAUC,29,within,within_fold0,42,0.5,0.5,50,inf,4,False,4.0,workload,0.3695652173913043,0.6847826086956522,184,76,367,124.0,
WAUC,30,within,within_fold0,0,0.5,0.2,50,inf,4,False,4.0,workload,0.3586956521739131,0.6793478260869565,184,100,586,196.0,
WAUC,30,within,within_fold0,0,0.5,0.3,50,inf,4,False,4.0,workload,0.4347826086956522,0.717391304347826,184,100,512,170.0,
WAUC,30,within,within_fold0,0,0.5,0.5,50,inf,4,False,4.0,workload,0.40217391304347827,0.7010869565217391,184,100,366,98.0,
WAUC,30,within,within_fold0,1,0.5,0.2,50,inf,4,False,4.0,workload,0.44565217391304346,0.7228260869565217,184,96,586,185.0,
WAUC,30,within,within_fold0,1,0.5,0.3,50,inf,4,False,4.0,workload,0.46739130434782605,0.7336956521739131,184,100,455,130.0,
WAUC,30,within,within_fold0,1,0.5,0.5,50,inf,4,False,4.0,workload,0.34782608695652173,0.6739130434782609,184,100,366,85.0,
WAUC,30,within,within_fold0,2,0.5,0.2,50,inf,4,False,4.0,workload,0.4782608695652174,0.7391304347826086,184,100,586,169.0,
WAUC,30,within,within_fold0,2,0.5,0.3,50,inf,4,False,4.0,workload,0.5,0.75,184,100,512,166.0,
WAUC,30,within,within_fold0,2,0.5,0.5,50,inf,4,False,4.0,workload,0.44565217391304346,0.7228260869565217,184,100,366,101.0,
WAUC,30,within,within_fold0,3,0.5,0.2,50,inf,4,False,4.0,workload,0.4565217391304348,0.7282608695652174,184,100,586,195.0,
WAUC,30,within,within_fold0,3,0.5,0.3,50,inf,4,False,4.0,workload,0.42391304347826086,0.7119565217391305,184,100,512,153.0,
WAUC,30,within,within_fold0,3,0.5,0.5,50,inf,4,False,4.0,workload,0.4347826086956522,0.717391304347826,184,100,366,94.0,
WAUC,30,within,within_fold0,42,0.5,0.2,50,inf,4,False,4.0,workload,0.2717391304347826,0.6358695652173914,184,100,586,160.0,
WAUC,30,within,within_fold0,42,0.5,0.3,50,inf,4,False,4.0,workload,0.4347826086956522,0.717391304347826,184,100,512,149.0,
WAUC,30,within,within_fold0,42,0.5,0.5,50,inf,4,False,4.0,workload,0.4565217391304348,0.7282608695652174,184,100,366,84.0,
WAUC,31,within,within_fold0,0,0.5,0.2,50,inf,4,False,4.0,workload,0.24547983310153,0.6236559139784946,186,60,592,274.0,
WAUC,31,within,within_fold0,0,0.5,0.3,50,inf,4,False,4.0,workload,0.24442896935933145,0.6236559139784946,186,82,518,218.0,
WAUC,31,within,within_fold0,0,0.5,0.5,50,inf,4,False,4.0,workload,0.2889249304911955,0.6451612903225806,186,88,370,152.0,
WAUC,31,within,within_fold0,1,0.5,0.2,50,inf,4,False,4.0,workload,-0.05072630850818549,0.4731182795698925,186,60,592,273.0,
WAUC,31,within,within_fold0,1,0.5,0.3,50,inf,4,False,4.0,workload,0.15191042364077112,0.5752688172043011,186,56,518,213.0,
WAUC,31,within,within_fold0,1,0.5,0.5,50,inf,4,False,4.0,workload,0.1608051827857474,0.5806451612903226,186,80,370,169.0,
WAUC,31,within,within_fold0,2,0.5,0.2,50,inf,4,False,4.0,workload,0.19242792636332062,0.5967741935483871,186,74,592,242.0,
WAUC,31,within,within_fold0,2,0.5,0.3,50,inf,4,False,4.0,workload,0.2899120777417863,0.6451612903225806,186,92,518,198.0,
WAUC,31,within,within_fold0,2,0.5,0.5,50,inf,4,False,4.0,workload,0.2260748959778086,0.6129032258064516,186,88,370,152.0,
WAUC,31,within,within_fold0,3,0.5,0.2,50,inf,4,False,4.0,workload,0.20125348189415038,0.6021505376344086,186,84,592,239.0,
WAUC,31,within,within_fold0,3,0.5,0.3,50,inf,4,False,4.0,workload,0.09541454377026404,0.5483870967741935,186,98,518,208.0,
WAUC,31,within,within_fold0,3,0.5,0.5,50,inf,4,False,4.0,workload,0.17414369738207813,0.5860215053763441,186,90,370,148.0,
WAUC,31,within,within_fold0,42,0.5,0.2,50,inf,4,False,4.0,workload,0.02286110148943532,0.510752688172043,186,76,592,262.0,
WAUC,31,within,within_fold0,42,0.5,0.3,50,inf,4,False,4.0,workload,0.04653841723303764,0.521505376344086,186,42,518,223.0,
WAUC,31,within,within_fold0,42,0.5,0.5,50,inf,4,False,4.0,workload,0.18270120259019418,0.5913978494623656,186,100,349,154.0,
WAUC,32,within,within_fold0,0,0.5,0.2,50,inf,4,False,4.0,workload,0.3913043478260869,0.6956521739130435,184,86,586,190.0,
WAUC,32,within,within_fold0,0,0.5,0.3,50,inf,4,False,4.0,workload,0.26086956521739135,0.6304347826086957,184,78,513,176.0,
WAUC,32,within,within_fold0,0,0.5,0.5,50,inf,4,False,4.0,workload,0.44565217391304346,0.7228260869565217,184,100,367,131.0,
WAUC,32,within,within_fold0,1,0.5,0.2,50,inf,4,False,4.0,workload,0.2934782608695652,0.6467391304347826,184,100,586,206.0,
WAUC,32,within,within_fold0,1,0.5,0.3,50,inf,4,False,4.0,workload,0.32608695652173914,0.6630434782608695,184,100,513,181.0,
WAUC,32,within,within_fold0,1,0.5,0.5,50,inf,4,False,4.0,workload,0.28260869565217395,0.6413043478260869,184,100,367,119.0,
WAUC,32,within,within_fold0,2,0.5,0.2,50,inf,4,False,4.0,workload,0.2934782608695652,0.6467391304347826,184,84,584,210.0,
WAUC,32,within,within_fold0,2,0.5,0.3,50,inf,4,False,4.0,workload,0.3695652173913043,0.6847826086956522,184,76,513,176.0,
WAUC,32,within,within_fold0,2,0.5,0.5,50,inf,4,False,4.0,workload,0.3586956521739131,0.6793478260869565,184,100,367,110.0,
WAUC,32,within,within_fold0,3,0.5,0.2,50,inf,4,False,4.0,workload,0.3804347826086957,0.6902173913043478,184,96,586,179.0,
WAUC,32,within,within_fold0,3,0.5,0.3,50,inf,4,False,4.0,workload,0.5108695652173914,0.7554347826086957,184,100,513,160.0,
WAUC,32,within,within_fold0,3,0.5,0.5,50,inf,4,False,4.0,workload,0.44565217391304346,0.7228260869565217,184,100,367,119.0,
WAUC,32,within,within_fold0,42,0.5,0.2,50,inf,4,False,4.0,workload,0.3369565217391305,0.6684782608695652,184,84,586,180.0,
WAUC,32,within,within_fold0,42,0.5,0.3,50,inf,4,False,4.0,workload,0.34782608695652173,0.6739130434782609,184,76,513,164.0,
WAUC,32,within,within_fold0,42,0.5,0.5,50,inf,4,False,4.0,workload,0.34782608695652173,0.6739130434782609,184,100,367,126.0,
WAUC,33,within,within_fold0,0,0.5,0.2,50,inf,4,False,4.0,workload,0.27866698518872435,0.639344262295082,183,78,585,236.0,
WAUC,33,within,within_fold0,0,0.5,0.3,50,inf,4,False,4.0,workload,0.31124917856502776,0.6557377049180327,183,88,512,167.0,
WAUC,33,within,within_fold0,0,0.5,0.5,50,inf,4,False,4.0,workload,0.22434481523491145,0.6120218579234973,183,98,365,136.0,
WAUC,33,within,within_fold0,1,0.5,0.2,50,inf,4,False,4.0,workload,0.22471507846530225,0.6120218579234973,183,82,585,213.0,
WAUC,33,within,within_fold0,1,0.5,0.3,50,inf,4,False,4.0,workload,0.18123247628706074,0.5901639344262295,183,88,512,195.0,
WAUC,33,within,within_fold0,1,0.5,0.5,50,inf,4,False,4.0,workload,0.34432103188821217,0.6721311475409836,183,100,365,137.0,
WAUC,33,within,within_fold0,2,0.5,0.2,50,inf,4,False,4.0,workload,0.23549773215564573,0.6174863387978142,183,86,585,211.0,
WAUC,33,within,within_fold0,2,0.5,0.3,50,inf,4,False,4.0,workload,0.23522388059701493,0.6174863387978142,183,92,512,207.0,
WAUC,33,within,within_fold0,2,0.5,0.5,50,inf,4,False,4.0,workload,0.41031149301825987,0.7049180327868853,183,94,365,138.0,
WAUC,33,within,within_fold0,3,0.5,0.2,50,inf,4,False,4.0,workload,0.1585955693557054,0.5792349726775956,183,90,585,220.0,
WAUC,33,within,within_fold0,3,0.5,0.3,50,inf,4,False,4.0,workload,0.1808415398388541,0.5901639344262295,183,72,512,183.0,
WAUC,33,within,within_fold0,3,0.5,0.5,50,inf,4,False,4.0,workload,0.22545454545454546,0.6120218579234973,183,80,365,134.0,
WAUC,33,within,within_fold0,42,0.5,0.2,50,inf,4,False,4.0,workload,0.34424271380793126,0.6721311475409836,183,72,585,207.0,
WAUC,33,within,within_fold0,42,0.5,0.3,50,inf,4,False,4.0,workload,0.3662526868879866,0.6830601092896175,183,96,512,190.0,
WAUC,33,within,within_fold0,42,0.5,0.5,50,inf,4,False,4.0,workload,0.33343285364542896,0.6666666666666666,183,96,365,126.0,
WAUC,34,within,within_fold0,0,0.5,0.2,50,inf,4,False,4.0,workload,0.24637421665174575,0.6229508196721312,183,90,495,182.0,
WAUC,34,within,within_fold0,0,0.5,0.3,50,inf,4,False,4.0,workload,0.3224650662844859,0.6612021857923497,183,96,512,215.0,
WAUC,34,within,within_fold0,0,0.5,0.5,50,inf,4,False,4.0,workload,0.1361219002091425,0.5683060109289617,183,100,366,143.0,
WAUC,34,within,within_fold0,1,0.5,0.2,50,inf,4,False,4.0,workload,0.12471601100083707,0.5628415300546448,183,94,586,250.0,
WAUC,34,within,within_fold0,1,0.5,0.3,50,inf,4,False,4.0,workload,0.3984220907297831,0.6994535519125683,183,100,512,200.0,
WAUC,34,within,within_fold0,1,0.5,0.5,50,inf,4,False,4.0,workload,0.3220602294455066,0.6612021857923497,183,96,366,140.0,
WAUC,34,within,within_fold0,2,0.5,0.2,50,inf,4,False,4.0,workload,0.27814965335883335,0.639344262295082,183,82,586,223.0,
WAUC,34,within,within_fold0,2,0.5,0.3,50,inf,4,False,4.0,workload,0.3554414661811236,0.6775956284153005,183,76,512,219.0,
WAUC,34,within,within_fold0,2,0.5,0.5,50,inf,4,False,4.0,workload,0.3766955482521661,0.6885245901639344,183,92,366,131.0,
WAUC,34,within,within_fold0,3,0.5,0.2,50,inf,4,False,4.0,workload,0.12565695174390834,0.5628415300546448,183,82,586,246.0,
WAUC,34,within,within_fold0,3,0.5,0.3,50,inf,4,False,4.0,workload,0.2019236513531274,0.6010928961748634,183,84,495,165.0,
WAUC,34,within,within_fold0,3,0.5,0.5,50,inf,4,False,4.0,workload,0.3553644993730969,0.6775956284153005,183,96,366,137.0,
WAUC,34,within,within_fold0,42,0.5,0.2,50,inf,4,False,4.0,workload,0.2891292655232176,0.644808743169399,183,92,586,255.0,
WAUC,34,within,within_fold0,42,0.5,0.3,50,inf,4,False,4.0,workload,0.3880329630956647,0.6939890710382514,183,94,512,215.0,
WAUC,34,within,within_fold0,42,0.5,0.5,50,inf,4,False,4.0,workload,0.530124798471368,0.7650273224043715,183,100,366,127.0,
WAUC,35,within,within_fold0,0,0.5,0.2,50,inf,4,False,4.0,workload,0.2782324058919803,0.6797385620915033,153,84,486,174.0,
WAUC,35,within,within_fold0,0,0.5,0.3,50,inf,4,False,4.0,workload,0.44555173038593954,0.738562091503268,153,72,426,142.0,
WAUC,35,within,within_fold0,0,0.5,0.5,50,inf,4,False,4.0,workload,0.21462469733656175,0.6535947712418301,153,90,304,108.0,
WAUC,35,within,within_fold0,1,0.5,0.2,50,inf,4,False,4.0,workload,0.36108396268325194,0.6928104575163399,153,74,486,154.0,
WAUC,35,within,within_fold0,1,0.5,0.3,50,inf,4,False,4.0,workload,0.299149294194634,0.6797385620915033,153,92,320,111.0,
WAUC,35,within,within_fold0,1,0.5,0.5,50,inf,4,False,4.0,workload,0.3221690590111643,0.673202614379085,153,92,304,99.0,
WAUC,35,within,within_fold0,2,0.5,0.2,50,inf,4,False,4.0,workload,0.33865336658354117,0.6601307189542484,153,94,331,101.0,
WAUC,35,within,within_fold0,2,0.5,0.3,50,inf,4,False,4.0,workload,0.2578503957110032,0.6274509803921569,153,94,426,131.0,
WAUC,35,within,within_fold0,2,0.5,0.5,50,inf,4,False,4.0,workload,0.29876082159225936,0.6470588235294118,153,90,304,107.0,
WAUC,35,within,within_fold0,3,0.5,0.2,50,inf,4,False,4.0,workload,0.20134228187919467,0.6339869281045751,153,88,486,160.0,
WAUC,35,within,within_fold0,3,0.5,0.3,50,inf,4,False,4.0,workload,0.2910874897792314,0.6666666666666666,153,98,426,129.0,
WAUC,35,within,within_fold0,3,0.5,0.5,50,inf,4,False,4.0,workload,0.17980490377010283,0.6013071895424836,153,96,304,88.0,
WAUC,35,within,within_fold0,42,0.5,0.2,50,inf,4,False,4.0,workload,0.365945945945946,0.6993464052287581,153,84,486,179.0,
WAUC,35,within,within_fold0,42,0.5,0.3,50,inf,4,False,4.0,workload,0.32039397450753193,0.6993464052287581,153,92,426,143.0,
WAUC,35,within,within_fold0,42,0.5,0.5,50,inf,4,False,4.0,workload,0.3111274464761554,0.6797385620915033,153,88,304,101.0,
WAUC,36,within,within_fold0,0,0.5,0.2,50,inf,4,False,4.0,workload,0.010869565217391353,0.5054347826086957,184,50,586,244.0,
WAUC,36,within,within_fold0,0,0.5,0.3,50,inf,4,False,4.0,workload,-0.04347826086956519,0.4782608695652174,184,52,513,239.0,
WAUC,36,within,within_fold0,0,0.5,0.5,50,inf,4,False,4.0,workload,0.11956521739130432,0.5597826086956522,184,54,367,166.0,
WAUC,36,within,within_fold0,1,0.5,0.2,50,inf,4,False,4.0,workload,0.09782608695652173,0.5489130434782609,184,76,586,275.0,
WAUC,36,within,within_fold0,1,0.5,0.3,50,inf,4,False,4.0,workload,0.07608695652173914,0.5380434782608695,184,86,513,226.0,
WAUC,36,within,within_fold0,1,0.5,0.5,50,inf,4,False,4.0,workload,0.2065217391304348,0.6032608695652174,184,80,367,153.0,
WAUC,36,within,within_fold0,2,0.5,0.2,50,inf,4,False,4.0,workload,0.2282608695652174,0.6141304347826086,184,70,518,230.0,
WAUC,36,within,within_fold0,2,0.5,0.3,50,inf,4,False,4.0,workload,0.21739130434782605,0.6086956521739131,184,84,513,242.0,
WAUC,36,within,within_fold0,2,0.5,0.5,50,inf,4,False,4.0,workload,0.3586956521739131,0.6793478260869565,184,84,367,145.0,
WAUC,36,within,within_fold0,3,0.5,0.2,50,inf,4,False,4.0,workload,0.28260869565217395,0.6413043478260869,184,70,486,222.0,
WAUC,36,within,within_fold0,3,0.5,0.3,50,inf,4,False,4.0,workload,0.23913043478260865,0.6195652173913043,184,86,513,206.0,
WAUC,36,within,within_fold0,3,0.5,0.5,50,inf,4,False,4.0,workload,0.06521739130434778,0.532608695652174,184,94,367,154.0,
WAUC,36,within,within_fold0,42,0.5,0.2,50,inf,4,False,4.0,workload,0.0,0.5,184,58,550,217.0,
WAUC,36,within,within_fold0,42,0.5,0.3,50,inf,4,False,4.0,workload,0.07608695652173914,0.5380434782608695,184,78,513,219.0,
WAUC,36,within,within_fold0,42,0.5,0.5,50,inf,4,False,4.0,workload,0.06521739130434778,0.532608695652174,184,80,350,143.0,
WAUC,37,within,within_fold0,0,0.5,0.2,50,inf,4,False,4.0,workload,0.5518188877605879,0.7759562841530054,183,100,586,151.0,
WAUC,37,within,within_fold0,0,0.5,0.3,50,inf,4,False,4.0,workload,0.5517653384312086,0.7759562841530054,183,100,512,134.0,
WAUC,37,within,within_fold0,0,0.5,0.5,50,inf,4,False,4.0,workload,0.6286259997612511,0.8142076502732241,183,100,366,86.0,
WAUC,37,within,within_fold0,1,0.5,0.2,50,inf,4,False,4.0,workload,0.4536008599068434,0.726775956284153,183,100,586,160.0,
WAUC,37,within,within_fold0,1,0.5,0.3,50,inf,4,False,4.0,workload,0.5404759057754395,0.7704918032786885,183,100,512,125.0,
WAUC,37,within,within_fold0,1,0.5,0.5,50,inf,4,False,4.0,workload,0.5083288554540569,0.7540983606557377,183,100,366,95.0,
WAUC,37,within,within_fold0,2,0.5,0.2,50,inf,4,False,4.0,workload,0.5630372492836676,0.7814207650273224,183,100,586,128.0,
WAUC,37,within,within_fold0,2,0.5,0.3,50,inf,4,False,4.0,workload,0.49647086972125853,0.7486338797814208,183,100,512,125.0,
WAUC,37,within,within_fold0,2,0.5,0.5,50,inf,4,False,4.0,workload,0.5734265734265734,0.7868852459016393,183,100,366,88.0,
WAUC,37,within,within_fold0,3,0.5,0.2,50,inf,4,False,4.0,workload,0.6391395279354646,0.819672131147541,183,100,586,146.0,
WAUC,37,within,within_fold0,3,0.5,0.3,50,inf,4,False,4.0,workload,0.5410247223217485,0.7704918032786885,183,100,512,121.0,
WAUC,37,within,within_fold0,3,0.5,0.5,50,inf,4,False,4.0,workload,0.5305732864045816,0.7650273224043715,183,100,366,84.0,
WAUC,37,within,within_fold0,42,0.5,0.2,50,inf,4,False,4.0,workload,0.606075101650323,0.8032786885245902,183,100,586,152.0,
WAUC,37,within,within_fold0,42,0.5,0.3,50,inf,4,False,4.0,workload,0.3982782327972738,0.6994535519125683,183,100,512,136.0,
WAUC,37,within,within_fold0,42,0.5,0.5,50,inf,4,False,4.0,workload,0.5954955493159687,0.7978142076502732,183,100,366,93.0,
WAUC,38,within,within_fold0,0,0.5,0.2,50,inf,4,False,4.0,workload,0.03707247070078934,0.5191256830601093,183,90,585,237.0,
WAUC,38,within,within_fold0,0,0.5,0.3,50,inf,4,False,4.0,workload,0.20240014329213674,0.6010928961748634,183,82,512,212.0,
WAUC,38,within,within_fold0,0,0.5,0.5,50,inf,4,False,4.0,workload,0.0932481642886992,0.546448087431694,183,98,365,141.0,
WAUC,38,within,within_fold0,1,0.5,0.2,50,inf,4,False,4.0,workload,0.18015650200107525,0.5901639344262295,183,68,585,208.0,
WAUC,38,within,within_fold0,1,0.5,0.3,50,inf,4,False,4.0,workload,0.30219256434699715,0.6502732240437158,183,56,512,200.0,
WAUC,38,within,within_fold0,1,0.5,0.5,50,inf,4,False,4.0,workload,0.1375648750223707,0.5683060109289617,183,62,365,145.0,
WAUC,38,within,within_fold0,2,0.5,0.2,50,inf,4,False,4.0,workload,0.31182474780636305,0.6557377049180327,183,40,580,237.0,
WAUC,38,within,within_fold0,2,0.5,0.3,50,inf,4,False,4.0,workload,0.08183012782224353,0.5409836065573771,183,70,512,188.0,
WAUC,38,within,within_fold0,2,0.5,0.5,50,inf,4,False,4.0,workload,0.13674090881948997,0.5683060109289617,183,60,365,137.0,
WAUC,38,within,within_fold0,3,0.5,0.2,50,inf,4,False,4.0,workload,0.25716332378223494,0.6284153005464481,183,68,579,229.0,
WAUC,38,within,within_fold0,3,0.5,0.3,50,inf,4,False,4.0,workload,0.18191571794718964,0.5901639344262295,183,58,512,192.0,
WAUC,38,within,within_fold0,3,0.5,0.5,50,inf,4,False,4.0,workload,0.22536218923269546,0.6120218579234973,183,72,365,156.0,
WAUC,38,within,within_fold0,42,0.5,0.2,50,inf,4,False,4.0,workload,0.19094276496594564,0.5956284153005464,183,50,527,239.0,
WAUC,38,within,within_fold0,42,0.5,0.3,50,inf,4,False,4.0,workload,0.11382794284689424,0.5573770491803278,183,36,498,216.0,
WAUC,38,within,within_fold0,42,0.5,0.5,50,inf,4,False,4.0,workload,0.22406688563750365,0.6120218579234973,183,64,365,139.0,
WAUC,39,within,within_fold0,0,0.5,0.2,50,inf,4,False,4.0,workload,,,0,0,0,0.0,"y should be a 1d array with more than two classes, but got 1 class from ['high' 'high' 'high' 'high' 'high' 'high' 'high' 'high' 'high' 'high'
 'high' 'high' 'high' 'high']"
WAUC,39,within,within_fold0,0,0.5,0.3,50,inf,4,False,4.0,workload,,,0,0,0,0.0,"y should be a 1d array with more than two classes, but got 1 class from ['high' 'high' 'high' 'high' 'high' 'high' 'high' 'high' 'high' 'high'
 'high' 'high' 'high' 'high' 'high' 'high' 'high' 'high' 'high' 'high'
 'high' 'high']"
WAUC,39,within,within_fold0,0,0.5,0.5,50,inf,4,False,4.0,workload,,,0,0,0,0.0,"y should be a 1d array with more than two classes, but got 1 class from ['high' 'high' 'high' 'high' 'high' 'high' 'high' 'high' 'high' 'high'
 'high' 'high' 'high' 'high' 'high' 'high' 'high' 'high' 'high' 'high'
 'high' 'high' 'high' 'high' 'high' 'high' 'high' 'high' 'high' 'high'
 'high' 'high' 'high' 'high' 'high' 'high' 'high']"
WAUC,39,within,within_fold0,1,0.5,0.2,50,inf,4,False,4.0,workload,,,0,0,0,0.0,"y should be a 1d array with more than two classes, but got 1 class from ['high' 'high' 'high' 'high' 'high' 'high' 'high' 'high' 'high' 'high'
 'high' 'high' 'high' 'high']"
WAUC,39,within,within_fold0,1,0.5,0.3,50,inf,4,False,4.0,workload,,,0,0,0,0.0,"y should be a 1d array with more than two classes, but got 1 class from ['high' 'high' 'high' 'high' 'high' 'high' 'high' 'high' 'high' 'high'
 'high' 'high' 'high' 'high' 'high' 'high' 'high' 'high' 'high' 'high'
 'high' 'high']"
WAUC,39,within,within_fold0,1,0.5,0.5,50,inf,4,False,4.0,workload,,,0,0,0,0.0,"y should be a 1d array with more than two classes, but got 1 class from ['high' 'high' 'high' 'high' 'high' 'high' 'high' 'high' 'high' 'high'
 'high' 'high' 'high' 'high' 'high' 'high' 'high' 'high' 'high' 'high'
 'high' 'high' 'high' 'high' 'high' 'high' 'high' 'high' 'high' 'high'
 'high' 'high' 'high' 'high' 'high' 'high' 'high']"
WAUC,39,within,within_fold0,2,0.5,0.2,50,inf,4,False,4.0,workload,,,0,0,0,0.0,"y should be a 1d array with more than two classes, but got 1 class from ['high' 'high' 'high' 'high' 'high' 'high' 'high' 'high' 'high' 'high'
 'high' 'high' 'high' 'high']"
WAUC,39,within,within_fold0,2,0.5,0.3,50,inf,4,False,4.0,workload,,,0,0,0,0.0,"y should be a 1d array with more than two classes, but got 1 class from ['high' 'high' 'high' 'high' 'high' 'high' 'high' 'high' 'high' 'high'
 'high' 'high' 'high' 'high' 'high' 'high' 'high' 'high' 'high' 'high'
 'high' 'high']"
WAUC,39,within,within_fold0,2,0.5,0.5,50,inf,4,False,4.0,workload,,,0,0,0,0.0,"y should be a 1d array with more than two classes, but got 1 class from ['high' 'high' 'high' 'high' 'high' 'high' 'high' 'high' 'high' 'high'
 'high' 'high' 'high' 'high' 'high' 'high' 'high' 'high' 'high' 'high'
 'high' 'high' 'high' 'high' 'high' 'high' 'high' 'high' 'high' 'high'
 'high' 'high' 'high' 'high' 'high' 'high' 'high']"
WAUC,39,within,within_fold0,3,0.5,0.2,50,inf,4,False,4.0,workload,,,0,0,0,0.0,"y should be a 1d array with more than two classes, but got 1 class from ['high' 'high' 'high' 'high' 'high' 'high' 'high' 'high' 'high' 'high'
 'high' 'high' 'high' 'high']"
WAUC,39,within,within_fold0,3,0.5,0.3,50,inf,4,False,4.0,workload,,,0,0,0,0.0,"y should be a 1d array with more than two classes, but got 1 class from ['high' 'high' 'high' 'high' 'high' 'high' 'high' 'high' 'high' 'high'
 'high' 'high' 'high' 'high' 'high' 'high' 'high' 'high' 'high' 'high'
 'high' 'high']"
WAUC,39,within,within_fold0,3,0.5,0.5,50,inf,4,False,4.0,workload,,,0,0,0,0.0,"y should be a 1d array with more than two classes, but got 1 class from ['high' 'high' 'high' 'high' 'high' 'high' 'high' 'high' 'high' 'high'
 'high' 'high' 'high' 'high' 'high' 'high' 'high' 'high' 'high' 'high'
 'high' 'high' 'high' 'high' 'high' 'high' 'high' 'high' 'high' 'high'
 'high' 'high' 'high' 'high' 'high' 'high' 'high']"
WAUC,39,within,within_fold0,42,0.5,0.2,50,inf,4,False,4.0,workload,,,0,0,0,0.0,"y should be a 1d array with more than two classes, but got 1 class from ['high' 'high' 'high' 'high' 'high' 'high' 'high' 'high' 'high' 'high'
 'high' 'high' 'high' 'high']"
WAUC,39,within,within_fold0,42,0.5,0.3,50,inf,4,False,4.0,workload,,,0,0,0,0.0,"y should be a 1d array with more than two classes, but got 1 class from ['high' 'high' 'high' 'high' 'high' 'high' 'high' 'high' 'high' 'high'
 'high' 'high' 'high' 'high' 'high' 'high' 'high' 'high' 'high' 'high'
 'high' 'high']"
WAUC,39,within,within_fold0,42,0.5,0.5,50,inf,4,False,4.0,workload,,,0,0,0,0.0,"y should be a 1d array with more than two classes, but got 1 class from ['high' 'high' 'high' 'high' 'high' 'high' 'high' 'high' 'high' 'high'
 'high' 'high' 'high' 'high' 'high' 'high' 'high' 'high' 'high' 'high'
 'high' 'high' 'high' 'high' 'high' 'high' 'high' 'high' 'high' 'high'
 'high' 'high' 'high' 'high' 'high' 'high' 'high']"
WAUC,40,within,within_fold0,0,0.5,0.2,50,inf,4,False,4.0,workload,0.0444444444444444,0.5222222222222223,180,82,574,218.0,
WAUC,40,within,within_fold0,0,0.5,0.3,50,inf,4,False,4.0,workload,0.15555555555555556,0.5777777777777777,180,98,502,197.0,
WAUC,40,within,within_fold0,0,0.5,0.5,50,inf,4,False,4.0,workload,0.15555555555555556,0.5777777777777777,180,100,359,142.0,
WAUC,40,within,within_fold0,1,0.5,0.2,50,inf,4,False,4.0,workload,0.15555555555555556,0.5777777777777777,180,100,574,215.0,
WAUC,40,within,within_fold0,1,0.5,0.3,50,inf,4,False,4.0,workload,0.0888888888888889,0.5444444444444444,180,96,502,205.0,
WAUC,40,within,within_fold0,1,0.5,0.5,50,inf,4,False,4.0,workload,0.1444444444444445,0.5722222222222222,180,98,359,155.0,
WAUC,40,within,within_fold0,2,0.5,0.2,50,inf,4,False,4.0,workload,0.28888888888888886,0.6444444444444445,180,86,574,219.0,
WAUC,40,within,within_fold0,2,0.5,0.3,50,inf,4,False,4.0,workload,0.11111111111111116,0.5555555555555556,180,96,502,201.0,
WAUC,40,within,within_fold0,2,0.5,0.5,50,inf,4,False,4.0,workload,0.19999999999999996,0.6,180,100,359,127.0,
WAUC,40,within,within_fold0,3,0.5,0.2,50,inf,4,False,4.0,workload,0.07777777777777772,0.5388888888888889,180,82,574,209.0,
WAUC,40,within,within_fold0,3,0.5,0.3,50,inf,4,False,4.0,workload,0.24444444444444446,0.6222222222222222,180,94,502,197.0,
WAUC,40,within,within_fold0,3,0.5,0.5,50,inf,4,False,4.0,workload,0.2222222222222222,0.6111111111111112,180,94,359,146.0,
WAUC,40,within,within_fold0,42,0.5,0.2,50,inf,4,False,4.0,workload,0.1777777777777778,0.5888888888888889,180,82,574,243.0,
WAUC,40,within,within_fold0,42,0.5,0.3,50,inf,4,False,4.0,workload,0.23333333333333328,0.6166666666666667,180,98,502,209.0,
WAUC,40,within,within_fold0,42,0.5,0.5,50,inf,4,False,4.0,workload,0.28888888888888886,0.6444444444444445,180,94,359,136.0,
WAUC,41,within,within_fold0,0,0.5,0.2,50,inf,4,False,4.0,workload,0.6086956521739131,0.8043478260869565,184,100,576,157.0,
WAUC,41,within,within_fold0,0,0.5,0.3,50,inf,4,False,4.0,workload,0.6086956521739131,0.8043478260869565,184,100,515,123.0,
WAUC,41,within,within_fold0,0,0.5,0.5,50,inf,4,False,4.0,workload,0.6413043478260869,0.8206521739130435,184,100,367,83.0,
WAUC,41,within,within_fold0,1,0.5,0.2,50,inf,4,False,4.0,workload,0.6956521739130435,0.8478260869565217,184,100,588,142.0,
WAUC,41,within,within_fold0,1,0.5,0.3,50,inf,4,False,4.0,workload,0.6739130434782609,0.8369565217391305,184,100,515,118.0,
WAUC,41,within,within_fold0,1,0.5,0.5,50,inf,4,False,4.0,workload,0.6630434782608696,0.8315217391304348,184,100,367,92.0,
WAUC,41,within,within_fold0,2,0.5,0.2,50,inf,4,False,4.0,workload,0.6086956521739131,0.8043478260869565,184,100,588,117.0,
WAUC,41,within,within_fold0,2,0.5,0.3,50,inf,4,False,4.0,workload,0.5217391304347826,0.7608695652173914,184,100,515,110.0,
WAUC,41,within,within_fold0,2,0.5,0.5,50,inf,4,False,4.0,workload,0.5760869565217391,0.7880434782608695,184,100,367,77.0,
WAUC,41,within,within_fold0,3,0.5,0.2,50,inf,4,False,4.0,workload,0.4130434782608695,0.7065217391304348,184,100,588,137.0,
WAUC,41,within,within_fold0,3,0.5,0.3,50,inf,4,False,4.0,workload,0.42391304347826086,0.7119565217391305,184,100,515,117.0,
WAUC,41,within,within_fold0,3,0.5,0.5,50,inf,4,False,4.0,workload,0.3695652173913043,0.6847826086956522,184,100,367,72.0,
WAUC,41,within,within_fold0,42,0.5,0.2,50,inf,4,False,4.0,workload,0.6195652173913043,0.8097826086956522,184,100,588,137.0,
WAUC,41,within,within_fold0,42,0.5,0.3,50,inf,4,False,4.0,workload,0.6413043478260869,0.8206521739130435,184,100,515,111.0,
WAUC,41,within,within_fold0,42,0.5,0.5,50,inf,4,False,4.0,workload,0.6630434782608696,0.8315217391304348,184,100,367,71.0,
WAUC,42,within,within_fold0,0,0.5,0.2,50,inf,4,False,4.0,workload,0.2881934055412603,0.644808743169399,183,100,586,185.0,
WAUC,42,within,within_fold0,0,0.5,0.3,50,inf,4,False,4.0,workload,0.4090419806243273,0.7049180327868853,183,100,490,182.0,
WAUC,42,within,within_fold0,0,0.5,0.5,50,inf,4,False,4.0,workload,0.3436939629408249,0.6721311475409836,183,98,323,119.0,
WAUC,42,within,within_fold0,1,0.5,0.2,50,inf,4,False,4.0,workload,0.2799570764278049,0.639344262295082,183,62,586,210.0,
WAUC,42,within,within_fold0,1,0.5,0.3,50,inf,4,False,4.0,workload,0.1591980428426517,0.5792349726775956,183,88,512,189.0,
WAUC,42,within,within_fold0,1,0.5,0.5,50,inf,4,False,4.0,workload,0.17016706443914076,0.5846994535519126,183,88,366,131.0,
WAUC,42,within,within_fold0,2,0.5,0.2,50,inf,4,False,4.0,workload,0.39935549322671127,0.6994535519125683,183,94,579,200.0,
WAUC,42,within,within_fold0,2,0.5,0.3,50,inf,4,False,4.0,workload,0.26804369888364876,0.6338797814207651,183,84,512,175.0,
WAUC,42,within,within_fold0,2,0.5,0.5,50,inf,4,False,4.0,workload,0.3995704826105112,0.6994535519125683,183,100,366,127.0,
WAUC,42,within,within_fold0,3,0.5,0.2,50,inf,4,False,4.0,workload,0.060305708144256065,0.5300546448087432,183,66,485,172.0,
WAUC,42,within,within_fold0,3,0.5,0.3,50,inf,4,False,4.0,workload,0.3436939629408249,0.6721311475409836,183,74,512,180.0,
WAUC,42,within,within_fold0,3,0.5,0.5,50,inf,4,False,4.0,workload,0.37736524801528093,0.6885245901639344,183,68,366,131.0,
WAUC,42,within,within_fold0,42,0.5,0.2,50,inf,4,False,4.0,workload,0.2775451609044145,0.639344262295082,183,78,586,209.0,
WAUC,42,within,within_fold0,42,0.5,0.3,50,inf,4,False,4.0,workload,0.14649605357569961,0.5737704918032787,183,96,512,177.0,
WAUC,42,within,within_fold0,42,0.5,0.5,50,inf,4,False,4.0,workload,0.31091984938138784,0.6557377049180327,183,100,366,119.0,
WAUC,43,within,within_fold0,0,0.5,0.2,50,inf,4,False,4.0,workload,0.46417687481326564,0.73224043715847,183,100,584,173.0,
WAUC,43,within,within_fold0,0,0.5,0.3,50,inf,4,False,4.0,workload,0.33231652610802076,0.6666666666666666,183,100,511,169.0,
WAUC,43,within,within_fold0,0,0.5,0.5,50,inf,4,False,4.0,workload,0.3218981592158737,0.6612021857923497,183,100,365,100.0,
WAUC,43,within,within_fold0,1,0.5,0.2,50,inf,4,False,4.0,workload,0.3459614010007148,0.6721311475409836,183,98,584,158.0,
WAUC,43,within,within_fold0,1,0.5,0.3,50,inf,4,False,4.0,workload,0.5305732864045816,0.7650273224043715,183,100,511,128.0,
WAUC,43,within,within_fold0,1,0.5,0.5,50,inf,4,False,4.0,workload,0.5519794590075835,0.7759562841530054,183,100,365,85.0,
WAUC,43,within,within_fold0,2,0.5,0.2,50,inf,4,False,4.0,workload,0.35582602470019686,0.6775956284153005,183,100,584,135.0,
WAUC,43,within,within_fold0,2,0.5,0.3,50,inf,4,False,4.0,workload,0.48635413556285456,0.7431693989071039,183,100,511,119.0,
WAUC,43,within,within_fold0,2,0.5,0.5,50,inf,4,False,4.0,workload,0.5301809063227655,0.7650273224043715,183,100,365,87.0,
WAUC,43,within,within_fold0,3,0.5,0.2,50,inf,4,False,4.0,workload,0.5736304438735886,0.7868852459016393,183,100,584,200.0,
WAUC,43,within,within_fold0,3,0.5,0.3,50,inf,4,False,4.0,workload,0.36670644391408114,0.6830601092896175,183,100,511,124.0,
WAUC,43,within,within_fold0,3,0.5,0.5,50,inf,4,False,4.0,workload,0.5845381766041342,0.7923497267759563,183,100,365,96.0,
WAUC,43,within,within_fold0,42,0.5,0.2,50,inf,4,False,4.0,workload,0.288448884369205,0.644808743169399,183,100,516,156.0,
WAUC,43,within,within_fold0,42,0.5,0.3,50,inf,4,False,4.0,workload,0.3884711779448621,0.6939890710382514,183,100,511,141.0,
WAUC,43,within,within_fold0,42,0.5,0.5,50,inf,4,False,4.0,workload,0.42071313384698084,0.7103825136612022,183,100,365,93.0,
WAUC,44,within,within_fold0,0,0.5,0.2,50,inf,4,False,4.0,workload,0.15217391304347827,0.5760869565217391,184,72,588,257.0,
WAUC,44,within,within_fold0,0,0.5,0.3,50,inf,4,False,4.0,workload,0.11956521739130432,0.5597826086956522,184,62,442,200.0,
WAUC,44,within,within_fold0,0,0.5,0.5,50,inf,4,False,4.0,workload,0.2717391304347826,0.6358695652173914,184,100,367,150.0,
WAUC,44,within,within_fold0,1,0.5,0.2,50,inf,4,False,4.0,workload,0.14130434782608692,0.5706521739130435,184,88,520,236.0,
WAUC,44,within,within_fold0,1,0.5,0.3,50,inf,4,False,4.0,workload,0.04347826086956519,0.5217391304347826,184,72,515,225.0,
WAUC,44,within,within_fold0,1,0.5,0.5,50,inf,4,False,4.0,workload,0.25,0.625,184,78,367,146.0,
WAUC,44,within,within_fold0,2,0.5,0.2,50,inf,4,False,4.0,workload,0.25,0.625,184,72,571,241.0,
WAUC,44,within,within_fold0,2,0.5,0.3,50,inf,4,False,4.0,workload,0.17391304347826086,0.5869565217391305,184,76,515,224.0,
WAUC,44,within,within_fold0,2,0.5,0.5,50,inf,4,False,4.0,workload,0.021739130434782594,0.5108695652173914,184,72,367,144.0,
WAUC,44,within,within_fold0,3,0.5,0.2,50,inf,4,False,4.0,workload,0.09782608695652173,0.5489130434782609,184,68,588,244.0,
WAUC,44,within,within_fold0,3,0.5,0.3,50,inf,4,False,4.0,workload,0.2717391304347826,0.6358695652173914,184,58,515,208.0,
WAUC,44,within,within_fold0,3,0.5,0.5,50,inf,4,False,4.0,workload,0.32608695652173914,0.6630434782608695,184,82,367,137.0,
WAUC,44,within,within_fold0,42,0.5,0.2,50,inf,4,False,4.0,workload,0.09782608695652173,0.5489130434782609,184,92,564,214.0,
WAUC,44,within,within_fold0,42,0.5,0.3,50,inf,4,False,4.0,workload,0.18478260869565222,0.592391304347826,184,94,443,184.0,
WAUC,44,within,within_fold0,42,0.5,0.5,50,inf,4,False,4.0,workload,0.11956521739130432,0.5597826086956522,184,94,367,136.0,
WAUC,45,within,within_fold0,0,0.5,0.2,50,inf,4,False,4.0,workload,0.33687943262411346,0.6684491978609626,187,100,597,207.0,
WAUC,45,within,within_fold0,0,0.5,0.3,50,inf,4,False,4.0,workload,0.20853351635781292,0.6042780748663101,187,100,524,165.0,
WAUC,45,within,within_fold0,0,0.5,0.5,50,inf,4,False,4.0,workload,0.3049122205066621,0.6524064171122995,187,100,374,126.0,
WAUC,45,within,within_fold0,1,0.5,0.2,50,inf,4,False,4.0,workload,0.4331712896768659,0.7165775401069518,187,80,598,195.0,
WAUC,45,within,within_fold0,1,0.5,0.3,50,inf,4,False,4.0,workload,0.38001600548759573,0.6898395721925134,187,100,524,141.0,
WAUC,45,within,within_fold0,1,0.5,0.5,50,inf,4,False,4.0,workload,0.37994511776812256,0.6898395721925134,187,100,374,117.0,
WAUC,45,within,within_fold0,2,0.5,0.2,50,inf,4,False,4.0,workload,0.4654699291104505,0.732620320855615,187,96,598,212.0,
WAUC,45,within,within_fold0,2,0.5,0.3,50,inf,4,False,4.0,workload,0.4338835894213743,0.7165775401069518,187,100,524,166.0,
WAUC,45,within,within_fold0,2,0.5,0.5,50,inf,4,False,4.0,workload,0.3154884465797301,0.6577540106951871,187,100,374,120.0,
WAUC,45,within,within_fold0,3,0.5,0.2,50,inf,4,False,4.0,workload,0.21882689556509305,0.6096256684491979,187,86,598,207.0,
WAUC,45,within,within_fold0,3,0.5,0.3,50,inf,4,False,4.0,workload,0.3256825596703108,0.6631016042780749,187,94,524,167.0,
WAUC,45,within,within_fold0,3,0.5,0.5,50,inf,4,False,4.0,workload,0.46510297482837526,0.732620320855615,187,100,374,114.0,
WAUC,45,within,within_fold0,42,0.5,0.2,50,inf,4,False,4.0,workload,0.28401622949882854,0.6417112299465241,187,98,598,191.0,
WAUC,45,within,within_fold0,42,0.5,0.3,50,inf,4,False,4.0,workload,0.3367276887871853,0.6684491978609626,187,100,524,187.0,
WAUC,45,within,within_fold0,42,0.5,0.5,50,inf,4,False,4.0,workload,0.252,0.6256684491978609,187,100,374,113.0,
WAUC,46,within,within_fold0,0,0.5,0.2,50,inf,4,False,4.0,workload,0.34777898158179854,0.6744186046511628,172,98,530,177.0,
WAUC,46,within,within_fold0,0,0.5,0.3,50,inf,4,False,4.0,workload,0.19440673364105343,0.5988372093023255,172,96,480,156.0,
WAUC,46,within,within_fold0,0,0.5,0.5,50,inf,4,False,4.0,workload,0.4071370640713706,0.7034883720930233,172,100,343,108.0,
WAUC,46,within,within_fold0,1,0.5,0.2,50,inf,4,False,4.0,workload,0.24398160670814173,0.622093023255814,172,86,549,188.0,
WAUC,46,within,within_fold0,1,0.5,0.3,50,inf,4,False,4.0,workload,0.3741239892183288,0.686046511627907,172,100,465,133.0,
WAUC,46,within,within_fold0,1,0.5,0.5,50,inf,4,False,4.0,workload,0.41891891891891897,0.7093023255813954,172,100,343,97.0,
WAUC,46,within,within_fold0,2,0.5,0.2,50,inf,4,False,4.0,workload,0.33738848337388483,0.6686046511627907,172,92,489,132.0,
WAUC,46,within,within_fold0,2,0.5,0.3,50,inf,4,False,4.0,workload,0.4542263029975695,0.7267441860465116,172,100,439,127.0,
WAUC,46,within,within_fold0,2,0.5,0.5,50,inf,4,False,4.0,workload,0.44276457883369325,0.7209302325581395,172,100,343,110.0,
WAUC,46,within,within_fold0,3,0.5,0.2,50,inf,4,False,4.0,workload,0.3976293103448275,0.6976744186046512,172,100,442,138.0,
WAUC,46,within,within_fold0,3,0.5,0.3,50,inf,4,False,4.0,workload,0.2097297297297298,0.6046511627906976,172,100,480,144.0,
WAUC,46,within,within_fold0,3,0.5,0.5,50,inf,4,False,4.0,workload,0.4430652995143012,0.7209302325581395,172,100,343,106.0,
WAUC,46,within,within_fold0,42,0.5,0.2,50,inf,4,False,4.0,workload,0.5017515494475883,0.75,172,82,549,167.0,
WAUC,46,within,within_fold0,42,0.5,0.3,50,inf,4,False,4.0,workload,0.42946114270241,0.7151162790697675,172,70,480,142.0,
WAUC,46,within,within_fold0,42,0.5,0.5,50,inf,4,False,4.0,workload,0.41923284710967035,0.7093023255813954,172,98,343,103.0,
WAUC,47,within,within_fold0,0,0.5,0.2,50,inf,4,False,4.0,workload,1.0,1.0,62,100,195,12.0,
WAUC,47,within,within_fold0,0,0.5,0.3,50,inf,4,False,4.0,workload,0.9032258064516129,0.9516129032258065,62,100,171,6.0,
WAUC,47,within,within_fold0,0,0.5,0.5,50,inf,4,False,4.0,workload,0.935483870967742,0.967741935483871,62,100,122,2.0,
WAUC,47,within,within_fold0,1,0.5,0.2,50,inf,4,False,4.0,workload,0.935483870967742,0.967741935483871,62,100,187,9.0,
WAUC,47,within,within_fold0,1,0.5,0.3,50,inf,4,False,4.0,workload,0.967741935483871,0.9838709677419355,62,100,171,4.0,
WAUC,47,within,within_fold0,1,0.5,0.5,50,inf,4,False,4.0,workload,0.8387096774193549,0.9193548387096774,62,100,122,1.0,
WAUC,47,within,within_fold0,2,0.5,0.2,50,inf,4,False,4.0,workload,0.935483870967742,0.967741935483871,62,100,195,8.0,
WAUC,47,within,within_fold0,2,0.5,0.3,50,inf,4,False,4.0,workload,0.935483870967742,0.967741935483871,62,100,171,4.0,
WAUC,47,within,within_fold0,2,0.5,0.5,50,inf,4,False,4.0,workload,0.967741935483871,0.9838709677419355,62,100,122,5.0,
WAUC,47,within,within_fold0,3,0.5,0.2,50,inf,4,False,4.0,workload,0.9032258064516129,0.9516129032258065,62,100,187,10.0,
WAUC,47,within,within_fold0,3,0.5,0.3,50,inf,4,False,4.0,workload,0.9032258064516129,0.9516129032258065,62,100,171,5.0,
WAUC,47,within,within_fold0,3,0.5,0.5,50,inf,4,False,4.0,workload,1.0,1.0,62,100,122,2.0,
WAUC,47,within,within_fold0,42,0.5,0.2,50,inf,4,False,4.0,workload,0.967741935483871,0.9838709677419355,62,100,195,9.0,
WAUC,47,within,within_fold0,42,0.5,0.3,50,inf,4,False,4.0,workload,0.967741935483871,0.9838709677419355,62,100,164,2.0,
WAUC,47,within,within_fold0,42,0.5,0.5,50,inf,4,False,4.0,workload,0.935483870967742,0.967741935483871,62,100,122,5.0,
WAUC,48,within,within_fold0,0,0.5,0.2,50,inf,4,False,4.0,workload,,,0,0,0,0.0,"y should be a 1d array with more than two classes, but got 1 class from ['low' 'low' 'low' 'low' 'low' 'low' 'low' 'low' 'low' 'low' 'low' 'low'
 'low' 'low' 'low' 'low' 'low' 'low' 'low' 'low' 'low' 'low' 'low' 'low'
 'low' 'low' 'low' 'low' 'low']"
WAUC,48,within,within_fold0,0,0.5,0.3,50,inf,4,False,4.0,workload,,,0,0,0,0.0,"y should be a 1d array with more than two classes, but got 1 class from ['low' 'low' 'low' 'low' 'low' 'low' 'low' 'low' 'low' 'low' 'low' 'low'
 'low' 'low' 'low' 'low' 'low' 'low' 'low' 'low' 'low' 'low' 'low' 'low'
 'low' 'low' 'low' 'low' 'low' 'low' 'low' 'low' 'low' 'low' 'low' 'low'
 'low' 'low' 'low' 'low' 'low' 'low' 'low' 'low']"
WAUC,48,within,within_fold0,0,0.5,0.5,50,inf,4,False,4.0,workload,,,0,0,0,0.0,"y should be a 1d array with more than two classes, but got 1 class from ['low' 'low' 'low' 'low' 'low' 'low' 'low' 'low' 'low' 'low' 'low' 'low'
 'low' 'low' 'low' 'low' 'low' 'low' 'low' 'low' 'low' 'low' 'low' 'low'
 'low' 'low' 'low' 'low' 'low' 'low' 'low' 'low' 'low' 'low' 'low' 'low'
 'low' 'low' 'low' 'low' 'low' 'low' 'low' 'low' 'low' 'low' 'low' 'low'
 'low' 'low' 'low' 'low' 'low' 'low' 'low' 'low' 'low' 'low' 'low' 'low'
 'low' 'low' 'low' 'low' 'low' 'low' 'low' 'low' 'low' 'low' 'low' 'low'
 'low']"
WAUC,48,within,within_fold0,1,0.5,0.2,50,inf,4,False,4.0,workload,,,0,0,0,0.0,"y should be a 1d array with more than two classes, but got 1 class from ['low' 'low' 'low' 'low' 'low' 'low' 'low' 'low' 'low' 'low' 'low' 'low'
 'low' 'low' 'low' 'low' 'low' 'low' 'low' 'low' 'low' 'low' 'low' 'low'
 'low' 'low' 'low' 'low' 'low']"
WAUC,48,within,within_fold0,1,0.5,0.3,50,inf,4,False,4.0,workload,,,0,0,0,0.0,"y should be a 1d array with more than two classes, but got 1 class from ['low' 'low' 'low' 'low' 'low' 'low' 'low' 'low' 'low' 'low' 'low' 'low'
 'low' 'low' 'low' 'low' 'low' 'low' 'low' 'low' 'low' 'low' 'low' 'low'
 'low' 'low' 'low' 'low' 'low' 'low' 'low' 'low' 'low' 'low' 'low' 'low'
 'low' 'low' 'low' 'low' 'low' 'low' 'low' 'low']"
WAUC,48,within,within_fold0,1,0.5,0.5,50,inf,4,False,4.0,workload,,,0,0,0,0.0,"y should be a 1d array with more than two classes, but got 1 class from ['low' 'low' 'low' 'low' 'low' 'low' 'low' 'low' 'low' 'low' 'low' 'low'
 'low' 'low' 'low' 'low' 'low' 'low' 'low' 'low' 'low' 'low' 'low' 'low'
 'low' 'low' 'low' 'low' 'low' 'low' 'low' 'low' 'low' 'low' 'low' 'low'
 'low' 'low' 'low' 'low' 'low' 'low' 'low' 'low' 'low' 'low' 'low' 'low'
 'low' 'low' 'low' 'low' 'low' 'low' 'low' 'low' 'low' 'low' 'low' 'low'
 'low' 'low' 'low' 'low' 'low' 'low' 'low' 'low' 'low' 'low' 'low' 'low'
 'low']"
WAUC,48,within,within_fold0,2,0.5,0.2,50,inf,4,False,4.0,workload,,,0,0,0,0.0,"y should be a 1d array with more than two classes, but got 1 class from ['low' 'low' 'low' 'low' 'low' 'low' 'low' 'low' 'low' 'low' 'low' 'low'
 'low' 'low' 'low' 'low' 'low' 'low' 'low' 'low' 'low' 'low' 'low' 'low'
 'low' 'low' 'low' 'low' 'low']"
WAUC,48,within,within_fold0,2,0.5,0.3,50,inf,4,False,4.0,workload,,,0,0,0,0.0,"y should be a 1d array with more than two classes, but got 1 class from ['low' 'low' 'low' 'low' 'low' 'low' 'low' 'low' 'low' 'low' 'low' 'low'
 'low' 'low' 'low' 'low' 'low' 'low' 'low' 'low' 'low' 'low' 'low' 'low'
 'low' 'low' 'low' 'low' 'low' 'low' 'low' 'low' 'low' 'low' 'low' 'low'
 'low' 'low' 'low' 'low' 'low' 'low' 'low' 'low']"
WAUC,48,within,within_fold0,2,0.5,0.5,50,inf,4,False,4.0,workload,,,0,0,0,0.0,"y should be a 1d array with more than two classes, but got 1 class from ['low' 'low' 'low' 'low' 'low' 'low' 'low' 'low' 'low' 'low' 'low' 'low'
 'low' 'low' 'low' 'low' 'low' 'low' 'low' 'low' 'low' 'low' 'low' 'low'
 'low' 'low' 'low' 'low' 'low' 'low' 'low' 'low' 'low' 'low' 'low' 'low'
 'low' 'low' 'low' 'low' 'low' 'low' 'low' 'low' 'low' 'low' 'low' 'low'
 'low' 'low' 'low' 'low' 'low' 'low' 'low' 'low' 'low' 'low' 'low' 'low'
 'low' 'low' 'low' 'low' 'low' 'low' 'low' 'low' 'low' 'low' 'low' 'low'
 'low']"
WAUC,48,within,within_fold0,3,0.5,0.2,50,inf,4,False,4.0,workload,,,0,0,0,0.0,"y should be a 1d array with more than two classes, but got 1 class from ['low' 'low' 'low' 'low' 'low' 'low' 'low' 'low' 'low' 'low' 'low' 'low'
 'low' 'low' 'low' 'low' 'low' 'low' 'low' 'low' 'low' 'low' 'low' 'low'
 'low' 'low' 'low' 'low' 'low']"
WAUC,48,within,within_fold0,3,0.5,0.3,50,inf,4,False,4.0,workload,,,0,0,0,0.0,"y should be a 1d array with more than two classes, but got 1 class from ['low' 'low' 'low' 'low' 'low' 'low' 'low' 'low' 'low' 'low' 'low' 'low'
 'low' 'low' 'low' 'low' 'low' 'low' 'low' 'low' 'low' 'low' 'low' 'low'
 'low' 'low' 'low' 'low' 'low' 'low' 'low' 'low' 'low' 'low' 'low' 'low'
 'low' 'low' 'low' 'low' 'low' 'low' 'low' 'low']"
WAUC,48,within,within_fold0,3,0.5,0.5,50,inf,4,False,4.0,workload,,,0,0,0,0.0,"y should be a 1d array with more than two classes, but got 1 class from ['low' 'low' 'low' 'low' 'low' 'low' 'low' 'low' 'low' 'low' 'low' 'low'
 'low' 'low' 'low' 'low' 'low' 'low' 'low' 'low' 'low' 'low' 'low' 'low'
 'low' 'low' 'low' 'low' 'low' 'low' 'low' 'low' 'low' 'low' 'low' 'low'
 'low' 'low' 'low' 'low' 'low' 'low' 'low' 'low' 'low' 'low' 'low' 'low'
 'low' 'low' 'low' 'low' 'low' 'low' 'low' 'low' 'low' 'low' 'low' 'low'
 'low' 'low' 'low' 'low' 'low' 'low' 'low' 'low' 'low' 'low' 'low' 'low'
 'low']"
WAUC,48,within,within_fold0,42,0.5,0.2,50,inf,4,False,4.0,workload,,,0,0,0,0.0,"y should be a 1d array with more than two classes, but got 1 class from ['low' 'low' 'low' 'low' 'low' 'low' 'low' 'low' 'low' 'low' 'low' 'low'
 'low' 'low' 'low' 'low' 'low' 'low' 'low' 'low' 'low' 'low' 'low' 'low'
 'low' 'low' 'low' 'low' 'low']"
WAUC,48,within,within_fold0,42,0.5,0.3,50,inf,4,False,4.0,workload,,,0,0,0,0.0,"y should be a 1d array with more than two classes, but got 1 class from ['low' 'low' 'low' 'low' 'low' 'low' 'low' 'low' 'low' 'low' 'low' 'low'
 'low' 'low' 'low' 'low' 'low' 'low' 'low' 'low' 'low' 'low' 'low' 'low'
 'low' 'low' 'low' 'low' 'low' 'low' 'low' 'low' 'low' 'low' 'low' 'low'
 'low' 'low' 'low' 'low' 'low' 'low' 'low' 'low']"
WAUC,48,within,within_fold0,42,0.5,0.5,50,inf,4,False,4.0,workload,,,0,0,0,0.0,"y should be a 1d array with more than two classes, but got 1 class from ['low' 'low' 'low' 'low' 'low' 'low' 'low' 'low' 'low' 'low' 'low' 'low'
 'low' 'low' 'low' 'low' 'low' 'low' 'low' 'low' 'low' 'low' 'low' 'low'
 'low' 'low' 'low' 'low' 'low' 'low' 'low' 'low' 'low' 'low' 'low' 'low'
 'low' 'low' 'low' 'low' 'low' 'low' 'low' 'low' 'low' 'low' 'low' 'low'
 'low' 'low' 'low' 'low' 'low' 'low' 'low' 'low' 'low' 'low' 'low' 'low'
 'low' 'low' 'low' 'low' 'low' 'low' 'low' 'low' 'low' 'low' 'low' 'low'
 'low']"
