dataset,subject,protocol,fold_name,seed,alpha,calibration_frac,window_size,include_riemann_arms,kappa,accuracy,n_test,n_arms_surviving,stream_rounds_run,final_regret
BCI-IV-2a,1,within,within_fold0,0,0.5,0.3,50,False,-0.034482758620689724,0.4827586206896552,58,46,88,52.0
BCI-IV-2a,1,within,within_fold0,1,0.5,0.3,50,False,0.2068965517241379,0.603448275862069,58,76,97,43.0
BCI-IV-2a,1,within,within_fold0,2,0.5,0.3,50,False,0.0,0.5,58,54,115,50.0
BCI-IV-2a,1,within,within_fold0,3,0.5,0.3,50,False,0.1724137931034483,0.5862068965517241,58,60,161,60.0
BCI-IV-2a,1,within,within_fold0,42,0.5,0.3,50,False,0.24137931034482762,0.6206896551724138,58,74,124,61.0
BCI-IV-2a,1,official,official_fold0,0,0.5,0.3,50,False,0.36111111111111116,0.6805555555555556,144,76,101,45.0
BCI-IV-2a,1,official,official_fold0,1,0.5,0.3,50,False,0.02777777777777779,0.5138888888888888,144,32,92,41.0
BCI-IV-2a,1,official,official_fold0,2,0.5,0.3,50,False,0.06944444444444442,0.5347222222222222,144,60,101,38.0
BCI-IV-2a,1,official,official_fold0,3,0.5,0.3,50,False,-0.08333333333333326,0.4583333333333333,144,44,101,48.0
BCI-IV-2a,1,official,official_fold0,42,0.5,0.3,50,False,-0.09722222222222232,0.4513888888888889,144,54,101,59.0
BCI-IV-2a,2,within,within_fold0,0,0.5,0.3,50,False,0.0,0.5,58,22,161,71.0
BCI-IV-2a,2,within,within_fold0,1,0.5,0.3,50,False,0.13793103448275867,0.5689655172413793,58,48,70,39.0
BCI-IV-2a,2,within,within_fold0,2,0.5,0.3,50,False,-0.13793103448275867,0.43103448275862066,58,52,133,71.0
BCI-IV-2a,2,within,within_fold0,3,0.5,0.3,50,False,0.06896551724137934,0.5344827586206896,58,32,161,73.0
BCI-IV-2a,2,within,within_fold0,42,0.5,0.3,50,False,0.03448275862068961,0.5172413793103449,58,46,161,76.0
BCI-IV-2a,2,official,official_fold0,0,0.5,0.3,50,False,-0.08333333333333326,0.4583333333333333,144,26,101,55.0
BCI-IV-2a,2,official,official_fold0,1,0.5,0.3,50,False,0.04166666666666663,0.5208333333333334,144,42,101,50.0
BCI-IV-2a,2,official,official_fold0,2,0.5,0.3,50,False,0.08333333333333337,0.5416666666666666,144,50,87,38.0
BCI-IV-2a,2,official,official_fold0,3,0.5,0.3,50,False,0.01388888888888884,0.5069444444444444,144,54,101,45.0
BCI-IV-2a,2,official,official_fold0,42,0.5,0.3,50,False,0.09722222222222221,0.5486111111111112,144,40,101,49.0
BCI-IV-2a,3,within,within_fold0,0,0.5,0.3,50,False,0.24137931034482762,0.6206896551724138,58,62,106,32.0
BCI-IV-2a,3,within,within_fold0,1,0.5,0.3,50,False,0.3448275862068966,0.6724137931034483,58,54,161,43.0
BCI-IV-2a,3,within,within_fold0,2,0.5,0.3,50,False,0.6206896551724138,0.8103448275862069,58,60,161,60.0
BCI-IV-2a,3,within,within_fold0,3,0.5,0.3,50,False,0.6206896551724138,0.8103448275862069,58,58,93,36.0
BCI-IV-2a,3,within,within_fold0,42,0.5,0.3,50,False,0.6206896551724138,0.8103448275862069,58,76,161,49.0
BCI-IV-2a,3,official,official_fold0,0,0.5,0.3,50,False,0.45833333333333337,0.7291666666666666,144,52,101,30.0
BCI-IV-2a,3,official,official_fold0,1,0.5,0.3,50,False,0.4305555555555556,0.7152777777777778,144,76,47,10.0
BCI-IV-2a,3,official,official_fold0,2,0.5,0.3,50,False,0.2777777777777778,0.6388888888888888,144,56,101,40.0
BCI-IV-2a,3,official,official_fold0,3,0.5,0.3,50,False,0.38888888888888884,0.6944444444444444,144,46,101,34.0
BCI-IV-2a,3,official,official_fold0,42,0.5,0.3,50,False,0.06944444444444442,0.5347222222222222,144,76,101,37.0
BCI-IV-2a,4,within,within_fold0,0,0.5,0.3,50,False,0.03448275862068961,0.5172413793103449,58,46,79,31.0
BCI-IV-2a,4,within,within_fold0,1,0.5,0.3,50,False,0.2068965517241379,0.603448275862069,58,52,52,25.0
BCI-IV-2a,4,within,within_fold0,2,0.5,0.3,50,False,0.06896551724137934,0.5344827586206896,58,62,93,40.0
BCI-IV-2a,4,within,within_fold0,3,0.5,0.3,50,False,0.0,0.5,58,36,161,74.0
BCI-IV-2a,4,within,within_fold0,42,0.5,0.3,50,False,0.10344827586206895,0.5517241379310345,58,52,161,77.0
BCI-IV-2a,4,official,official_fold0,0,0.5,0.3,50,False,0.16666666666666663,0.5833333333333334,144,34,78,35.0
BCI-IV-2a,4,official,official_fold0,1,0.5,0.3,50,False,0.11111111111111116,0.5555555555555556,144,52,101,51.0
BCI-IV-2a,4,official,official_fold0,2,0.5,0.3,50,False,-0.01388888888888884,0.4930555555555556,144,40,101,54.0
BCI-IV-2a,4,official,official_fold0,3,0.5,0.3,50,False,-0.09722222222222232,0.4513888888888889,144,52,101,46.0
BCI-IV-2a,4,official,official_fold0,42,0.5,0.3,50,False,0.02777777777777779,0.5138888888888888,144,54,56,25.0
BCI-IV-2a,5,within,within_fold0,0,0.5,0.3,50,False,0.5172413793103448,0.7586206896551724,58,48,160,65.0
BCI-IV-2a,5,within,within_fold0,1,0.5,0.3,50,False,0.03448275862068961,0.5172413793103449,58,62,147,55.0
BCI-IV-2a,5,within,within_fold0,2,0.5,0.3,50,False,0.06896551724137934,0.5344827586206896,58,48,84,44.0
BCI-IV-2a,5,within,within_fold0,3,0.5,0.3,50,False,0.13793103448275867,0.5689655172413793,58,48,102,46.0
BCI-IV-2a,5,within,within_fold0,42,0.5,0.3,50,False,0.4137931034482759,0.7068965517241379,58,52,161,64.0
BCI-IV-2a,5,official,official_fold0,0,0.5,0.3,50,False,-0.01388888888888884,0.4930555555555556,144,46,101,39.0
BCI-IV-2a,5,official,official_fold0,1,0.5,0.3,50,False,-0.13888888888888884,0.4305555555555556,144,68,101,47.0
BCI-IV-2a,5,official,official_fold0,2,0.5,0.3,50,False,0.20833333333333337,0.6041666666666666,144,62,101,41.0
BCI-IV-2a,5,official,official_fold0,3,0.5,0.3,50,False,0.45833333333333337,0.7291666666666666,144,54,101,28.0
BCI-IV-2a,5,official,official_fold0,42,0.5,0.3,50,False,0.01388888888888884,0.5069444444444444,144,42,83,39.0
BCI-IV-2a,6,within,within_fold0,0,0.5,0.3,50,False,0.10344827586206895,0.5517241379310345,58,42,161,85.0
BCI-IV-2a,6,within,within_fold0,1,0.5,0.3,50,False,0.27586206896551724,0.6379310344827587,58,50,57,27.0
BCI-IV-2a,6,within,within_fold0,2,0.5,0.3,50,False,0.0,0.5,58,52,161,76.0
BCI-IV-2a,6,within,within_fold0,3,0.5,0.3,50,False,0.06896551724137934,0.5344827586206896,58,42,120,53.0
BCI-IV-2a,6,within,within_fold0,42,0.5,0.3,50,False,-0.2068965517241379,0.39655172413793105,58,50,61,33.0
BCI-IV-2a,6,official,official_fold0,0,0.5,0.3,50,False,0.06944444444444442,0.5347222222222222,144,46,101,51.0
BCI-IV-2a,6,official,official_fold0,1,0.5,0.3,50,False,0.08333333333333337,0.5416666666666666,144,54,101,53.0
BCI-IV-2a,6,official,official_fold0,2,0.5,0.3,50,False,0.09722222222222221,0.5486111111111112,144,52,101,52.0
BCI-IV-2a,6,official,official_fold0,3,0.5,0.3,50,False,0.125,0.5625,144,70,101,50.0
BCI-IV-2a,6,official,official_fold0,42,0.5,0.3,50,False,0.1527777777777778,0.5763888888888888,144,52,92,51.0
BCI-IV-2a,7,within,within_fold0,0,0.5,0.3,50,False,0.06896551724137934,0.5344827586206896,58,46,161,66.0
BCI-IV-2a,7,within,within_fold0,1,0.5,0.3,50,False,0.13793103448275867,0.5689655172413793,58,48,111,53.0
BCI-IV-2a,7,within,within_fold0,2,0.5,0.3,50,False,0.6206896551724138,0.8103448275862069,58,64,66,27.0
BCI-IV-2a,7,within,within_fold0,3,0.5,0.3,50,False,0.2068965517241379,0.603448275862069,58,41,161,59.0
BCI-IV-2a,7,within,within_fold0,42,0.5,0.3,50,False,0.5862068965517242,0.7931034482758621,58,48,133,38.0
BCI-IV-2a,7,official,official_fold0,0,0.5,0.3,50,False,0.02777777777777779,0.5138888888888888,144,48,101,54.0
BCI-IV-2a,7,official,official_fold0,1,0.5,0.3,50,False,0.2222222222222222,0.6111111111111112,144,58,101,39.0
BCI-IV-2a,7,official,official_fold0,2,0.5,0.3,50,False,0.33333333333333337,0.6666666666666666,144,52,101,36.0
BCI-IV-2a,7,official,official_fold0,3,0.5,0.3,50,False,-0.05555555555555558,0.4722222222222222,144,38,74,23.0
BCI-IV-2a,7,official,official_fold0,42,0.5,0.3,50,False,0.05555555555555558,0.5277777777777778,144,56,101,49.0
BCI-IV-2a,8,within,within_fold0,0,0.5,0.3,50,False,0.7241379310344828,0.8620689655172413,58,60,84,20.0
BCI-IV-2a,8,within,within_fold0,1,0.5,0.3,50,False,0.896551724137931,0.9482758620689655,58,58,93,16.0
BCI-IV-2a,8,within,within_fold0,2,0.5,0.3,50,False,0.6551724137931034,0.8275862068965517,58,76,115,25.0
BCI-IV-2a,8,within,within_fold0,3,0.5,0.3,50,False,0.7931034482758621,0.896551724137931,58,62,88,19.0
BCI-IV-2a,8,within,within_fold0,42,0.5,0.3,50,False,0.9310344827586207,0.9655172413793104,58,64,79,20.0
BCI-IV-2a,8,official,official_fold0,0,0.5,0.3,50,False,0.5694444444444444,0.7847222222222222,144,64,101,24.0
BCI-IV-2a,8,official,official_fold0,1,0.5,0.3,50,False,0.4444444444444444,0.7222222222222222,144,58,101,23.0
BCI-IV-2a,8,official,official_fold0,2,0.5,0.3,50,False,0.6944444444444444,0.8472222222222222,144,66,101,36.0
BCI-IV-2a,8,official,official_fold0,3,0.5,0.3,50,False,0.41666666666666663,0.7083333333333334,144,60,101,24.0
BCI-IV-2a,8,official,official_fold0,42,0.5,0.3,50,False,0.4722222222222222,0.7361111111111112,144,54,78,24.0
BCI-IV-2a,9,within,within_fold0,0,0.5,0.3,50,False,0.7241379310344828,0.8620689655172413,58,90,70,13.0
BCI-IV-2a,9,within,within_fold0,1,0.5,0.3,50,False,0.48275862068965514,0.7413793103448276,58,100,161,32.0
BCI-IV-2a,9,within,within_fold0,2,0.5,0.3,50,False,0.896551724137931,0.9482758620689655,58,94,88,14.0
BCI-IV-2a,9,within,within_fold0,3,0.5,0.3,50,False,0.7241379310344828,0.8620689655172413,58,98,115,16.0
BCI-IV-2a,9,within,within_fold0,42,0.5,0.3,50,False,0.8620689655172413,0.9310344827586207,58,92,111,17.0
BCI-IV-2a,9,official,official_fold0,0,0.5,0.3,50,False,0.5694444444444444,0.7847222222222222,144,82,101,26.0
BCI-IV-2a,9,official,official_fold0,1,0.5,0.3,50,False,0.6805555555555556,0.8402777777777778,144,66,101,20.0
BCI-IV-2a,9,official,official_fold0,2,0.5,0.3,50,False,0.6666666666666667,0.8333333333333334,144,82,101,19.0
BCI-IV-2a,9,official,official_fold0,3,0.5,0.3,50,False,0.5833333333333333,0.7916666666666666,144,40,101,24.0
BCI-IV-2a,9,official,official_fold0,42,0.5,0.3,50,False,0.6666666666666667,0.8333333333333334,144,58,101,26.0
