dataset,subject,protocol,fold_name,seed,alpha,calibration_frac,window_size,per_round_cap,n_components,include_riemann_arms,epoch_seconds,context,kappa,accuracy,n_test,n_arms_surviving,stream_rounds_run,final_regret
STEW,1,within,within_fold0,0,0.1,0.3,50,inf,4,False,4.0,workload,1.0,1.0,15,100,41,0.0
STEW,1,within,within_fold0,0,0.5,0.3,50,inf,4,False,4.0,workload,1.0,1.0,15,100,28,0.0
STEW,1,within,within_fold0,0,1.0,0.3,50,inf,4,False,4.0,workload,1.0,1.0,15,100,28,0.0
STEW,1,within,within_fold0,0,2.0,0.3,50,inf,4,False,4.0,workload,1.0,1.0,15,100,26,0.0
STEW,1,within,within_fold0,1,0.1,0.3,50,inf,4,False,4.0,workload,1.0,1.0,15,100,41,0.0
STEW,1,within,within_fold0,1,0.5,0.3,50,inf,4,False,4.0,workload,0.8648648648648649,0.9333333333333333,15,100,41,0.0
STEW,1,within,within_fold0,1,1.0,0.3,50,inf,4,False,4.0,workload,0.8648648648648649,0.9333333333333333,15,100,41,0.0
STEW,1,within,within_fold0,1,2.0,0.3,50,inf,4,False,4.0,workload,0.8648648648648649,0.9333333333333333,15,100,41,0.0
STEW,1,within,within_fold0,2,0.1,0.3,50,inf,4,False,4.0,workload,1.0,1.0,15,100,41,0.0
STEW,1,within,within_fold0,2,0.5,0.3,50,inf,4,False,4.0,workload,1.0,1.0,15,100,41,0.0
STEW,1,within,within_fold0,2,1.0,0.3,50,inf,4,False,4.0,workload,1.0,1.0,15,100,41,0.0
STEW,1,within,within_fold0,2,2.0,0.3,50,inf,4,False,4.0,workload,1.0,1.0,15,100,41,0.0
STEW,1,within,within_fold0,3,0.1,0.3,50,inf,4,False,4.0,workload,1.0,1.0,15,100,41,0.0
STEW,1,within,within_fold0,3,0.5,0.3,50,inf,4,False,4.0,workload,0.4444444444444444,0.7333333333333333,15,100,41,0.0
STEW,1,within,within_fold0,3,1.0,0.3,50,inf,4,False,4.0,workload,0.8648648648648649,0.9333333333333333,15,100,41,0.0
STEW,1,within,within_fold0,3,2.0,0.3,50,inf,4,False,4.0,workload,1.0,1.0,15,100,41,0.0
STEW,1,within,within_fold0,42,0.1,0.3,50,inf,4,False,4.0,workload,1.0,1.0,15,100,41,0.0
STEW,1,within,within_fold0,42,0.5,0.3,50,inf,4,False,4.0,workload,1.0,1.0,15,100,28,0.0
STEW,1,within,within_fold0,42,1.0,0.3,50,inf,4,False,4.0,workload,1.0,1.0,15,100,28,0.0
STEW,1,within,within_fold0,42,2.0,0.3,50,inf,4,False,4.0,workload,1.0,1.0,15,100,26,0.0
STEW,2,within,within_fold0,0,0.1,0.3,50,inf,4,False,4.0,workload,1.0,1.0,15,100,41,0.0
STEW,2,within,within_fold0,0,0.5,0.3,50,inf,4,False,4.0,workload,0.8672566371681416,0.9333333333333333,15,100,41,1.0
STEW,2,within,within_fold0,0,1.0,0.3,50,inf,4,False,4.0,workload,0.8672566371681416,0.9333333333333333,15,100,41,1.0
STEW,2,within,within_fold0,0,2.0,0.3,50,inf,4,False,4.0,workload,0.8672566371681416,0.9333333333333333,15,100,41,1.0
STEW,2,within,within_fold0,1,0.1,0.3,50,inf,4,False,4.0,workload,1.0,1.0,15,100,41,1.0
STEW,2,within,within_fold0,1,0.5,0.3,50,inf,4,False,4.0,workload,0.8648648648648649,0.9333333333333333,15,100,41,2.0
STEW,2,within,within_fold0,1,1.0,0.3,50,inf,4,False,4.0,workload,0.7272727272727273,0.8666666666666667,15,100,41,3.0
STEW,2,within,within_fold0,1,2.0,0.3,50,inf,4,False,4.0,workload,1.0,1.0,15,100,41,4.0
STEW,2,within,within_fold0,2,0.1,0.3,50,inf,4,False,4.0,workload,0.8672566371681416,0.9333333333333333,15,100,41,4.0
STEW,2,within,within_fold0,2,0.5,0.3,50,inf,4,False,4.0,workload,0.8672566371681416,0.9333333333333333,15,100,36,2.0
STEW,2,within,within_fold0,2,1.0,0.3,50,inf,4,False,4.0,workload,0.8672566371681416,0.9333333333333333,15,100,31,3.0
STEW,2,within,within_fold0,2,2.0,0.3,50,inf,4,False,4.0,workload,0.8672566371681416,0.9333333333333333,15,100,36,2.0
STEW,2,within,within_fold0,3,0.1,0.3,50,inf,4,False,4.0,workload,1.0,1.0,15,100,41,0.0
STEW,2,within,within_fold0,3,0.5,0.3,50,inf,4,False,4.0,workload,0.8672566371681416,0.9333333333333333,15,100,41,0.0
STEW,2,within,within_fold0,3,1.0,0.3,50,inf,4,False,4.0,workload,1.0,1.0,15,100,41,1.0
STEW,2,within,within_fold0,3,2.0,0.3,50,inf,4,False,4.0,workload,1.0,1.0,15,100,41,1.0
STEW,2,within,within_fold0,42,0.1,0.3,50,inf,4,False,4.0,workload,1.0,1.0,15,100,41,1.0
STEW,2,within,within_fold0,42,0.5,0.3,50,inf,4,False,4.0,workload,1.0,1.0,15,100,41,1.0
STEW,2,within,within_fold0,42,1.0,0.3,50,inf,4,False,4.0,workload,1.0,1.0,15,100,41,2.0
STEW,2,within,within_fold0,42,2.0,0.3,50,inf,4,False,4.0,workload,1.0,1.0,15,100,41,2.0
STEW,3,within,within_fold0,0,0.1,0.3,50,inf,4,False,4.0,workload,1.0,1.0,15,56,41,6.0
STEW,3,within,within_fold0,0,0.5,0.3,50,inf,4,False,4.0,workload,1.0,1.0,15,56,41,7.0
STEW,3,within,within_fold0,0,1.0,0.3,50,inf,4,False,4.0,workload,-0.034482758620689724,0.4666666666666667,15,56,41,12.0
STEW,3,within,within_fold0,0,2.0,0.3,50,inf,4,False,4.0,workload,-0.05263157894736836,0.4666666666666667,15,56,41,9.0
STEW,3,within,within_fold0,1,0.1,0.3,50,inf,4,False,4.0,workload,0.5871559633027523,0.8,15,66,41,12.0
STEW,3,within,within_fold0,1,0.5,0.3,50,inf,4,False,4.0,workload,0.7272727272727273,0.8666666666666667,15,66,41,11.0
STEW,3,within,within_fold0,1,1.0,0.3,50,inf,4,False,4.0,workload,0.4545454545454546,0.7333333333333333,15,66,41,15.0
STEW,3,within,within_fold0,1,2.0,0.3,50,inf,4,False,4.0,workload,0.4642857142857143,0.7333333333333333,15,66,41,15.0
STEW,3,within,within_fold0,2,0.1,0.3,50,inf,4,False,4.0,workload,0.6017699115044248,0.8,15,78,41,16.0
STEW,3,within,within_fold0,2,0.5,0.3,50,inf,4,False,4.0,workload,0.6017699115044248,0.8,15,78,41,16.0
STEW,3,within,within_fold0,2,1.0,0.3,50,inf,4,False,4.0,workload,0.35897435897435903,0.6666666666666666,15,78,41,13.0
STEW,3,within,within_fold0,2,2.0,0.3,50,inf,4,False,4.0,workload,0.23728813559322037,0.6,15,78,41,15.0
STEW,3,within,within_fold0,3,0.1,0.3,50,inf,4,False,4.0,workload,0.8672566371681416,0.9333333333333333,15,60,41,4.0
STEW,3,within,within_fold0,3,0.5,0.3,50,inf,4,False,4.0,workload,0.34782608695652173,0.6666666666666666,15,60,41,9.0
STEW,3,within,within_fold0,3,1.0,0.3,50,inf,4,False,4.0,workload,0.4642857142857143,0.7333333333333333,15,60,41,10.0
STEW,3,within,within_fold0,3,2.0,0.3,50,inf,4,False,4.0,workload,0.736842105263158,0.8666666666666667,15,60,41,16.0
STEW,3,within,within_fold0,42,0.1,0.3,50,inf,4,False,4.0,workload,0.736842105263158,0.8666666666666667,15,80,41,11.0
STEW,3,within,within_fold0,42,0.5,0.3,50,inf,4,False,4.0,workload,1.0,1.0,15,80,41,12.0
STEW,3,within,within_fold0,42,1.0,0.3,50,inf,4,False,4.0,workload,-0.05263157894736836,0.4666666666666667,15,80,41,14.0
STEW,3,within,within_fold0,42,2.0,0.3,50,inf,4,False,4.0,workload,0.6017699115044248,0.8,15,80,41,14.0
STEW,4,within,within_fold0,0,0.1,0.3,50,inf,4,False,4.0,workload,-0.09090909090909083,0.4666666666666667,15,88,36,16.0
STEW,4,within,within_fold0,0,0.5,0.3,50,inf,4,False,4.0,workload,0.03669724770642213,0.5333333333333333,15,88,41,14.0
STEW,4,within,within_fold0,0,1.0,0.3,50,inf,4,False,4.0,workload,0.2990654205607476,0.6666666666666666,15,88,41,10.0
STEW,4,within,within_fold0,0,2.0,0.3,50,inf,4,False,4.0,workload,0.2990654205607476,0.6666666666666666,15,88,41,9.0
STEW,4,within,within_fold0,1,0.1,0.3,50,inf,4,False,4.0,workload,0.15094339622641506,0.6,15,44,41,12.0
STEW,4,within,within_fold0,1,0.5,0.3,50,inf,4,False,4.0,workload,0.15094339622641506,0.6,15,44,36,13.0
STEW,4,within,within_fold0,1,1.0,0.3,50,inf,4,False,4.0,workload,0.15094339622641506,0.6,15,44,26,11.0
STEW,4,within,within_fold0,1,2.0,0.3,50,inf,4,False,4.0,workload,0.15094339622641506,0.6,15,44,26,12.0
STEW,4,within,within_fold0,2,0.1,0.3,50,inf,4,False,4.0,workload,0.8672566371681416,0.9333333333333333,15,82,41,8.0
STEW,4,within,within_fold0,2,0.5,0.3,50,inf,4,False,4.0,workload,0.22413793103448265,0.6,15,82,41,12.0
STEW,4,within,within_fold0,2,1.0,0.3,50,inf,4,False,4.0,workload,0.22413793103448265,0.6,15,82,41,11.0
STEW,4,within,within_fold0,2,2.0,0.3,50,inf,4,False,4.0,workload,0.1964285714285714,0.6,15,82,41,12.0
STEW,4,within,within_fold0,3,0.1,0.3,50,inf,4,False,4.0,workload,0.8672566371681416,0.9333333333333333,15,61,41,3.0
STEW,4,within,within_fold0,3,0.5,0.3,50,inf,4,False,4.0,workload,0.5945945945945946,0.8,15,61,41,9.0
STEW,4,within,within_fold0,3,1.0,0.3,50,inf,4,False,4.0,workload,0.4642857142857143,0.7333333333333333,15,61,41,13.0
STEW,4,within,within_fold0,3,2.0,0.3,50,inf,4,False,4.0,workload,0.33628318584070793,0.6666666666666666,15,61,41,13.0
STEW,4,within,within_fold0,42,0.1,0.3,50,inf,4,False,4.0,workload,0.7321428571428572,0.8666666666666667,15,82,41,8.0
STEW,4,within,within_fold0,42,0.5,0.3,50,inf,4,False,4.0,workload,0.7321428571428572,0.8666666666666667,15,82,41,9.0
STEW,4,within,within_fold0,42,1.0,0.3,50,inf,4,False,4.0,workload,0.7321428571428572,0.8666666666666667,15,82,28,12.0
STEW,4,within,within_fold0,42,2.0,0.3,50,inf,4,False,4.0,workload,0.7321428571428572,0.8666666666666667,15,82,26,10.0
STEW,6,within,within_fold0,0,0.1,0.3,50,inf,4,False,4.0,workload,0.4545454545454546,0.7333333333333333,15,100,41,5.0
STEW,6,within,within_fold0,0,0.5,0.3,50,inf,4,False,4.0,workload,0.8672566371681416,0.9333333333333333,15,100,41,2.0
STEW,6,within,within_fold0,0,1.0,0.3,50,inf,4,False,4.0,workload,1.0,1.0,15,100,41,0.0
STEW,6,within,within_fold0,0,2.0,0.3,50,inf,4,False,4.0,workload,1.0,1.0,15,100,41,0.0
STEW,6,within,within_fold0,1,0.1,0.3,50,inf,4,False,4.0,workload,0.7272727272727273,0.8666666666666667,15,100,41,12.0
STEW,6,within,within_fold0,1,0.5,0.3,50,inf,4,False,4.0,workload,0.15094339622641506,0.6,15,100,41,7.0
STEW,6,within,within_fold0,1,1.0,0.3,50,inf,4,False,4.0,workload,0.15094339622641506,0.6,15,100,41,4.0
STEW,6,within,within_fold0,1,2.0,0.3,50,inf,4,False,4.0,workload,1.0,1.0,15,100,41,5.0
STEW,6,within,within_fold0,2,0.1,0.3,50,inf,4,False,4.0,workload,0.48275862068965514,0.7333333333333333,15,100,41,7.0
STEW,6,within,within_fold0,2,0.5,0.3,50,inf,4,False,4.0,workload,0.48275862068965514,0.7333333333333333,15,100,31,2.0
STEW,6,within,within_fold0,2,1.0,0.3,50,inf,4,False,4.0,workload,0.48275862068965514,0.7333333333333333,15,100,26,2.0
STEW,6,within,within_fold0,2,2.0,0.3,50,inf,4,False,4.0,workload,0.48275862068965514,0.7333333333333333,15,100,26,2.0
STEW,6,within,within_fold0,3,0.1,0.3,50,inf,4,False,4.0,workload,0.7321428571428572,0.8666666666666667,15,96,41,8.0
STEW,6,within,within_fold0,3,0.5,0.3,50,inf,4,False,4.0,workload,0.5945945945945946,0.8,15,96,41,4.0
STEW,6,within,within_fold0,3,1.0,0.3,50,inf,4,False,4.0,workload,0.7321428571428572,0.8666666666666667,15,96,41,1.0
STEW,6,within,within_fold0,3,2.0,0.3,50,inf,4,False,4.0,workload,1.0,1.0,15,96,41,2.0
STEW,6,within,within_fold0,42,0.1,0.3,50,inf,4,False,4.0,workload,1.0,1.0,15,100,41,4.0
STEW,6,within,within_fold0,42,0.5,0.3,50,inf,4,False,4.0,workload,1.0,1.0,15,100,41,7.0
STEW,6,within,within_fold0,42,1.0,0.3,50,inf,4,False,4.0,workload,1.0,1.0,15,100,41,3.0
STEW,6,within,within_fold0,42,2.0,0.3,50,inf,4,False,4.0,workload,0.8672566371681416,0.9333333333333333,15,100,41,4.0
STEW,7,within,within_fold0,0,0.1,0.3,50,inf,4,False,4.0,workload,0.8672566371681416,0.9333333333333333,15,76,41,2.0
STEW,7,within,within_fold0,0,0.5,0.3,50,inf,4,False,4.0,workload,1.0,1.0,15,76,41,6.0
STEW,7,within,within_fold0,0,1.0,0.3,50,inf,4,False,4.0,workload,1.0,1.0,15,76,41,9.0
STEW,7,within,within_fold0,0,2.0,0.3,50,inf,4,False,4.0,workload,0.7272727272727273,0.8666666666666667,15,76,41,6.0
STEW,7,within,within_fold0,1,0.1,0.3,50,inf,4,False,4.0,workload,0.6086956521739131,0.8,15,77,41,3.0
STEW,7,within,within_fold0,1,0.5,0.3,50,inf,4,False,4.0,workload,0.8648648648648649,0.9333333333333333,15,77,41,6.0
STEW,7,within,within_fold0,1,1.0,0.3,50,inf,4,False,4.0,workload,0.8648648648648649,0.9333333333333333,15,77,41,8.0
STEW,7,within,within_fold0,1,2.0,0.3,50,inf,4,False,4.0,workload,0.5945945945945946,0.8,15,77,41,12.0
STEW,7,within,within_fold0,2,0.1,0.3,50,inf,4,False,4.0,workload,0.6017699115044248,0.8,15,83,41,6.0
STEW,7,within,within_fold0,2,0.5,0.3,50,inf,4,False,4.0,workload,0.7272727272727273,0.8666666666666667,15,83,41,7.0
STEW,7,within,within_fold0,2,1.0,0.3,50,inf,4,False,4.0,workload,0.5945945945945946,0.8,15,83,41,9.0
STEW,7,within,within_fold0,2,2.0,0.3,50,inf,4,False,4.0,workload,0.736842105263158,0.8666666666666667,15,83,41,9.0
STEW,7,within,within_fold0,3,0.1,0.3,50,inf,4,False,4.0,workload,1.0,1.0,15,57,41,2.0
STEW,7,within,within_fold0,3,0.5,0.3,50,inf,4,False,4.0,workload,0.8672566371681416,0.9333333333333333,15,57,41,5.0
STEW,7,within,within_fold0,3,1.0,0.3,50,inf,4,False,4.0,workload,0.4642857142857143,0.7333333333333333,15,57,41,8.0
STEW,7,within,within_fold0,3,2.0,0.3,50,inf,4,False,4.0,workload,1.0,1.0,15,57,41,10.0
STEW,7,within,within_fold0,42,0.1,0.3,50,inf,4,False,4.0,workload,0.6017699115044248,0.8,15,92,41,5.0
STEW,7,within,within_fold0,42,0.5,0.3,50,inf,4,False,4.0,workload,0.6017699115044248,0.8,15,92,41,7.0
STEW,7,within,within_fold0,42,1.0,0.3,50,inf,4,False,4.0,workload,0.6017699115044248,0.8,15,92,41,6.0
STEW,7,within,within_fold0,42,2.0,0.3,50,inf,4,False,4.0,workload,0.736842105263158,0.8666666666666667,15,92,41,7.0
STEW,8,within,within_fold0,0,0.1,0.3,50,inf,4,False,4.0,workload,0.736842105263158,0.8666666666666667,15,77,41,4.0
STEW,8,within,within_fold0,0,0.5,0.3,50,inf,4,False,4.0,workload,0.8672566371681416,0.9333333333333333,15,77,41,4.0
STEW,8,within,within_fold0,0,1.0,0.3,50,inf,4,False,4.0,workload,0.736842105263158,0.8666666666666667,15,77,41,6.0
STEW,8,within,within_fold0,0,2.0,0.3,50,inf,4,False,4.0,workload,0.5945945945945946,0.8,15,77,41,7.0
STEW,8,within,within_fold0,1,0.1,0.3,50,inf,4,False,4.0,workload,0.8648648648648649,0.9333333333333333,15,64,41,3.0
STEW,8,within,within_fold0,1,0.5,0.3,50,inf,4,False,4.0,workload,0.8672566371681416,0.9333333333333333,15,64,41,7.0
STEW,8,within,within_fold0,1,1.0,0.3,50,inf,4,False,4.0,workload,0.8648648648648649,0.9333333333333333,15,64,41,14.0
STEW,8,within,within_fold0,1,2.0,0.3,50,inf,4,False,4.0,workload,0.8648648648648649,0.9333333333333333,15,64,41,10.0
STEW,8,within,within_fold0,2,0.1,0.3,50,inf,4,False,4.0,workload,0.4736842105263158,0.7333333333333333,15,95,41,4.0
STEW,8,within,within_fold0,2,0.5,0.3,50,inf,4,False,4.0,workload,0.736842105263158,0.8666666666666667,15,95,41,10.0
STEW,8,within,within_fold0,2,1.0,0.3,50,inf,4,False,4.0,workload,0.4736842105263158,0.7333333333333333,15,95,41,10.0
STEW,8,within,within_fold0,2,2.0,0.3,50,inf,4,False,4.0,workload,0.8648648648648649,0.9333333333333333,15,95,41,9.0
STEW,8,within,within_fold0,3,0.1,0.3,50,inf,4,False,4.0,workload,1.0,1.0,15,71,41,5.0
STEW,8,within,within_fold0,3,0.5,0.3,50,inf,4,False,4.0,workload,0.48275862068965514,0.7333333333333333,15,71,41,9.0
STEW,8,within,within_fold0,3,1.0,0.3,50,inf,4,False,4.0,workload,0.2990654205607476,0.6666666666666666,15,71,41,9.0
STEW,8,within,within_fold0,3,2.0,0.3,50,inf,4,False,4.0,workload,1.0,1.0,15,71,41,13.0
STEW,8,within,within_fold0,42,0.1,0.3,50,inf,4,False,4.0,workload,0.7272727272727273,0.8666666666666667,15,98,18,2.0
STEW,8,within,within_fold0,42,0.5,0.3,50,inf,4,False,4.0,workload,0.7272727272727273,0.8666666666666667,15,98,23,4.0
STEW,8,within,within_fold0,42,1.0,0.3,50,inf,4,False,4.0,workload,0.7272727272727273,0.8666666666666667,15,98,21,3.0
STEW,8,within,within_fold0,42,2.0,0.3,50,inf,4,False,4.0,workload,0.7272727272727273,0.8666666666666667,15,98,21,3.0
STEW,9,within,within_fold0,0,0.1,0.3,50,inf,4,False,4.0,workload,0.4545454545454546,0.7333333333333333,15,93,41,14.0
STEW,9,within,within_fold0,0,0.5,0.3,50,inf,4,False,4.0,workload,0.8672566371681416,0.9333333333333333,15,93,41,10.0
STEW,9,within,within_fold0,0,1.0,0.3,50,inf,4,False,4.0,workload,-0.13207547169811318,0.4666666666666667,15,93,41,11.0
STEW,9,within,within_fold0,0,2.0,0.3,50,inf,4,False,4.0,workload,0.32432432432432434,0.6666666666666666,15,93,41,10.0
STEW,9,within,within_fold0,1,0.1,0.3,50,inf,4,False,4.0,workload,0.7321428571428572,0.8666666666666667,15,60,41,9.0
STEW,9,within,within_fold0,1,0.5,0.3,50,inf,4,False,4.0,workload,0.4545454545454546,0.7333333333333333,15,60,41,12.0
STEW,9,within,within_fold0,1,1.0,0.3,50,inf,4,False,4.0,workload,0.7321428571428572,0.8666666666666667,15,60,41,16.0
STEW,9,within,within_fold0,1,2.0,0.3,50,inf,4,False,4.0,workload,0.18181818181818188,0.6,15,60,41,16.0
STEW,9,within,within_fold0,2,0.1,0.3,50,inf,4,False,4.0,workload,0.8672566371681416,0.9333333333333333,15,66,41,8.0
STEW,9,within,within_fold0,2,0.5,0.3,50,inf,4,False,4.0,workload,0.8672566371681416,0.9333333333333333,15,66,38,11.0
STEW,9,within,within_fold0,2,1.0,0.3,50,inf,4,False,4.0,workload,0.8672566371681416,0.9333333333333333,15,66,33,11.0
STEW,9,within,within_fold0,2,2.0,0.3,50,inf,4,False,4.0,workload,0.8672566371681416,0.9333333333333333,15,66,36,7.0
STEW,9,within,within_fold0,3,0.1,0.3,50,inf,4,False,4.0,workload,0.4736842105263158,0.7333333333333333,15,42,16,2.0
STEW,9,within,within_fold0,3,0.5,0.3,50,inf,4,False,4.0,workload,0.4736842105263158,0.7333333333333333,15,42,16,2.0
STEW,9,within,within_fold0,3,1.0,0.3,50,inf,4,False,4.0,workload,0.4736842105263158,0.7333333333333333,15,42,21,8.0
STEW,9,within,within_fold0,3,2.0,0.3,50,inf,4,False,4.0,workload,0.4736842105263158,0.7333333333333333,15,42,21,8.0
STEW,9,within,within_fold0,42,0.1,0.3,50,inf,4,False,4.0,workload,0.7272727272727273,0.8666666666666667,15,79,41,6.0
STEW,9,within,within_fold0,42,0.5,0.3,50,inf,4,False,4.0,workload,0.7272727272727273,0.8666666666666667,15,79,26,5.0
STEW,9,within,within_fold0,42,1.0,0.3,50,inf,4,False,4.0,workload,0.7272727272727273,0.8666666666666667,15,79,23,4.0
STEW,9,within,within_fold0,42,2.0,0.3,50,inf,4,False,4.0,workload,0.7272727272727273,0.8666666666666667,15,79,23,4.0
STEW,10,within,within_fold0,0,0.1,0.3,50,inf,4,False,4.0,workload,0.8648648648648649,0.9333333333333333,15,100,31,3.0
STEW,10,within,within_fold0,0,0.5,0.3,50,inf,4,False,4.0,workload,0.8648648648648649,0.9333333333333333,15,100,33,2.0
STEW,10,within,within_fold0,0,1.0,0.3,50,inf,4,False,4.0,workload,0.8648648648648649,0.9333333333333333,15,100,31,1.0
STEW,10,within,within_fold0,0,2.0,0.3,50,inf,4,False,4.0,workload,0.8648648648648649,0.9333333333333333,15,100,31,2.0
STEW,10,within,within_fold0,1,0.1,0.3,50,inf,4,False,4.0,workload,0.7272727272727273,0.8666666666666667,15,100,41,4.0
STEW,10,within,within_fold0,1,0.5,0.3,50,inf,4,False,4.0,workload,1.0,1.0,15,100,41,3.0
STEW,10,within,within_fold0,1,1.0,0.3,50,inf,4,False,4.0,workload,1.0,1.0,15,100,41,2.0
STEW,10,within,within_fold0,1,2.0,0.3,50,inf,4,False,4.0,workload,1.0,1.0,15,100,41,2.0
STEW,10,within,within_fold0,2,0.1,0.3,50,inf,4,False,4.0,workload,1.0,1.0,15,100,41,3.0
STEW,10,within,within_fold0,2,0.5,0.3,50,inf,4,False,4.0,workload,0.34782608695652173,0.6666666666666666,15,100,41,4.0
STEW,10,within,within_fold0,2,1.0,0.3,50,inf,4,False,4.0,workload,1.0,1.0,15,100,41,3.0
STEW,10,within,within_fold0,2,2.0,0.3,50,inf,4,False,4.0,workload,0.736842105263158,0.8666666666666667,15,100,41,4.0
STEW,10,within,within_fold0,3,0.1,0.3,50,inf,4,False,4.0,workload,0.5871559633027523,0.8,15,100,41,1.0
STEW,10,within,within_fold0,3,0.5,0.3,50,inf,4,False,4.0,workload,1.0,1.0,15,100,41,4.0
STEW,10,within,within_fold0,3,1.0,0.3,50,inf,4,False,4.0,workload,0.5871559633027523,0.8,15,100,41,3.0
STEW,10,within,within_fold0,3,2.0,0.3,50,inf,4,False,4.0,workload,0.5871559633027523,0.8,15,100,41,3.0
STEW,10,within,within_fold0,42,0.1,0.3,50,inf,4,False,4.0,workload,0.736842105263158,0.8666666666666667,15,100,41,4.0
STEW,10,within,within_fold0,42,0.5,0.3,50,inf,4,False,4.0,workload,0.48275862068965514,0.7333333333333333,15,100,41,5.0
STEW,10,within,within_fold0,42,1.0,0.3,50,inf,4,False,4.0,workload,1.0,1.0,15,100,41,5.0
STEW,10,within,within_fold0,42,2.0,0.3,50,inf,4,False,4.0,workload,1.0,1.0,15,100,41,7.0
STEW,11,within,within_fold0,0,0.1,0.3,50,inf,4,False,4.0,workload,0.16666666666666663,0.6,15,92,41,20.0
STEW,11,within,within_fold0,0,0.5,0.3,50,inf,4,False,4.0,workload,0.7272727272727273,0.8666666666666667,15,92,41,8.0
STEW,11,within,within_fold0,0,1.0,0.3,50,inf,4,False,4.0,workload,0.35897435897435903,0.6666666666666666,15,92,41,12.0
STEW,11,within,within_fold0,0,2.0,0.3,50,inf,4,False,4.0,workload,0.7272727272727273,0.8666666666666667,15,92,41,6.0
STEW,11,within,within_fold0,1,0.1,0.3,50,inf,4,False,4.0,workload,0.8672566371681416,0.9333333333333333,15,71,41,4.0
STEW,11,within,within_fold0,1,0.5,0.3,50,inf,4,False,4.0,workload,0.5871559633027523,0.8,15,71,41,5.0
STEW,11,within,within_fold0,1,1.0,0.3,50,inf,4,False,4.0,workload,0.5871559633027523,0.8,15,71,41,6.0
STEW,11,within,within_fold0,1,2.0,0.3,50,inf,4,False,4.0,workload,0.5871559633027523,0.8,15,71,41,7.0
STEW,11,within,within_fold0,2,0.1,0.3,50,inf,4,False,4.0,workload,0.6086956521739131,0.8,15,100,16,5.0
STEW,11,within,within_fold0,2,0.5,0.3,50,inf,4,False,4.0,workload,0.6086956521739131,0.8,15,100,38,8.0
STEW,11,within,within_fold0,2,1.0,0.3,50,inf,4,False,4.0,workload,0.6086956521739131,0.8,15,100,23,4.0
STEW,11,within,within_fold0,2,2.0,0.3,50,inf,4,False,4.0,workload,0.6086956521739131,0.8,15,100,26,5.0
STEW,11,within,within_fold0,3,0.1,0.3,50,inf,4,False,4.0,workload,0.3119266055045873,0.6666666666666666,15,78,41,7.0
STEW,11,within,within_fold0,3,0.5,0.3,50,inf,4,False,4.0,workload,0.7272727272727273,0.8666666666666667,15,78,41,7.0
STEW,11,within,within_fold0,3,1.0,0.3,50,inf,4,False,4.0,workload,0.05405405405405406,0.5333333333333333,15,78,41,11.0
STEW,11,within,within_fold0,3,2.0,0.3,50,inf,4,False,4.0,workload,0.2990654205607476,0.6666666666666666,15,78,41,8.0
STEW,11,within,within_fold0,42,0.1,0.3,50,inf,4,False,4.0,workload,0.736842105263158,0.8666666666666667,15,100,41,7.0
STEW,11,within,within_fold0,42,0.5,0.3,50,inf,4,False,4.0,workload,0.5871559633027523,0.8,15,100,41,6.0
STEW,11,within,within_fold0,42,1.0,0.3,50,inf,4,False,4.0,workload,0.7272727272727273,0.8666666666666667,15,100,41,6.0
STEW,11,within,within_fold0,42,2.0,0.3,50,inf,4,False,4.0,workload,0.7272727272727273,0.8666666666666667,15,100,41,9.0
STEW,12,within,within_fold0,0,0.1,0.3,50,inf,4,False,4.0,workload,0.4545454545454546,0.7333333333333333,15,100,36,3.0
STEW,12,within,within_fold0,0,0.5,0.3,50,inf,4,False,4.0,workload,0.4545454545454546,0.7333333333333333,15,100,38,6.0
STEW,12,within,within_fold0,0,1.0,0.3,50,inf,4,False,4.0,workload,0.4444444444444444,0.7333333333333333,15,100,41,11.0
STEW,12,within,within_fold0,0,2.0,0.3,50,inf,4,False,4.0,workload,0.2990654205607476,0.6666666666666666,15,100,41,8.0
STEW,12,within,within_fold0,1,0.1,0.3,50,inf,4,False,4.0,workload,0.7272727272727273,0.8666666666666667,15,100,41,7.0
STEW,12,within,within_fold0,1,0.5,0.3,50,inf,4,False,4.0,workload,0.4736842105263158,0.7333333333333333,15,100,41,8.0
STEW,12,within,within_fold0,1,1.0,0.3,50,inf,4,False,4.0,workload,0.7272727272727273,0.8666666666666667,15,100,41,12.0
STEW,12,within,within_fold0,1,2.0,0.3,50,inf,4,False,4.0,workload,0.5945945945945946,0.8,15,100,41,9.0
STEW,12,within,within_fold0,2,0.1,0.3,50,inf,4,False,4.0,workload,1.0,1.0,15,100,41,10.0
STEW,12,within,within_fold0,2,0.5,0.3,50,inf,4,False,4.0,workload,1.0,1.0,15,100,41,8.0
STEW,12,within,within_fold0,2,1.0,0.3,50,inf,4,False,4.0,workload,1.0,1.0,15,100,33,6.0
STEW,12,within,within_fold0,2,2.0,0.3,50,inf,4,False,4.0,workload,1.0,1.0,15,100,31,4.0
STEW,12,within,within_fold0,3,0.1,0.3,50,inf,4,False,4.0,workload,0.8672566371681416,0.9333333333333333,15,83,41,4.0
STEW,12,within,within_fold0,3,0.5,0.3,50,inf,4,False,4.0,workload,0.8648648648648649,0.9333333333333333,15,83,41,8.0
STEW,12,within,within_fold0,3,1.0,0.3,50,inf,4,False,4.0,workload,0.2990654205607476,0.6666666666666666,15,83,41,3.0
STEW,12,within,within_fold0,3,2.0,0.3,50,inf,4,False,4.0,workload,0.8648648648648649,0.9333333333333333,15,83,41,4.0
STEW,12,within,within_fold0,42,0.1,0.3,50,inf,4,False,4.0,workload,1.0,1.0,15,84,41,5.0
STEW,12,within,within_fold0,42,0.5,0.3,50,inf,4,False,4.0,workload,0.8672566371681416,0.9333333333333333,15,84,41,10.0
STEW,12,within,within_fold0,42,1.0,0.3,50,inf,4,False,4.0,workload,0.22413793103448265,0.6,15,84,41,7.0
STEW,12,within,within_fold0,42,2.0,0.3,50,inf,4,False,4.0,workload,0.736842105263158,0.8666666666666667,15,84,41,5.0
STEW,13,within,within_fold0,0,0.1,0.3,50,inf,4,False,4.0,workload,1.0,1.0,15,100,41,3.0
STEW,13,within,within_fold0,0,0.5,0.3,50,inf,4,False,4.0,workload,1.0,1.0,15,100,41,0.0
STEW,13,within,within_fold0,0,1.0,0.3,50,inf,4,False,4.0,workload,1.0,1.0,15,100,41,0.0
STEW,13,within,within_fold0,0,2.0,0.3,50,inf,4,False,4.0,workload,1.0,1.0,15,100,41,0.0
STEW,13,within,within_fold0,1,0.1,0.3,50,inf,4,False,4.0,workload,1.0,1.0,15,100,16,0.0
STEW,13,within,within_fold0,1,0.5,0.3,50,inf,4,False,4.0,workload,1.0,1.0,15,100,23,0.0
STEW,13,within,within_fold0,1,1.0,0.3,50,inf,4,False,4.0,workload,1.0,1.0,15,100,23,0.0
STEW,13,within,within_fold0,1,2.0,0.3,50,inf,4,False,4.0,workload,1.0,1.0,15,100,26,0.0
STEW,13,within,within_fold0,2,0.1,0.3,50,inf,4,False,4.0,workload,1.0,1.0,15,100,41,1.0
STEW,13,within,within_fold0,2,0.5,0.3,50,inf,4,False,4.0,workload,1.0,1.0,15,100,28,0.0
STEW,13,within,within_fold0,2,1.0,0.3,50,inf,4,False,4.0,workload,1.0,1.0,15,100,31,1.0
STEW,13,within,within_fold0,2,2.0,0.3,50,inf,4,False,4.0,workload,1.0,1.0,15,100,31,1.0
STEW,13,within,within_fold0,3,0.1,0.3,50,inf,4,False,4.0,workload,0.8648648648648649,0.9333333333333333,15,100,41,2.0
STEW,13,within,within_fold0,3,0.5,0.3,50,inf,4,False,4.0,workload,1.0,1.0,15,100,41,5.0
STEW,13,within,within_fold0,3,1.0,0.3,50,inf,4,False,4.0,workload,1.0,1.0,15,100,41,4.0
STEW,13,within,within_fold0,3,2.0,0.3,50,inf,4,False,4.0,workload,1.0,1.0,15,100,41,4.0
STEW,13,within,within_fold0,42,0.1,0.3,50,inf,4,False,4.0,workload,1.0,1.0,15,100,41,2.0
STEW,13,within,within_fold0,42,0.5,0.3,50,inf,4,False,4.0,workload,1.0,1.0,15,100,41,2.0
STEW,13,within,within_fold0,42,1.0,0.3,50,inf,4,False,4.0,workload,0.736842105263158,0.8666666666666667,15,100,41,2.0
STEW,13,within,within_fold0,42,2.0,0.3,50,inf,4,False,4.0,workload,1.0,1.0,15,100,41,4.0
STEW,14,within,within_fold0,0,0.1,0.3,50,inf,4,False,4.0,workload,0.33628318584070793,0.6666666666666666,15,100,41,5.0
STEW,14,within,within_fold0,0,0.5,0.3,50,inf,4,False,4.0,workload,0.8648648648648649,0.9333333333333333,15,100,41,6.0
STEW,14,within,within_fold0,0,1.0,0.3,50,inf,4,False,4.0,workload,0.8672566371681416,0.9333333333333333,15,100,41,8.0
STEW,14,within,within_fold0,0,2.0,0.3,50,inf,4,False,4.0,workload,0.8672566371681416,0.9333333333333333,15,100,41,7.0
STEW,14,within,within_fold0,1,0.1,0.3,50,inf,4,False,4.0,workload,0.8672566371681416,0.9333333333333333,15,94,41,0.0
STEW,14,within,within_fold0,1,0.5,0.3,50,inf,4,False,4.0,workload,1.0,1.0,15,94,41,5.0
STEW,14,within,within_fold0,1,1.0,0.3,50,inf,4,False,4.0,workload,0.8672566371681416,0.9333333333333333,15,94,41,4.0
STEW,14,within,within_fold0,1,2.0,0.3,50,inf,4,False,4.0,workload,0.8672566371681416,0.9333333333333333,15,94,41,4.0
STEW,14,within,within_fold0,2,0.1,0.3,50,inf,4,False,4.0,workload,0.8672566371681416,0.9333333333333333,15,100,41,5.0
STEW,14,within,within_fold0,2,0.5,0.3,50,inf,4,False,4.0,workload,1.0,1.0,15,100,28,1.0
STEW,14,within,within_fold0,2,1.0,0.3,50,inf,4,False,4.0,workload,1.0,1.0,15,100,28,0.0
STEW,14,within,within_fold0,2,2.0,0.3,50,inf,4,False,4.0,workload,1.0,1.0,15,100,28,1.0
STEW,14,within,within_fold0,3,0.1,0.3,50,inf,4,False,4.0,workload,0.736842105263158,0.8666666666666667,15,98,41,2.0
STEW,14,within,within_fold0,3,0.5,0.3,50,inf,4,False,4.0,workload,0.736842105263158,0.8666666666666667,15,98,41,6.0
STEW,14,within,within_fold0,3,1.0,0.3,50,inf,4,False,4.0,workload,0.736842105263158,0.8666666666666667,15,98,41,6.0
STEW,14,within,within_fold0,3,2.0,0.3,50,inf,4,False,4.0,workload,0.736842105263158,0.8666666666666667,15,98,41,3.0
STEW,14,within,within_fold0,42,0.1,0.3,50,inf,4,False,4.0,workload,1.0,1.0,15,100,41,2.0
STEW,14,within,within_fold0,42,0.5,0.3,50,inf,4,False,4.0,workload,0.6086956521739131,0.8,15,100,41,7.0
STEW,14,within,within_fold0,42,1.0,0.3,50,inf,4,False,4.0,workload,1.0,1.0,15,100,41,5.0
STEW,14,within,within_fold0,42,2.0,0.3,50,inf,4,False,4.0,workload,1.0,1.0,15,100,41,4.0
STEW,15,within,within_fold0,0,0.1,0.3,50,inf,4,False,4.0,workload,0.7321428571428572,0.8666666666666667,15,78,41,12.0
STEW,15,within,within_fold0,0,0.5,0.3,50,inf,4,False,4.0,workload,0.5945945945945946,0.8,15,78,41,17.0
STEW,15,within,within_fold0,0,1.0,0.3,50,inf,4,False,4.0,workload,-0.13207547169811318,0.4666666666666667,15,78,41,18.0
STEW,15,within,within_fold0,0,2.0,0.3,50,inf,4,False,4.0,workload,0.5871559633027523,0.8,15,78,41,18.0
STEW,15,within,within_fold0,1,0.1,0.3,50,inf,4,False,4.0,workload,0.7321428571428572,0.8666666666666667,15,56,36,12.0
STEW,15,within,within_fold0,1,0.5,0.3,50,inf,4,False,4.0,workload,0.7321428571428572,0.8666666666666667,15,56,41,19.0
STEW,15,within,within_fold0,1,1.0,0.3,50,inf,4,False,4.0,workload,0.16666666666666663,0.6,15,56,41,23.0
STEW,15,within,within_fold0,1,2.0,0.3,50,inf,4,False,4.0,workload,0.16666666666666663,0.6,15,56,41,22.0
STEW,15,within,within_fold0,2,0.1,0.3,50,inf,4,False,4.0,workload,1.0,1.0,15,61,41,3.0
STEW,15,within,within_fold0,2,0.5,0.3,50,inf,4,False,4.0,workload,1.0,1.0,15,61,31,8.0
STEW,15,within,within_fold0,2,1.0,0.3,50,inf,4,False,4.0,workload,1.0,1.0,15,61,26,8.0
STEW,15,within,within_fold0,2,2.0,0.3,50,inf,4,False,4.0,workload,1.0,1.0,15,61,26,6.0
STEW,15,within,within_fold0,3,0.1,0.3,50,inf,4,False,4.0,workload,0.2990654205607476,0.6666666666666666,15,69,41,6.0
STEW,15,within,within_fold0,3,0.5,0.3,50,inf,4,False,4.0,workload,0.33628318584070793,0.6666666666666666,15,69,41,12.0
STEW,15,within,within_fold0,3,1.0,0.3,50,inf,4,False,4.0,workload,0.2990654205607476,0.6666666666666666,15,69,41,19.0
STEW,15,within,within_fold0,3,2.0,0.3,50,inf,4,False,4.0,workload,0.4642857142857143,0.7333333333333333,15,69,41,21.0
STEW,15,within,within_fold0,42,0.1,0.3,50,inf,4,False,4.0,workload,0.7272727272727273,0.8666666666666667,15,64,41,3.0
STEW,15,within,within_fold0,42,0.5,0.3,50,inf,4,False,4.0,workload,0.6017699115044248,0.8,15,64,41,9.0
STEW,15,within,within_fold0,42,1.0,0.3,50,inf,4,False,4.0,workload,-0.09090909090909083,0.4666666666666667,15,64,41,19.0
STEW,15,within,within_fold0,42,2.0,0.3,50,inf,4,False,4.0,workload,-0.2931034482758621,0.3333333333333333,15,64,41,14.0
STEW,16,within,within_fold0,0,0.1,0.3,50,inf,4,False,4.0,workload,0.4642857142857143,0.7333333333333333,15,93,41,15.0
STEW,16,within,within_fold0,0,0.5,0.3,50,inf,4,False,4.0,workload,0.16666666666666663,0.6,15,93,41,11.0
STEW,16,within,within_fold0,0,1.0,0.3,50,inf,4,False,4.0,workload,1.0,1.0,15,93,41,10.0
STEW,16,within,within_fold0,0,2.0,0.3,50,inf,4,False,4.0,workload,0.5945945945945946,0.8,15,93,41,10.0
STEW,16,within,within_fold0,1,0.1,0.3,50,inf,4,False,4.0,workload,0.18181818181818188,0.6,15,77,41,24.0
STEW,16,within,within_fold0,1,0.5,0.3,50,inf,4,False,4.0,workload,0.8648648648648649,0.9333333333333333,15,77,41,11.0
STEW,16,within,within_fold0,1,1.0,0.3,50,inf,4,False,4.0,workload,0.8648648648648649,0.9333333333333333,15,77,41,15.0
STEW,16,within,within_fold0,1,2.0,0.3,50,inf,4,False,4.0,workload,0.8648648648648649,0.9333333333333333,15,77,41,11.0
STEW,16,within,within_fold0,2,0.1,0.3,50,inf,4,False,4.0,workload,0.11764705882352944,0.5333333333333333,15,100,41,15.0
STEW,16,within,within_fold0,2,0.5,0.3,50,inf,4,False,4.0,workload,0.8648648648648649,0.9333333333333333,15,100,41,10.0
STEW,16,within,within_fold0,2,1.0,0.3,50,inf,4,False,4.0,workload,0.5945945945945946,0.8,15,100,41,13.0
STEW,16,within,within_fold0,2,2.0,0.3,50,inf,4,False,4.0,workload,0.08695652173913038,0.5333333333333333,15,100,41,9.0
STEW,16,within,within_fold0,3,0.1,0.3,50,inf,4,False,4.0,workload,0.5945945945945946,0.8,15,77,41,7.0
STEW,16,within,within_fold0,3,0.5,0.3,50,inf,4,False,4.0,workload,0.5945945945945946,0.8,15,77,41,10.0
STEW,16,within,within_fold0,3,1.0,0.3,50,inf,4,False,4.0,workload,0.5945945945945946,0.8,15,77,41,14.0
STEW,16,within,within_fold0,3,2.0,0.3,50,inf,4,False,4.0,workload,0.5945945945945946,0.8,15,77,41,15.0
STEW,16,within,within_fold0,42,0.1,0.3,50,inf,4,False,4.0,workload,0.6017699115044248,0.8,15,98,41,10.0
STEW,16,within,within_fold0,42,0.5,0.3,50,inf,4,False,4.0,workload,0.6017699115044248,0.8,15,98,41,6.0
STEW,16,within,within_fold0,42,1.0,0.3,50,inf,4,False,4.0,workload,0.11764705882352944,0.5333333333333333,15,98,41,10.0
STEW,16,within,within_fold0,42,2.0,0.3,50,inf,4,False,4.0,workload,0.6017699115044248,0.8,15,98,41,8.0
STEW,17,within,within_fold0,0,0.1,0.3,50,inf,4,False,4.0,workload,1.0,1.0,15,80,41,2.0
STEW,17,within,within_fold0,0,0.5,0.3,50,inf,4,False,4.0,workload,1.0,1.0,15,80,41,3.0
STEW,17,within,within_fold0,0,1.0,0.3,50,inf,4,False,4.0,workload,0.4545454545454546,0.7333333333333333,15,80,41,13.0
STEW,17,within,within_fold0,0,2.0,0.3,50,inf,4,False,4.0,workload,0.4545454545454546,0.7333333333333333,15,80,41,14.0
STEW,17,within,within_fold0,1,0.1,0.3,50,inf,4,False,4.0,workload,0.3119266055045873,0.6666666666666666,15,70,41,5.0
STEW,17,within,within_fold0,1,0.5,0.3,50,inf,4,False,4.0,workload,0.3119266055045873,0.6666666666666666,15,70,41,9.0
STEW,17,within,within_fold0,1,1.0,0.3,50,inf,4,False,4.0,workload,0.33628318584070793,0.6666666666666666,15,70,41,10.0
STEW,17,within,within_fold0,1,2.0,0.3,50,inf,4,False,4.0,workload,0.3119266055045873,0.6666666666666666,15,70,41,10.0
STEW,17,within,within_fold0,2,0.1,0.3,50,inf,4,False,4.0,workload,1.0,1.0,15,90,41,7.0
STEW,17,within,within_fold0,2,0.5,0.3,50,inf,4,False,4.0,workload,0.4545454545454546,0.7333333333333333,15,90,41,6.0
STEW,17,within,within_fold0,2,1.0,0.3,50,inf,4,False,4.0,workload,0.3119266055045873,0.6666666666666666,15,90,41,12.0
STEW,17,within,within_fold0,2,2.0,0.3,50,inf,4,False,4.0,workload,0.48275862068965514,0.7333333333333333,15,90,41,12.0
STEW,17,within,within_fold0,3,0.1,0.3,50,inf,4,False,4.0,workload,0.7321428571428572,0.8666666666666667,15,72,41,5.0
STEW,17,within,within_fold0,3,0.5,0.3,50,inf,4,False,4.0,workload,0.6017699115044248,0.8,15,72,41,5.0
STEW,17,within,within_fold0,3,1.0,0.3,50,inf,4,False,4.0,workload,0.8648648648648649,0.9333333333333333,15,72,41,11.0
STEW,17,within,within_fold0,3,2.0,0.3,50,inf,4,False,4.0,workload,0.7272727272727273,0.8666666666666667,15,72,41,12.0
STEW,17,within,within_fold0,42,0.1,0.3,50,inf,4,False,4.0,workload,0.8672566371681416,0.9333333333333333,15,83,41,3.0
STEW,17,within,within_fold0,42,0.5,0.3,50,inf,4,False,4.0,workload,0.8672566371681416,0.9333333333333333,15,83,41,10.0
STEW,17,within,within_fold0,42,1.0,0.3,50,inf,4,False,4.0,workload,0.736842105263158,0.8666666666666667,15,83,41,7.0
STEW,17,within,within_fold0,42,2.0,0.3,50,inf,4,False,4.0,workload,1.0,1.0,15,83,41,4.0
STEW,18,within,within_fold0,0,0.1,0.3,50,inf,4,False,4.0,workload,0.8648648648648649,0.9333333333333333,15,85,41,3.0
STEW,18,within,within_fold0,0,0.5,0.3,50,inf,4,False,4.0,workload,1.0,1.0,15,85,41,8.0
STEW,18,within,within_fold0,0,1.0,0.3,50,inf,4,False,4.0,workload,0.8648648648648649,0.9333333333333333,15,85,41,5.0
STEW,18,within,within_fold0,0,2.0,0.3,50,inf,4,False,4.0,workload,1.0,1.0,15,85,41,7.0
STEW,18,within,within_fold0,1,0.1,0.3,50,inf,4,False,4.0,workload,0.736842105263158,0.8666666666666667,15,78,41,3.0
STEW,18,within,within_fold0,1,0.5,0.3,50,inf,4,False,4.0,workload,0.5945945945945946,0.8,15,78,41,7.0
STEW,18,within,within_fold0,1,1.0,0.3,50,inf,4,False,4.0,workload,0.736842105263158,0.8666666666666667,15,78,41,8.0
STEW,18,within,within_fold0,1,2.0,0.3,50,inf,4,False,4.0,workload,0.7272727272727273,0.8666666666666667,15,78,41,6.0
STEW,18,within,within_fold0,2,0.1,0.3,50,inf,4,False,4.0,workload,1.0,1.0,15,64,41,2.0
STEW,18,within,within_fold0,2,0.5,0.3,50,inf,4,False,4.0,workload,1.0,1.0,15,64,31,6.0
STEW,18,within,within_fold0,2,1.0,0.3,50,inf,4,False,4.0,workload,1.0,1.0,15,64,28,6.0
STEW,18,within,within_fold0,2,2.0,0.3,50,inf,4,False,4.0,workload,1.0,1.0,15,64,28,6.0
STEW,18,within,within_fold0,3,0.1,0.3,50,inf,4,False,4.0,workload,1.0,1.0,15,44,41,2.0
STEW,18,within,within_fold0,3,0.5,0.3,50,inf,4,False,4.0,workload,0.7321428571428572,0.8666666666666667,15,44,41,7.0
STEW,18,within,within_fold0,3,1.0,0.3,50,inf,4,False,4.0,workload,0.8672566371681416,0.9333333333333333,15,44,41,10.0
STEW,18,within,within_fold0,3,2.0,0.3,50,inf,4,False,4.0,workload,0.8648648648648649,0.9333333333333333,15,44,41,11.0
STEW,18,within,within_fold0,42,0.1,0.3,50,inf,4,False,4.0,workload,0.8672566371681416,0.9333333333333333,15,70,41,3.0
STEW,18,within,within_fold0,42,0.5,0.3,50,inf,4,False,4.0,workload,0.8672566371681416,0.9333333333333333,15,70,41,8.0
STEW,18,within,within_fold0,42,1.0,0.3,50,inf,4,False,4.0,workload,0.7321428571428572,0.8666666666666667,15,70,41,12.0
STEW,18,within,within_fold0,42,2.0,0.3,50,inf,4,False,4.0,workload,1.0,1.0,15,70,41,17.0
STEW,19,within,within_fold0,0,0.1,0.3,50,inf,4,False,4.0,workload,0.8672566371681416,0.9333333333333333,15,100,41,0.0
STEW,19,within,within_fold0,0,0.5,0.3,50,inf,4,False,4.0,workload,0.8672566371681416,0.9333333333333333,15,100,26,2.0
STEW,19,within,within_fold0,0,1.0,0.3,50,inf,4,False,4.0,workload,0.8672566371681416,0.9333333333333333,15,100,26,3.0
STEW,19,within,within_fold0,0,2.0,0.3,50,inf,4,False,4.0,workload,0.8672566371681416,0.9333333333333333,15,100,26,2.0
STEW,19,within,within_fold0,1,0.1,0.3,50,inf,4,False,4.0,workload,1.0,1.0,15,98,41,2.0
STEW,19,within,within_fold0,1,0.5,0.3,50,inf,4,False,4.0,workload,1.0,1.0,15,98,33,3.0
STEW,19,within,within_fold0,1,1.0,0.3,50,inf,4,False,4.0,workload,1.0,1.0,15,98,31,4.0
STEW,19,within,within_fold0,1,2.0,0.3,50,inf,4,False,4.0,workload,1.0,1.0,15,98,31,3.0
STEW,19,within,within_fold0,2,0.1,0.3,50,inf,4,False,4.0,workload,1.0,1.0,15,100,41,0.0
STEW,19,within,within_fold0,2,0.5,0.3,50,inf,4,False,4.0,workload,0.8648648648648649,0.9333333333333333,15,100,31,3.0
STEW,19,within,within_fold0,2,1.0,0.3,50,inf,4,False,4.0,workload,0.8648648648648649,0.9333333333333333,15,100,31,4.0
STEW,19,within,within_fold0,2,2.0,0.3,50,inf,4,False,4.0,workload,0.8648648648648649,0.9333333333333333,15,100,31,1.0
STEW,19,within,within_fold0,3,0.1,0.3,50,inf,4,False,4.0,workload,1.0,1.0,15,95,41,0.0
STEW,19,within,within_fold0,3,0.5,0.3,50,inf,4,False,4.0,workload,1.0,1.0,15,95,41,3.0
STEW,19,within,within_fold0,3,1.0,0.3,50,inf,4,False,4.0,workload,1.0,1.0,15,95,41,3.0
STEW,19,within,within_fold0,3,2.0,0.3,50,inf,4,False,4.0,workload,1.0,1.0,15,95,41,3.0
STEW,19,within,within_fold0,42,0.1,0.3,50,inf,4,False,4.0,workload,0.8672566371681416,0.9333333333333333,15,100,41,1.0
STEW,19,within,within_fold0,42,0.5,0.3,50,inf,4,False,4.0,workload,1.0,1.0,15,100,41,4.0
STEW,19,within,within_fold0,42,1.0,0.3,50,inf,4,False,4.0,workload,1.0,1.0,15,100,41,4.0
STEW,19,within,within_fold0,42,2.0,0.3,50,inf,4,False,4.0,workload,0.3119266055045873,0.6666666666666666,15,100,41,6.0
STEW,20,within,within_fold0,0,0.1,0.3,50,inf,4,False,4.0,workload,0.7272727272727273,0.8666666666666667,15,76,41,6.0
STEW,20,within,within_fold0,0,0.5,0.3,50,inf,4,False,4.0,workload,0.3119266055045873,0.6666666666666666,15,76,41,6.0
STEW,20,within,within_fold0,0,1.0,0.3,50,inf,4,False,4.0,workload,0.5871559633027523,0.8,15,76,41,8.0
STEW,20,within,within_fold0,0,2.0,0.3,50,inf,4,False,4.0,workload,0.5871559633027523,0.8,15,76,41,9.0
STEW,20,within,within_fold0,1,0.1,0.3,50,inf,4,False,4.0,workload,0.8648648648648649,0.9333333333333333,15,82,41,2.0
STEW,20,within,within_fold0,1,0.5,0.3,50,inf,4,False,4.0,workload,0.5945945945945946,0.8,15,82,41,9.0
STEW,20,within,within_fold0,1,1.0,0.3,50,inf,4,False,4.0,workload,0.8648648648648649,0.9333333333333333,15,82,41,7.0
STEW,20,within,within_fold0,1,2.0,0.3,50,inf,4,False,4.0,workload,0.8648648648648649,0.9333333333333333,15,82,41,7.0
STEW,20,within,within_fold0,2,0.1,0.3,50,inf,4,False,4.0,workload,0.8648648648648649,0.9333333333333333,15,89,41,6.0
STEW,20,within,within_fold0,2,0.5,0.3,50,inf,4,False,4.0,workload,0.4736842105263158,0.7333333333333333,15,89,41,6.0
STEW,20,within,within_fold0,2,1.0,0.3,50,inf,4,False,4.0,workload,0.4736842105263158,0.7333333333333333,15,89,41,8.0
STEW,20,within,within_fold0,2,2.0,0.3,50,inf,4,False,4.0,workload,0.7272727272727273,0.8666666666666667,15,89,41,9.0
STEW,20,within,within_fold0,3,0.1,0.3,50,inf,4,False,4.0,workload,0.8672566371681416,0.9333333333333333,15,64,41,3.0
STEW,20,within,within_fold0,3,0.5,0.3,50,inf,4,False,4.0,workload,0.4545454545454546,0.7333333333333333,15,64,41,6.0
STEW,20,within,within_fold0,3,1.0,0.3,50,inf,4,False,4.0,workload,0.8672566371681416,0.9333333333333333,15,64,41,10.0
STEW,20,within,within_fold0,3,2.0,0.3,50,inf,4,False,4.0,workload,0.2990654205607476,0.6666666666666666,15,64,41,8.0
STEW,20,within,within_fold0,42,0.1,0.3,50,inf,4,False,4.0,workload,1.0,1.0,15,93,41,4.0
STEW,20,within,within_fold0,42,0.5,0.3,50,inf,4,False,4.0,workload,1.0,1.0,15,93,41,7.0
STEW,20,within,within_fold0,42,1.0,0.3,50,inf,4,False,4.0,workload,1.0,1.0,15,93,41,7.0
STEW,20,within,within_fold0,42,2.0,0.3,50,inf,4,False,4.0,workload,1.0,1.0,15,93,41,6.0
STEW,21,within,within_fold0,0,0.1,0.3,50,inf,4,False,4.0,workload,1.0,1.0,15,82,41,1.0
STEW,21,within,within_fold0,0,0.5,0.3,50,inf,4,False,4.0,workload,1.0,1.0,15,82,41,9.0
STEW,21,within,within_fold0,0,1.0,0.3,50,inf,4,False,4.0,workload,1.0,1.0,15,82,41,9.0
STEW,21,within,within_fold0,0,2.0,0.3,50,inf,4,False,4.0,workload,1.0,1.0,15,82,41,8.0
STEW,21,within,within_fold0,1,0.1,0.3,50,inf,4,False,4.0,workload,0.8672566371681416,0.9333333333333333,15,70,41,2.0
STEW,21,within,within_fold0,1,0.5,0.3,50,inf,4,False,4.0,workload,0.5945945945945946,0.8,15,70,41,7.0
STEW,21,within,within_fold0,1,1.0,0.3,50,inf,4,False,4.0,workload,0.5945945945945946,0.8,15,70,41,9.0
STEW,21,within,within_fold0,1,2.0,0.3,50,inf,4,False,4.0,workload,0.05405405405405406,0.5333333333333333,15,70,41,11.0
STEW,21,within,within_fold0,2,0.1,0.3,50,inf,4,False,4.0,workload,0.4545454545454546,0.7333333333333333,15,74,41,8.0
STEW,21,within,within_fold0,2,0.5,0.3,50,inf,4,False,4.0,workload,0.4545454545454546,0.7333333333333333,15,74,41,7.0
STEW,21,within,within_fold0,2,1.0,0.3,50,inf,4,False,4.0,workload,0.736842105263158,0.8666666666666667,15,74,41,9.0
STEW,21,within,within_fold0,2,2.0,0.3,50,inf,4,False,4.0,workload,0.4545454545454546,0.7333333333333333,15,74,41,6.0
STEW,21,within,within_fold0,3,0.1,0.3,50,inf,4,False,4.0,workload,0.8672566371681416,0.9333333333333333,15,72,41,1.0
STEW,21,within,within_fold0,3,0.5,0.3,50,inf,4,False,4.0,workload,0.7321428571428572,0.8666666666666667,15,72,41,7.0
STEW,21,within,within_fold0,3,1.0,0.3,50,inf,4,False,4.0,workload,0.3119266055045873,0.6666666666666666,15,72,41,9.0
STEW,21,within,within_fold0,3,2.0,0.3,50,inf,4,False,4.0,workload,0.8648648648648649,0.9333333333333333,15,72,41,10.0
STEW,21,within,within_fold0,42,0.1,0.3,50,inf,4,False,4.0,workload,0.736842105263158,0.8666666666666667,15,82,41,4.0
STEW,21,within,within_fold0,42,0.5,0.3,50,inf,4,False,4.0,workload,0.736842105263158,0.8666666666666667,15,82,41,10.0
STEW,21,within,within_fold0,42,1.0,0.3,50,inf,4,False,4.0,workload,0.736842105263158,0.8666666666666667,15,82,41,9.0
STEW,21,within,within_fold0,42,2.0,0.3,50,inf,4,False,4.0,workload,0.5945945945945946,0.8,15,82,41,8.0
STEW,22,within,within_fold0,0,0.1,0.3,50,inf,4,False,4.0,workload,0.4736842105263158,0.7333333333333333,15,74,41,1.0
STEW,22,within,within_fold0,0,0.5,0.3,50,inf,4,False,4.0,workload,0.8648648648648649,0.9333333333333333,15,74,41,6.0
STEW,22,within,within_fold0,0,1.0,0.3,50,inf,4,False,4.0,workload,1.0,1.0,15,74,41,8.0
STEW,22,within,within_fold0,0,2.0,0.3,50,inf,4,False,4.0,workload,0.7321428571428572,0.8666666666666667,15,74,41,8.0
STEW,22,within,within_fold0,1,0.1,0.3,50,inf,4,False,4.0,workload,0.7321428571428572,0.8666666666666667,15,75,41,10.0
STEW,22,within,within_fold0,1,0.5,0.3,50,inf,4,False,4.0,workload,0.5871559633027523,0.8,15,75,41,8.0
STEW,22,within,within_fold0,1,1.0,0.3,50,inf,4,False,4.0,workload,0.7272727272727273,0.8666666666666667,15,75,41,12.0
STEW,22,within,within_fold0,1,2.0,0.3,50,inf,4,False,4.0,workload,0.736842105263158,0.8666666666666667,15,75,41,14.0
STEW,22,within,within_fold0,2,0.1,0.3,50,inf,4,False,4.0,workload,0.736842105263158,0.8666666666666667,15,89,16,0.0
STEW,22,within,within_fold0,2,0.5,0.3,50,inf,4,False,4.0,workload,0.736842105263158,0.8666666666666667,15,89,21,2.0
STEW,22,within,within_fold0,2,1.0,0.3,50,inf,4,False,4.0,workload,0.736842105263158,0.8666666666666667,15,89,21,2.0
STEW,22,within,within_fold0,2,2.0,0.3,50,inf,4,False,4.0,workload,0.736842105263158,0.8666666666666667,15,89,21,2.0
STEW,22,within,within_fold0,3,0.1,0.3,50,inf,4,False,4.0,workload,0.8672566371681416,0.9333333333333333,15,68,41,4.0
STEW,22,within,within_fold0,3,0.5,0.3,50,inf,4,False,4.0,workload,0.8672566371681416,0.9333333333333333,15,68,41,12.0
STEW,22,within,within_fold0,3,1.0,0.3,50,inf,4,False,4.0,workload,0.1964285714285714,0.6,15,68,41,10.0
STEW,22,within,within_fold0,3,2.0,0.3,50,inf,4,False,4.0,workload,0.48275862068965514,0.7333333333333333,15,68,41,16.0
STEW,22,within,within_fold0,42,0.1,0.3,50,inf,4,False,4.0,workload,0.5945945945945946,0.8,15,88,41,6.0
STEW,22,within,within_fold0,42,0.5,0.3,50,inf,4,False,4.0,workload,0.8672566371681416,0.9333333333333333,15,88,41,9.0
STEW,22,within,within_fold0,42,1.0,0.3,50,inf,4,False,4.0,workload,0.7321428571428572,0.8666666666666667,15,88,41,12.0
STEW,22,within,within_fold0,42,2.0,0.3,50,inf,4,False,4.0,workload,0.1964285714285714,0.6,15,88,41,9.0
STEW,23,within,within_fold0,0,0.1,0.3,50,inf,4,False,4.0,workload,1.0,1.0,15,100,41,0.0
STEW,23,within,within_fold0,0,0.5,0.3,50,inf,4,False,4.0,workload,1.0,1.0,15,100,28,0.0
STEW,23,within,within_fold0,0,1.0,0.3,50,inf,4,False,4.0,workload,1.0,1.0,15,100,28,0.0
STEW,23,within,within_fold0,0,2.0,0.3,50,inf,4,False,4.0,workload,1.0,1.0,15,100,26,0.0
STEW,23,within,within_fold0,1,0.1,0.3,50,inf,4,False,4.0,workload,1.0,1.0,15,100,41,0.0
STEW,23,within,within_fold0,1,0.5,0.3,50,inf,4,False,4.0,workload,1.0,1.0,15,100,41,0.0
STEW,23,within,within_fold0,1,1.0,0.3,50,inf,4,False,4.0,workload,1.0,1.0,15,100,41,0.0
STEW,23,within,within_fold0,1,2.0,0.3,50,inf,4,False,4.0,workload,1.0,1.0,15,100,41,0.0
STEW,23,within,within_fold0,2,0.1,0.3,50,inf,4,False,4.0,workload,0.8648648648648649,0.9333333333333333,15,100,41,0.0
STEW,23,within,within_fold0,2,0.5,0.3,50,inf,4,False,4.0,workload,0.8648648648648649,0.9333333333333333,15,100,26,0.0
STEW,23,within,within_fold0,2,1.0,0.3,50,inf,4,False,4.0,workload,0.8648648648648649,0.9333333333333333,15,100,26,0.0
STEW,23,within,within_fold0,2,2.0,0.3,50,inf,4,False,4.0,workload,0.8648648648648649,0.9333333333333333,15,100,26,0.0
STEW,23,within,within_fold0,3,0.1,0.3,50,inf,4,False,4.0,workload,1.0,1.0,15,100,41,0.0
STEW,23,within,within_fold0,3,0.5,0.3,50,inf,4,False,4.0,workload,1.0,1.0,15,100,26,0.0
STEW,23,within,within_fold0,3,1.0,0.3,50,inf,4,False,4.0,workload,1.0,1.0,15,100,26,0.0
STEW,23,within,within_fold0,3,2.0,0.3,50,inf,4,False,4.0,workload,1.0,1.0,15,100,26,0.0
STEW,23,within,within_fold0,42,0.1,0.3,50,inf,4,False,4.0,workload,1.0,1.0,15,100,41,0.0
STEW,23,within,within_fold0,42,0.5,0.3,50,inf,4,False,4.0,workload,1.0,1.0,15,100,41,0.0
STEW,23,within,within_fold0,42,1.0,0.3,50,inf,4,False,4.0,workload,1.0,1.0,15,100,41,1.0
STEW,23,within,within_fold0,42,2.0,0.3,50,inf,4,False,4.0,workload,1.0,1.0,15,100,41,1.0
STEW,25,within,within_fold0,0,0.1,0.3,50,inf,4,False,4.0,workload,0.7321428571428572,0.8666666666666667,15,78,41,5.0
STEW,25,within,within_fold0,0,0.5,0.3,50,inf,4,False,4.0,workload,0.7321428571428572,0.8666666666666667,15,78,41,7.0
STEW,25,within,within_fold0,0,1.0,0.3,50,inf,4,False,4.0,workload,0.7321428571428572,0.8666666666666667,15,78,41,15.0
STEW,25,within,within_fold0,0,2.0,0.3,50,inf,4,False,4.0,workload,0.7321428571428572,0.8666666666666667,15,78,41,13.0
STEW,25,within,within_fold0,1,0.1,0.3,50,inf,4,False,4.0,workload,0.08695652173913038,0.5333333333333333,15,62,41,12.0
STEW,25,within,within_fold0,1,0.5,0.3,50,inf,4,False,4.0,workload,0.08695652173913038,0.5333333333333333,15,62,41,14.0
STEW,25,within,within_fold0,1,1.0,0.3,50,inf,4,False,4.0,workload,0.32432432432432434,0.6666666666666666,15,62,41,21.0
STEW,25,within,within_fold0,1,2.0,0.3,50,inf,4,False,4.0,workload,0.18181818181818188,0.6,15,62,41,18.0
STEW,25,within,within_fold0,2,0.1,0.3,50,inf,4,False,4.0,workload,0.4642857142857143,0.7333333333333333,15,78,41,15.0
STEW,25,within,within_fold0,2,0.5,0.3,50,inf,4,False,4.0,workload,0.15094339622641506,0.6,15,78,41,20.0
STEW,25,within,within_fold0,2,1.0,0.3,50,inf,4,False,4.0,workload,0.4642857142857143,0.7333333333333333,15,78,31,10.0
STEW,25,within,within_fold0,2,2.0,0.3,50,inf,4,False,4.0,workload,0.4642857142857143,0.7333333333333333,15,78,31,10.0
STEW,25,within,within_fold0,3,0.1,0.3,50,inf,4,False,4.0,workload,0.5871559633027523,0.8,15,60,41,4.0
STEW,25,within,within_fold0,3,0.5,0.3,50,inf,4,False,4.0,workload,0.6086956521739131,0.8,15,60,41,11.0
STEW,25,within,within_fold0,3,1.0,0.3,50,inf,4,False,4.0,workload,0.16666666666666663,0.6,15,60,41,9.0
STEW,25,within,within_fold0,3,2.0,0.3,50,inf,4,False,4.0,workload,0.5871559633027523,0.8,15,60,41,13.0
STEW,25,within,within_fold0,42,0.1,0.3,50,inf,4,False,4.0,workload,0.8672566371681416,0.9333333333333333,15,84,41,6.0
STEW,25,within,within_fold0,42,0.5,0.3,50,inf,4,False,4.0,workload,0.21052631578947367,0.6,15,84,41,13.0
STEW,25,within,within_fold0,42,1.0,0.3,50,inf,4,False,4.0,workload,0.35897435897435903,0.6666666666666666,15,84,41,11.0
STEW,25,within,within_fold0,42,2.0,0.3,50,inf,4,False,4.0,workload,0.4736842105263158,0.7333333333333333,15,84,41,13.0
STEW,26,within,within_fold0,0,0.1,0.3,50,inf,4,False,4.0,workload,1.0,1.0,15,100,41,2.0
STEW,26,within,within_fold0,0,0.5,0.3,50,inf,4,False,4.0,workload,1.0,1.0,15,100,41,2.0
STEW,26,within,within_fold0,0,1.0,0.3,50,inf,4,False,4.0,workload,0.7272727272727273,0.8666666666666667,15,100,41,2.0
STEW,26,within,within_fold0,0,2.0,0.3,50,inf,4,False,4.0,workload,1.0,1.0,15,100,41,2.0
STEW,26,within,within_fold0,1,0.1,0.3,50,inf,4,False,4.0,workload,0.8672566371681416,0.9333333333333333,15,100,41,0.0
STEW,26,within,within_fold0,1,0.5,0.3,50,inf,4,False,4.0,workload,1.0,1.0,15,100,41,3.0
STEW,26,within,within_fold0,1,1.0,0.3,50,inf,4,False,4.0,workload,0.7321428571428572,0.8666666666666667,15,100,41,1.0
STEW,26,within,within_fold0,1,2.0,0.3,50,inf,4,False,4.0,workload,1.0,1.0,15,100,41,4.0
STEW,26,within,within_fold0,2,0.1,0.3,50,inf,4,False,4.0,workload,0.736842105263158,0.8666666666666667,15,100,41,1.0
STEW,26,within,within_fold0,2,0.5,0.3,50,inf,4,False,4.0,workload,0.736842105263158,0.8666666666666667,15,100,28,2.0
STEW,26,within,within_fold0,2,1.0,0.3,50,inf,4,False,4.0,workload,0.736842105263158,0.8666666666666667,15,100,28,2.0
STEW,26,within,within_fold0,2,2.0,0.3,50,inf,4,False,4.0,workload,0.736842105263158,0.8666666666666667,15,100,26,1.0
STEW,26,within,within_fold0,3,0.1,0.3,50,inf,4,False,4.0,workload,0.8672566371681416,0.9333333333333333,15,100,41,2.0
STEW,26,within,within_fold0,3,0.5,0.3,50,inf,4,False,4.0,workload,1.0,1.0,15,100,41,0.0
STEW,26,within,within_fold0,3,1.0,0.3,50,inf,4,False,4.0,workload,0.8648648648648649,0.9333333333333333,15,100,41,0.0
STEW,26,within,within_fold0,3,2.0,0.3,50,inf,4,False,4.0,workload,0.8648648648648649,0.9333333333333333,15,100,41,0.0
STEW,26,within,within_fold0,42,0.1,0.3,50,inf,4,False,4.0,workload,1.0,1.0,15,100,41,0.0
STEW,26,within,within_fold0,42,0.5,0.3,50,inf,4,False,4.0,workload,1.0,1.0,15,100,41,1.0
STEW,26,within,within_fold0,42,1.0,0.3,50,inf,4,False,4.0,workload,1.0,1.0,15,100,41,2.0
STEW,26,within,within_fold0,42,2.0,0.3,50,inf,4,False,4.0,workload,1.0,1.0,15,100,41,2.0
STEW,27,within,within_fold0,0,0.1,0.3,50,inf,4,False,4.0,workload,1.0,1.0,15,100,16,0.0
STEW,27,within,within_fold0,0,0.5,0.3,50,inf,4,False,4.0,workload,1.0,1.0,15,100,18,1.0
STEW,27,within,within_fold0,0,1.0,0.3,50,inf,4,False,4.0,workload,1.0,1.0,15,100,21,0.0
STEW,27,within,within_fold0,0,2.0,0.3,50,inf,4,False,4.0,workload,1.0,1.0,15,100,21,1.0
STEW,27,within,within_fold0,1,0.1,0.3,50,inf,4,False,4.0,workload,0.8672566371681416,0.9333333333333333,15,100,41,3.0
STEW,27,within,within_fold0,1,0.5,0.3,50,inf,4,False,4.0,workload,0.8672566371681416,0.9333333333333333,15,100,41,1.0
STEW,27,within,within_fold0,1,1.0,0.3,50,inf,4,False,4.0,workload,0.7272727272727273,0.8666666666666667,15,100,41,2.0
STEW,27,within,within_fold0,1,2.0,0.3,50,inf,4,False,4.0,workload,0.8672566371681416,0.9333333333333333,15,100,41,1.0
STEW,27,within,within_fold0,2,0.1,0.3,50,inf,4,False,4.0,workload,1.0,1.0,15,100,41,2.0
STEW,27,within,within_fold0,2,0.5,0.3,50,inf,4,False,4.0,workload,1.0,1.0,15,100,41,4.0
STEW,27,within,within_fold0,2,1.0,0.3,50,inf,4,False,4.0,workload,0.8648648648648649,0.9333333333333333,15,100,41,2.0
STEW,27,within,within_fold0,2,2.0,0.3,50,inf,4,False,4.0,workload,1.0,1.0,15,100,41,1.0
STEW,27,within,within_fold0,3,0.1,0.3,50,inf,4,False,4.0,workload,1.0,1.0,15,100,41,1.0
STEW,27,within,within_fold0,3,0.5,0.3,50,inf,4,False,4.0,workload,0.8672566371681416,0.9333333333333333,15,100,41,0.0
STEW,27,within,within_fold0,3,1.0,0.3,50,inf,4,False,4.0,workload,1.0,1.0,15,100,41,1.0
STEW,27,within,within_fold0,3,2.0,0.3,50,inf,4,False,4.0,workload,0.8672566371681416,0.9333333333333333,15,100,41,2.0
STEW,27,within,within_fold0,42,0.1,0.3,50,inf,4,False,4.0,workload,1.0,1.0,15,100,41,4.0
STEW,27,within,within_fold0,42,0.5,0.3,50,inf,4,False,4.0,workload,0.8672566371681416,0.9333333333333333,15,100,26,3.0
STEW,27,within,within_fold0,42,1.0,0.3,50,inf,4,False,4.0,workload,0.8672566371681416,0.9333333333333333,15,100,31,2.0
STEW,27,within,within_fold0,42,2.0,0.3,50,inf,4,False,4.0,workload,0.8672566371681416,0.9333333333333333,15,100,28,3.0
STEW,28,within,within_fold0,0,0.1,0.3,50,inf,4,False,4.0,workload,0.8672566371681416,0.9333333333333333,15,100,41,2.0
STEW,28,within,within_fold0,0,0.5,0.3,50,inf,4,False,4.0,workload,0.8672566371681416,0.9333333333333333,15,100,41,5.0
STEW,28,within,within_fold0,0,1.0,0.3,50,inf,4,False,4.0,workload,0.1964285714285714,0.6,15,100,41,9.0
STEW,28,within,within_fold0,0,2.0,0.3,50,inf,4,False,4.0,workload,0.7321428571428572,0.8666666666666667,15,100,41,8.0
STEW,28,within,within_fold0,1,0.1,0.3,50,inf,4,False,4.0,workload,1.0,1.0,15,97,41,4.0
STEW,28,within,within_fold0,1,0.5,0.3,50,inf,4,False,4.0,workload,1.0,1.0,15,97,41,9.0
STEW,28,within,within_fold0,1,1.0,0.3,50,inf,4,False,4.0,workload,0.5945945945945946,0.8,15,97,41,10.0
STEW,28,within,within_fold0,1,2.0,0.3,50,inf,4,False,4.0,workload,0.7272727272727273,0.8666666666666667,15,97,41,9.0
STEW,28,within,within_fold0,2,0.1,0.3,50,inf,4,False,4.0,workload,0.5945945945945946,0.8,15,94,41,6.0
STEW,28,within,within_fold0,2,0.5,0.3,50,inf,4,False,4.0,workload,0.7272727272727273,0.8666666666666667,15,94,41,7.0
STEW,28,within,within_fold0,2,1.0,0.3,50,inf,4,False,4.0,workload,0.5945945945945946,0.8,15,94,41,9.0
STEW,28,within,within_fold0,2,2.0,0.3,50,inf,4,False,4.0,workload,0.5945945945945946,0.8,15,94,41,10.0
STEW,28,within,within_fold0,3,0.1,0.3,50,inf,4,False,4.0,workload,0.8648648648648649,0.9333333333333333,15,72,41,10.0
STEW,28,within,within_fold0,3,0.5,0.3,50,inf,4,False,4.0,workload,0.8648648648648649,0.9333333333333333,15,72,41,11.0
STEW,28,within,within_fold0,3,1.0,0.3,50,inf,4,False,4.0,workload,0.5871559633027523,0.8,15,72,41,9.0
STEW,28,within,within_fold0,3,2.0,0.3,50,inf,4,False,4.0,workload,0.5945945945945946,0.8,15,72,41,11.0
STEW,28,within,within_fold0,42,0.1,0.3,50,inf,4,False,4.0,workload,0.8672566371681416,0.9333333333333333,15,84,41,5.0
STEW,28,within,within_fold0,42,0.5,0.3,50,inf,4,False,4.0,workload,0.11764705882352944,0.5333333333333333,15,84,41,7.0
STEW,28,within,within_fold0,42,1.0,0.3,50,inf,4,False,4.0,workload,0.8672566371681416,0.9333333333333333,15,84,41,7.0
STEW,28,within,within_fold0,42,2.0,0.3,50,inf,4,False,4.0,workload,0.6017699115044248,0.8,15,84,41,5.0
STEW,29,within,within_fold0,0,0.1,0.3,50,inf,4,False,4.0,workload,0.7272727272727273,0.8666666666666667,15,96,41,7.0
STEW,29,within,within_fold0,0,0.5,0.3,50,inf,4,False,4.0,workload,1.0,1.0,15,96,41,7.0
STEW,29,within,within_fold0,0,1.0,0.3,50,inf,4,False,4.0,workload,0.5945945945945946,0.8,15,96,41,4.0
STEW,29,within,within_fold0,0,2.0,0.3,50,inf,4,False,4.0,workload,0.6086956521739131,0.8,15,96,41,8.0
STEW,29,within,within_fold0,1,0.1,0.3,50,inf,4,False,4.0,workload,1.0,1.0,15,78,41,5.0
STEW,29,within,within_fold0,1,0.5,0.3,50,inf,4,False,4.0,workload,1.0,1.0,15,78,41,5.0
STEW,29,within,within_fold0,1,1.0,0.3,50,inf,4,False,4.0,workload,1.0,1.0,15,78,41,7.0
STEW,29,within,within_fold0,1,2.0,0.3,50,inf,4,False,4.0,workload,0.5945945945945946,0.8,15,78,41,6.0
STEW,29,within,within_fold0,2,0.1,0.3,50,inf,4,False,4.0,workload,1.0,1.0,15,100,41,3.0
STEW,29,within,within_fold0,2,0.5,0.3,50,inf,4,False,4.0,workload,0.7321428571428572,0.8666666666666667,15,100,41,2.0
STEW,29,within,within_fold0,2,1.0,0.3,50,inf,4,False,4.0,workload,0.7321428571428572,0.8666666666666667,15,100,41,1.0
STEW,29,within,within_fold0,2,2.0,0.3,50,inf,4,False,4.0,workload,0.6017699115044248,0.8,15,100,41,2.0
STEW,29,within,within_fold0,3,0.1,0.3,50,inf,4,False,4.0,workload,0.18181818181818188,0.6,15,96,41,10.0
STEW,29,within,within_fold0,3,0.5,0.3,50,inf,4,False,4.0,workload,0.736842105263158,0.8666666666666667,15,96,41,10.0
STEW,29,within,within_fold0,3,1.0,0.3,50,inf,4,False,4.0,workload,0.6017699115044248,0.8,15,96,41,7.0
STEW,29,within,within_fold0,3,2.0,0.3,50,inf,4,False,4.0,workload,0.6017699115044248,0.8,15,96,41,6.0
STEW,29,within,within_fold0,42,0.1,0.3,50,inf,4,False,4.0,workload,0.7321428571428572,0.8666666666666667,15,88,41,4.0
STEW,29,within,within_fold0,42,0.5,0.3,50,inf,4,False,4.0,workload,1.0,1.0,15,88,41,7.0
STEW,29,within,within_fold0,42,1.0,0.3,50,inf,4,False,4.0,workload,0.6017699115044248,0.8,15,88,41,3.0
STEW,29,within,within_fold0,42,2.0,0.3,50,inf,4,False,4.0,workload,0.1964285714285714,0.6,15,88,41,4.0
STEW,30,within,within_fold0,0,0.1,0.3,50,inf,4,False,4.0,workload,1.0,1.0,15,100,41,0.0
STEW,30,within,within_fold0,0,0.5,0.3,50,inf,4,False,4.0,workload,0.8672566371681416,0.9333333333333333,15,100,41,3.0
STEW,30,within,within_fold0,0,1.0,0.3,50,inf,4,False,4.0,workload,0.8672566371681416,0.9333333333333333,15,100,41,3.0
STEW,30,within,within_fold0,0,2.0,0.3,50,inf,4,False,4.0,workload,0.8672566371681416,0.9333333333333333,15,100,41,3.0
STEW,30,within,within_fold0,1,0.1,0.3,50,inf,4,False,4.0,workload,1.0,1.0,15,78,41,0.0
STEW,30,within,within_fold0,1,0.5,0.3,50,inf,4,False,4.0,workload,1.0,1.0,15,78,41,5.0
STEW,30,within,within_fold0,1,1.0,0.3,50,inf,4,False,4.0,workload,0.8648648648648649,0.9333333333333333,15,78,41,6.0
STEW,30,within,within_fold0,1,2.0,0.3,50,inf,4,False,4.0,workload,0.8648648648648649,0.9333333333333333,15,78,41,7.0
STEW,30,within,within_fold0,2,0.1,0.3,50,inf,4,False,4.0,workload,1.0,1.0,15,94,41,0.0
STEW,30,within,within_fold0,2,0.5,0.3,50,inf,4,False,4.0,workload,1.0,1.0,15,94,31,2.0
STEW,30,within,within_fold0,2,1.0,0.3,50,inf,4,False,4.0,workload,1.0,1.0,15,94,31,0.0
STEW,30,within,within_fold0,2,2.0,0.3,50,inf,4,False,4.0,workload,1.0,1.0,15,94,31,0.0
STEW,30,within,within_fold0,3,0.1,0.3,50,inf,4,False,4.0,workload,0.8672566371681416,0.9333333333333333,15,100,41,2.0
STEW,30,within,within_fold0,3,0.5,0.3,50,inf,4,False,4.0,workload,0.8672566371681416,0.9333333333333333,15,100,41,7.0
STEW,30,within,within_fold0,3,1.0,0.3,50,inf,4,False,4.0,workload,0.8672566371681416,0.9333333333333333,15,100,41,9.0
STEW,30,within,within_fold0,3,2.0,0.3,50,inf,4,False,4.0,workload,1.0,1.0,15,100,41,9.0
STEW,30,within,within_fold0,42,0.1,0.3,50,inf,4,False,4.0,workload,0.8672566371681416,0.9333333333333333,15,99,41,1.0
STEW,30,within,within_fold0,42,0.5,0.3,50,inf,4,False,4.0,workload,0.8648648648648649,0.9333333333333333,15,99,41,5.0
STEW,30,within,within_fold0,42,1.0,0.3,50,inf,4,False,4.0,workload,1.0,1.0,15,99,41,4.0
STEW,30,within,within_fold0,42,2.0,0.3,50,inf,4,False,4.0,workload,1.0,1.0,15,99,41,4.0
STEW,31,within,within_fold0,0,0.1,0.3,50,inf,4,False,4.0,workload,1.0,1.0,15,100,41,6.0
STEW,31,within,within_fold0,0,0.5,0.3,50,inf,4,False,4.0,workload,1.0,1.0,15,100,41,6.0
STEW,31,within,within_fold0,0,1.0,0.3,50,inf,4,False,4.0,workload,0.4444444444444444,0.7333333333333333,15,100,33,6.0
STEW,31,within,within_fold0,0,2.0,0.3,50,inf,4,False,4.0,workload,0.4444444444444444,0.7333333333333333,15,100,36,8.0
STEW,31,within,within_fold0,1,0.1,0.3,50,inf,4,False,4.0,workload,0.7272727272727273,0.8666666666666667,15,85,41,4.0
STEW,31,within,within_fold0,1,0.5,0.3,50,inf,4,False,4.0,workload,0.3119266055045873,0.6666666666666666,15,85,41,4.0
STEW,31,within,within_fold0,1,1.0,0.3,50,inf,4,False,4.0,workload,0.3119266055045873,0.6666666666666666,15,85,41,6.0
STEW,31,within,within_fold0,1,2.0,0.3,50,inf,4,False,4.0,workload,0.2990654205607476,0.6666666666666666,15,85,41,10.0
STEW,31,within,within_fold0,2,0.1,0.3,50,inf,4,False,4.0,workload,0.6017699115044248,0.8,15,98,41,7.0
STEW,31,within,within_fold0,2,0.5,0.3,50,inf,4,False,4.0,workload,0.6017699115044248,0.8,15,98,36,9.0
STEW,31,within,within_fold0,2,1.0,0.3,50,inf,4,False,4.0,workload,0.6017699115044248,0.8,15,98,41,2.0
STEW,31,within,within_fold0,2,2.0,0.3,50,inf,4,False,4.0,workload,0.6017699115044248,0.8,15,98,41,2.0
STEW,31,within,within_fold0,3,0.1,0.3,50,inf,4,False,4.0,workload,0.6017699115044248,0.8,15,94,41,5.0
STEW,31,within,within_fold0,3,0.5,0.3,50,inf,4,False,4.0,workload,0.6017699115044248,0.8,15,94,41,8.0
STEW,31,within,within_fold0,3,1.0,0.3,50,inf,4,False,4.0,workload,0.7321428571428572,0.8666666666666667,15,94,41,7.0
STEW,31,within,within_fold0,3,2.0,0.3,50,inf,4,False,4.0,workload,0.5945945945945946,0.8,15,94,41,10.0
STEW,31,within,within_fold0,42,0.1,0.3,50,inf,4,False,4.0,workload,0.34782608695652173,0.6666666666666666,15,97,41,3.0
STEW,31,within,within_fold0,42,0.5,0.3,50,inf,4,False,4.0,workload,0.34782608695652173,0.6666666666666666,15,97,28,2.0
STEW,31,within,within_fold0,42,1.0,0.3,50,inf,4,False,4.0,workload,0.34782608695652173,0.6666666666666666,15,97,28,6.0
STEW,31,within,within_fold0,42,2.0,0.3,50,inf,4,False,4.0,workload,0.34782608695652173,0.6666666666666666,15,97,28,2.0
STEW,32,within,within_fold0,0,0.1,0.3,50,inf,4,False,4.0,workload,0.5871559633027523,0.8,15,97,41,17.0
STEW,32,within,within_fold0,0,0.5,0.3,50,inf,4,False,4.0,workload,0.5945945945945946,0.8,15,97,41,13.0
STEW,32,within,within_fold0,0,1.0,0.3,50,inf,4,False,4.0,workload,0.5871559633027523,0.8,15,97,41,11.0
STEW,32,within,within_fold0,0,2.0,0.3,50,inf,4,False,4.0,workload,0.4444444444444444,0.7333333333333333,15,97,41,13.0
STEW,32,within,within_fold0,1,0.1,0.3,50,inf,4,False,4.0,workload,0.3119266055045873,0.6666666666666666,15,68,41,8.0
STEW,32,within,within_fold0,1,0.5,0.3,50,inf,4,False,4.0,workload,0.32432432432432434,0.6666666666666666,15,68,41,9.0
STEW,32,within,within_fold0,1,1.0,0.3,50,inf,4,False,4.0,workload,0.5945945945945946,0.8,15,68,41,11.0
STEW,32,within,within_fold0,1,2.0,0.3,50,inf,4,False,4.0,workload,1.0,1.0,15,68,41,10.0
STEW,32,within,within_fold0,2,0.1,0.3,50,inf,4,False,4.0,workload,0.6017699115044248,0.8,15,91,41,11.0
STEW,32,within,within_fold0,2,0.5,0.3,50,inf,4,False,4.0,workload,-0.034482758620689724,0.4666666666666667,15,91,41,17.0
STEW,32,within,within_fold0,2,1.0,0.3,50,inf,4,False,4.0,workload,0.736842105263158,0.8666666666666667,15,91,41,14.0
STEW,32,within,within_fold0,2,2.0,0.3,50,inf,4,False,4.0,workload,0.6017699115044248,0.8,15,91,41,12.0
STEW,32,within,within_fold0,3,0.1,0.3,50,inf,4,False,4.0,workload,0.21052631578947367,0.6,15,84,41,14.0
STEW,32,within,within_fold0,3,0.5,0.3,50,inf,4,False,4.0,workload,0.4444444444444444,0.7333333333333333,15,84,41,14.0
STEW,32,within,within_fold0,3,1.0,0.3,50,inf,4,False,4.0,workload,0.48275862068965514,0.7333333333333333,15,84,41,15.0
STEW,32,within,within_fold0,3,2.0,0.3,50,inf,4,False,4.0,workload,0.4642857142857143,0.7333333333333333,15,84,41,17.0
STEW,32,within,within_fold0,42,0.1,0.3,50,inf,4,False,4.0,workload,0.7321428571428572,0.8666666666666667,15,87,41,7.0
STEW,32,within,within_fold0,42,0.5,0.3,50,inf,4,False,4.0,workload,0.4642857142857143,0.7333333333333333,15,87,41,10.0
STEW,32,within,within_fold0,42,1.0,0.3,50,inf,4,False,4.0,workload,0.6017699115044248,0.8,15,87,41,11.0
STEW,32,within,within_fold0,42,2.0,0.3,50,inf,4,False,4.0,workload,0.8672566371681416,0.9333333333333333,15,87,41,11.0
STEW,33,within,within_fold0,0,0.1,0.3,50,inf,4,False,4.0,workload,0.7321428571428572,0.8666666666666667,15,100,41,3.0
STEW,33,within,within_fold0,0,0.5,0.3,50,inf,4,False,4.0,workload,0.7321428571428572,0.8666666666666667,15,100,41,7.0
STEW,33,within,within_fold0,0,1.0,0.3,50,inf,4,False,4.0,workload,0.6017699115044248,0.8,15,100,41,7.0
STEW,33,within,within_fold0,0,2.0,0.3,50,inf,4,False,4.0,workload,0.5945945945945946,0.8,15,100,41,9.0
STEW,33,within,within_fold0,1,0.1,0.3,50,inf,4,False,4.0,workload,0.7272727272727273,0.8666666666666667,15,100,41,12.0
STEW,33,within,within_fold0,1,0.5,0.3,50,inf,4,False,4.0,workload,0.7272727272727273,0.8666666666666667,15,100,41,12.0
STEW,33,within,within_fold0,1,1.0,0.3,50,inf,4,False,4.0,workload,1.0,1.0,15,100,41,12.0
STEW,33,within,within_fold0,1,2.0,0.3,50,inf,4,False,4.0,workload,0.5871559633027523,0.8,15,100,41,10.0
STEW,33,within,within_fold0,2,0.1,0.3,50,inf,4,False,4.0,workload,0.8672566371681416,0.9333333333333333,15,94,41,2.0
STEW,33,within,within_fold0,2,0.5,0.3,50,inf,4,False,4.0,workload,0.8672566371681416,0.9333333333333333,15,94,41,7.0
STEW,33,within,within_fold0,2,1.0,0.3,50,inf,4,False,4.0,workload,0.8648648648648649,0.9333333333333333,15,94,41,7.0
STEW,33,within,within_fold0,2,2.0,0.3,50,inf,4,False,4.0,workload,0.5871559633027523,0.8,15,94,41,7.0
STEW,33,within,within_fold0,3,0.1,0.3,50,inf,4,False,4.0,workload,1.0,1.0,15,82,41,5.0
STEW,33,within,within_fold0,3,0.5,0.3,50,inf,4,False,4.0,workload,0.8648648648648649,0.9333333333333333,15,82,41,3.0
STEW,33,within,within_fold0,3,1.0,0.3,50,inf,4,False,4.0,workload,0.8648648648648649,0.9333333333333333,15,82,41,4.0
STEW,33,within,within_fold0,3,2.0,0.3,50,inf,4,False,4.0,workload,0.7272727272727273,0.8666666666666667,15,82,41,4.0
STEW,33,within,within_fold0,42,0.1,0.3,50,inf,4,False,4.0,workload,1.0,1.0,15,99,41,6.0
STEW,33,within,within_fold0,42,0.5,0.3,50,inf,4,False,4.0,workload,0.7272727272727273,0.8666666666666667,15,99,41,8.0
STEW,33,within,within_fold0,42,1.0,0.3,50,inf,4,False,4.0,workload,0.6017699115044248,0.8,15,99,41,5.0
STEW,33,within,within_fold0,42,2.0,0.3,50,inf,4,False,4.0,workload,0.7272727272727273,0.8666666666666667,15,99,41,6.0
STEW,34,within,within_fold0,0,0.1,0.3,50,inf,4,False,4.0,workload,0.7321428571428572,0.8666666666666667,15,62,41,10.0
STEW,34,within,within_fold0,0,0.5,0.3,50,inf,4,False,4.0,workload,0.7321428571428572,0.8666666666666667,15,62,41,15.0
STEW,34,within,within_fold0,0,1.0,0.3,50,inf,4,False,4.0,workload,0.7321428571428572,0.8666666666666667,15,62,33,13.0
STEW,34,within,within_fold0,0,2.0,0.3,50,inf,4,False,4.0,workload,0.7321428571428572,0.8666666666666667,15,62,28,9.0
STEW,34,within,within_fold0,1,0.1,0.3,50,inf,4,False,4.0,workload,0.16666666666666663,0.6,15,100,41,8.0
STEW,34,within,within_fold0,1,0.5,0.3,50,inf,4,False,4.0,workload,0.16666666666666663,0.6,15,100,41,7.0
STEW,34,within,within_fold0,1,1.0,0.3,50,inf,4,False,4.0,workload,0.2990654205607476,0.6666666666666666,15,100,41,7.0
STEW,34,within,within_fold0,1,2.0,0.3,50,inf,4,False,4.0,workload,0.2990654205607476,0.6666666666666666,15,100,41,7.0
STEW,34,within,within_fold0,2,0.1,0.3,50,inf,4,False,4.0,workload,0.7321428571428572,0.8666666666666667,15,82,41,9.0
STEW,34,within,within_fold0,2,0.5,0.3,50,inf,4,False,4.0,workload,0.8648648648648649,0.9333333333333333,15,82,41,12.0
STEW,34,within,within_fold0,2,1.0,0.3,50,inf,4,False,4.0,workload,0.6017699115044248,0.8,15,82,41,10.0
STEW,34,within,within_fold0,2,2.0,0.3,50,inf,4,False,4.0,workload,0.5945945945945946,0.8,15,82,41,10.0
STEW,34,within,within_fold0,3,0.1,0.3,50,inf,4,False,4.0,workload,0.5945945945945946,0.8,15,73,41,4.0
STEW,34,within,within_fold0,3,0.5,0.3,50,inf,4,False,4.0,workload,0.5945945945945946,0.8,15,73,41,6.0
STEW,34,within,within_fold0,3,1.0,0.3,50,inf,4,False,4.0,workload,0.7321428571428572,0.8666666666666667,15,73,41,17.0
STEW,34,within,within_fold0,3,2.0,0.3,50,inf,4,False,4.0,workload,0.7272727272727273,0.8666666666666667,15,73,41,14.0
STEW,34,within,within_fold0,42,0.1,0.3,50,inf,4,False,4.0,workload,0.22413793103448265,0.6,15,49,41,6.0
STEW,34,within,within_fold0,42,0.5,0.3,50,inf,4,False,4.0,workload,0.22413793103448265,0.6,15,49,23,4.0
STEW,34,within,within_fold0,42,1.0,0.3,50,inf,4,False,4.0,workload,0.22413793103448265,0.6,15,49,28,4.0
STEW,34,within,within_fold0,42,2.0,0.3,50,inf,4,False,4.0,workload,0.22413793103448265,0.6,15,49,31,6.0
STEW,35,within,within_fold0,0,0.1,0.3,50,inf,4,False,4.0,workload,0.5871559633027523,0.8,15,96,41,10.0
STEW,35,within,within_fold0,0,0.5,0.3,50,inf,4,False,4.0,workload,0.4444444444444444,0.7333333333333333,15,96,41,9.0
STEW,35,within,within_fold0,0,1.0,0.3,50,inf,4,False,4.0,workload,0.5871559633027523,0.8,15,96,41,11.0
STEW,35,within,within_fold0,0,2.0,0.3,50,inf,4,False,4.0,workload,0.3119266055045873,0.6666666666666666,15,96,41,12.0
STEW,35,within,within_fold0,1,0.1,0.3,50,inf,4,False,4.0,workload,0.8648648648648649,0.9333333333333333,15,83,41,5.0
STEW,35,within,within_fold0,1,0.5,0.3,50,inf,4,False,4.0,workload,0.8648648648648649,0.9333333333333333,15,83,41,9.0
STEW,35,within,within_fold0,1,1.0,0.3,50,inf,4,False,4.0,workload,0.4444444444444444,0.7333333333333333,15,83,41,10.0
STEW,35,within,within_fold0,1,2.0,0.3,50,inf,4,False,4.0,workload,1.0,1.0,15,83,41,9.0
STEW,35,within,within_fold0,2,0.1,0.3,50,inf,4,False,4.0,workload,0.8672566371681416,0.9333333333333333,15,100,41,5.0
STEW,35,within,within_fold0,2,0.5,0.3,50,inf,4,False,4.0,workload,0.8672566371681416,0.9333333333333333,15,100,31,3.0
STEW,35,within,within_fold0,2,1.0,0.3,50,inf,4,False,4.0,workload,0.8672566371681416,0.9333333333333333,15,100,33,3.0
STEW,35,within,within_fold0,2,2.0,0.3,50,inf,4,False,4.0,workload,0.8672566371681416,0.9333333333333333,15,100,36,3.0
STEW,35,within,within_fold0,3,0.1,0.3,50,inf,4,False,4.0,workload,0.7272727272727273,0.8666666666666667,15,94,41,3.0
STEW,35,within,within_fold0,3,0.5,0.3,50,inf,4,False,4.0,workload,0.7272727272727273,0.8666666666666667,15,94,41,4.0
STEW,35,within,within_fold0,3,1.0,0.3,50,inf,4,False,4.0,workload,0.7272727272727273,0.8666666666666667,15,94,41,6.0
STEW,35,within,within_fold0,3,2.0,0.3,50,inf,4,False,4.0,workload,0.8648648648648649,0.9333333333333333,15,94,41,6.0
STEW,35,within,within_fold0,42,0.1,0.3,50,inf,4,False,4.0,workload,1.0,1.0,15,94,16,2.0
STEW,35,within,within_fold0,42,0.5,0.3,50,inf,4,False,4.0,workload,1.0,1.0,15,94,23,1.0
STEW,35,within,within_fold0,42,1.0,0.3,50,inf,4,False,4.0,workload,1.0,1.0,15,94,23,1.0
STEW,35,within,within_fold0,42,2.0,0.3,50,inf,4,False,4.0,workload,1.0,1.0,15,94,23,1.0
STEW,36,within,within_fold0,0,0.1,0.3,50,inf,4,False,4.0,workload,1.0,1.0,15,90,41,8.0
STEW,36,within,within_fold0,0,0.5,0.3,50,inf,4,False,4.0,workload,1.0,1.0,15,90,41,13.0
STEW,36,within,within_fold0,0,1.0,0.3,50,inf,4,False,4.0,workload,0.7321428571428572,0.8666666666666667,15,90,41,10.0
STEW,36,within,within_fold0,0,2.0,0.3,50,inf,4,False,4.0,workload,0.16666666666666663,0.6,15,90,41,10.0
STEW,36,within,within_fold0,1,0.1,0.3,50,inf,4,False,4.0,workload,0.8672566371681416,0.9333333333333333,15,78,41,3.0
STEW,36,within,within_fold0,1,0.5,0.3,50,inf,4,False,4.0,workload,0.5871559633027523,0.8,15,78,41,7.0
STEW,36,within,within_fold0,1,1.0,0.3,50,inf,4,False,4.0,workload,0.5871559633027523,0.8,15,78,41,10.0
STEW,36,within,within_fold0,1,2.0,0.3,50,inf,4,False,4.0,workload,0.5871559633027523,0.8,15,78,41,5.0
STEW,36,within,within_fold0,2,0.1,0.3,50,inf,4,False,4.0,workload,0.8672566371681416,0.9333333333333333,15,100,41,11.0
STEW,36,within,within_fold0,2,0.5,0.3,50,inf,4,False,4.0,workload,0.4736842105263158,0.7333333333333333,15,100,41,10.0
STEW,36,within,within_fold0,2,1.0,0.3,50,inf,4,False,4.0,workload,0.5945945945945946,0.8,15,100,41,10.0
STEW,36,within,within_fold0,2,2.0,0.3,50,inf,4,False,4.0,workload,0.3119266055045873,0.6666666666666666,15,100,41,8.0
STEW,36,within,within_fold0,3,0.1,0.3,50,inf,4,False,4.0,workload,0.5871559633027523,0.8,15,91,41,17.0
STEW,36,within,within_fold0,3,0.5,0.3,50,inf,4,False,4.0,workload,0.7321428571428572,0.8666666666666667,15,91,41,12.0
STEW,36,within,within_fold0,3,1.0,0.3,50,inf,4,False,4.0,workload,0.15094339622641506,0.6,15,91,41,17.0
STEW,36,within,within_fold0,3,2.0,0.3,50,inf,4,False,4.0,workload,0.4444444444444444,0.7333333333333333,15,91,41,17.0
STEW,36,within,within_fold0,42,0.1,0.3,50,inf,4,False,4.0,workload,0.4642857142857143,0.7333333333333333,15,100,41,7.0
STEW,36,within,within_fold0,42,0.5,0.3,50,inf,4,False,4.0,workload,0.4642857142857143,0.7333333333333333,15,100,41,10.0
STEW,36,within,within_fold0,42,1.0,0.3,50,inf,4,False,4.0,workload,0.7321428571428572,0.8666666666666667,15,100,41,12.0
STEW,36,within,within_fold0,42,2.0,0.3,50,inf,4,False,4.0,workload,0.5871559633027523,0.8,15,100,41,7.0
STEW,37,within,within_fold0,0,0.1,0.3,50,inf,4,False,4.0,workload,1.0,1.0,15,100,41,1.0
STEW,37,within,within_fold0,0,0.5,0.3,50,inf,4,False,4.0,workload,0.4444444444444444,0.7333333333333333,15,100,41,5.0
STEW,37,within,within_fold0,0,1.0,0.3,50,inf,4,False,4.0,workload,1.0,1.0,15,100,41,1.0
STEW,37,within,within_fold0,0,2.0,0.3,50,inf,4,False,4.0,workload,1.0,1.0,15,100,41,1.0
STEW,37,within,within_fold0,1,0.1,0.3,50,inf,4,False,4.0,workload,0.8648648648648649,0.9333333333333333,15,100,41,3.0
STEW,37,within,within_fold0,1,0.5,0.3,50,inf,4,False,4.0,workload,1.0,1.0,15,100,41,3.0
STEW,37,within,within_fold0,1,1.0,0.3,50,inf,4,False,4.0,workload,1.0,1.0,15,100,41,4.0
STEW,37,within,within_fold0,1,2.0,0.3,50,inf,4,False,4.0,workload,1.0,1.0,15,100,41,4.0
STEW,37,within,within_fold0,2,0.1,0.3,50,inf,4,False,4.0,workload,1.0,1.0,15,100,41,4.0
STEW,37,within,within_fold0,2,0.5,0.3,50,inf,4,False,4.0,workload,1.0,1.0,15,100,41,1.0
STEW,37,within,within_fold0,2,1.0,0.3,50,inf,4,False,4.0,workload,0.8672566371681416,0.9333333333333333,15,100,41,2.0
STEW,37,within,within_fold0,2,2.0,0.3,50,inf,4,False,4.0,workload,0.8648648648648649,0.9333333333333333,15,100,41,3.0
STEW,37,within,within_fold0,3,0.1,0.3,50,inf,4,False,4.0,workload,0.8648648648648649,0.9333333333333333,15,88,41,1.0
STEW,37,within,within_fold0,3,0.5,0.3,50,inf,4,False,4.0,workload,1.0,1.0,15,88,41,1.0
STEW,37,within,within_fold0,3,1.0,0.3,50,inf,4,False,4.0,workload,0.8672566371681416,0.9333333333333333,15,88,41,5.0
STEW,37,within,within_fold0,3,2.0,0.3,50,inf,4,False,4.0,workload,1.0,1.0,15,88,41,3.0
STEW,37,within,within_fold0,42,0.1,0.3,50,inf,4,False,4.0,workload,1.0,1.0,15,100,41,4.0
STEW,37,within,within_fold0,42,0.5,0.3,50,inf,4,False,4.0,workload,0.6086956521739131,0.8,15,100,41,1.0
STEW,37,within,within_fold0,42,1.0,0.3,50,inf,4,False,4.0,workload,0.6086956521739131,0.8,15,100,41,1.0
STEW,37,within,within_fold0,42,2.0,0.3,50,inf,4,False,4.0,workload,0.8672566371681416,0.9333333333333333,15,100,41,2.0
STEW,38,within,within_fold0,0,0.1,0.3,50,inf,4,False,4.0,workload,0.736842105263158,0.8666666666666667,15,100,41,5.0
STEW,38,within,within_fold0,0,0.5,0.3,50,inf,4,False,4.0,workload,0.7321428571428572,0.8666666666666667,15,100,41,4.0
STEW,38,within,within_fold0,0,1.0,0.3,50,inf,4,False,4.0,workload,0.7272727272727273,0.8666666666666667,15,100,41,6.0
STEW,38,within,within_fold0,0,2.0,0.3,50,inf,4,False,4.0,workload,0.8672566371681416,0.9333333333333333,15,100,41,8.0
STEW,38,within,within_fold0,1,0.1,0.3,50,inf,4,False,4.0,workload,0.8672566371681416,0.9333333333333333,15,100,41,4.0
STEW,38,within,within_fold0,1,0.5,0.3,50,inf,4,False,4.0,workload,0.8648648648648649,0.9333333333333333,15,100,41,5.0
STEW,38,within,within_fold0,1,1.0,0.3,50,inf,4,False,4.0,workload,1.0,1.0,15,100,41,6.0
STEW,38,within,within_fold0,1,2.0,0.3,50,inf,4,False,4.0,workload,0.8672566371681416,0.9333333333333333,15,100,41,2.0
STEW,38,within,within_fold0,2,0.1,0.3,50,inf,4,False,4.0,workload,0.736842105263158,0.8666666666666667,15,100,41,3.0
STEW,38,within,within_fold0,2,0.5,0.3,50,inf,4,False,4.0,workload,1.0,1.0,15,100,31,5.0
STEW,38,within,within_fold0,2,1.0,0.3,50,inf,4,False,4.0,workload,1.0,1.0,15,100,31,3.0
STEW,38,within,within_fold0,2,2.0,0.3,50,inf,4,False,4.0,workload,1.0,1.0,15,100,28,2.0
STEW,38,within,within_fold0,3,0.1,0.3,50,inf,4,False,4.0,workload,0.8648648648648649,0.9333333333333333,15,86,41,5.0
STEW,38,within,within_fold0,3,0.5,0.3,50,inf,4,False,4.0,workload,0.8648648648648649,0.9333333333333333,15,86,41,3.0
STEW,38,within,within_fold0,3,1.0,0.3,50,inf,4,False,4.0,workload,0.8648648648648649,0.9333333333333333,15,86,41,9.0
STEW,38,within,within_fold0,3,2.0,0.3,50,inf,4,False,4.0,workload,1.0,1.0,15,86,41,9.0
STEW,38,within,within_fold0,42,0.1,0.3,50,inf,4,False,4.0,workload,0.8672566371681416,0.9333333333333333,15,100,41,0.0
STEW,38,within,within_fold0,42,0.5,0.3,50,inf,4,False,4.0,workload,0.7272727272727273,0.8666666666666667,15,100,41,5.0
STEW,38,within,within_fold0,42,1.0,0.3,50,inf,4,False,4.0,workload,1.0,1.0,15,100,41,5.0
STEW,38,within,within_fold0,42,2.0,0.3,50,inf,4,False,4.0,workload,0.736842105263158,0.8666666666666667,15,100,41,6.0
STEW,39,within,within_fold0,0,0.1,0.3,50,inf,4,False,4.0,workload,1.0,1.0,15,86,41,4.0
STEW,39,within,within_fold0,0,0.5,0.3,50,inf,4,False,4.0,workload,1.0,1.0,15,86,33,4.0
STEW,39,within,within_fold0,0,1.0,0.3,50,inf,4,False,4.0,workload,1.0,1.0,15,86,31,4.0
STEW,39,within,within_fold0,0,2.0,0.3,50,inf,4,False,4.0,workload,1.0,1.0,15,86,28,5.0
STEW,39,within,within_fold0,1,0.1,0.3,50,inf,4,False,4.0,workload,0.8672566371681416,0.9333333333333333,15,99,41,6.0
STEW,39,within,within_fold0,1,0.5,0.3,50,inf,4,False,4.0,workload,0.8672566371681416,0.9333333333333333,15,99,36,5.0
STEW,39,within,within_fold0,1,1.0,0.3,50,inf,4,False,4.0,workload,0.8672566371681416,0.9333333333333333,15,99,31,8.0
STEW,39,within,within_fold0,1,2.0,0.3,50,inf,4,False,4.0,workload,0.8672566371681416,0.9333333333333333,15,99,31,7.0
STEW,39,within,within_fold0,2,0.1,0.3,50,inf,4,False,4.0,workload,0.22413793103448265,0.6,15,89,41,10.0
STEW,39,within,within_fold0,2,0.5,0.3,50,inf,4,False,4.0,workload,0.11764705882352944,0.5333333333333333,15,89,41,9.0
STEW,39,within,within_fold0,2,1.0,0.3,50,inf,4,False,4.0,workload,0.08695652173913038,0.5333333333333333,15,89,41,10.0
STEW,39,within,within_fold0,2,2.0,0.3,50,inf,4,False,4.0,workload,0.6086956521739131,0.8,15,89,41,9.0
STEW,39,within,within_fold0,3,0.1,0.3,50,inf,4,False,4.0,workload,0.05405405405405406,0.5333333333333333,15,73,41,14.0
STEW,39,within,within_fold0,3,0.5,0.3,50,inf,4,False,4.0,workload,0.8672566371681416,0.9333333333333333,15,73,41,11.0
STEW,39,within,within_fold0,3,1.0,0.3,50,inf,4,False,4.0,workload,0.18181818181818188,0.6,15,73,41,7.0
STEW,39,within,within_fold0,3,2.0,0.3,50,inf,4,False,4.0,workload,0.4444444444444444,0.7333333333333333,15,73,41,12.0
STEW,39,within,within_fold0,42,0.1,0.3,50,inf,4,False,4.0,workload,0.6017699115044248,0.8,15,92,41,9.0
STEW,39,within,within_fold0,42,0.5,0.3,50,inf,4,False,4.0,workload,0.35897435897435903,0.6666666666666666,15,92,41,9.0
STEW,39,within,within_fold0,42,1.0,0.3,50,inf,4,False,4.0,workload,0.6086956521739131,0.8,15,92,41,12.0
STEW,39,within,within_fold0,42,2.0,0.3,50,inf,4,False,4.0,workload,0.48275862068965514,0.7333333333333333,15,92,41,14.0
STEW,40,within,within_fold0,0,0.1,0.3,50,inf,4,False,4.0,workload,1.0,1.0,15,100,41,1.0
STEW,40,within,within_fold0,0,0.5,0.3,50,inf,4,False,4.0,workload,1.0,1.0,15,100,41,5.0
STEW,40,within,within_fold0,0,1.0,0.3,50,inf,4,False,4.0,workload,1.0,1.0,15,100,41,2.0
STEW,40,within,within_fold0,0,2.0,0.3,50,inf,4,False,4.0,workload,1.0,1.0,15,100,41,4.0
STEW,40,within,within_fold0,1,0.1,0.3,50,inf,4,False,4.0,workload,1.0,1.0,15,92,41,3.0
STEW,40,within,within_fold0,1,0.5,0.3,50,inf,4,False,4.0,workload,0.7321428571428572,0.8666666666666667,15,92,41,2.0
STEW,40,within,within_fold0,1,1.0,0.3,50,inf,4,False,4.0,workload,0.7321428571428572,0.8666666666666667,15,92,41,2.0
STEW,40,within,within_fold0,1,2.0,0.3,50,inf,4,False,4.0,workload,0.7321428571428572,0.8666666666666667,15,92,41,2.0
STEW,40,within,within_fold0,2,0.1,0.3,50,inf,4,False,4.0,workload,1.0,1.0,15,100,41,2.0
STEW,40,within,within_fold0,2,0.5,0.3,50,inf,4,False,4.0,workload,1.0,1.0,15,100,41,1.0
STEW,40,within,within_fold0,2,1.0,0.3,50,inf,4,False,4.0,workload,1.0,1.0,15,100,41,1.0
STEW,40,within,within_fold0,2,2.0,0.3,50,inf,4,False,4.0,workload,0.48275862068965514,0.7333333333333333,15,100,41,1.0
STEW,40,within,within_fold0,3,0.1,0.3,50,inf,4,False,4.0,workload,1.0,1.0,15,96,41,3.0
STEW,40,within,within_fold0,3,0.5,0.3,50,inf,4,False,4.0,workload,1.0,1.0,15,96,41,4.0
STEW,40,within,within_fold0,3,1.0,0.3,50,inf,4,False,4.0,workload,0.7272727272727273,0.8666666666666667,15,96,41,3.0
STEW,40,within,within_fold0,3,2.0,0.3,50,inf,4,False,4.0,workload,0.7272727272727273,0.8666666666666667,15,96,41,3.0
STEW,40,within,within_fold0,42,0.1,0.3,50,inf,4,False,4.0,workload,1.0,1.0,15,100,41,1.0
STEW,40,within,within_fold0,42,0.5,0.3,50,inf,4,False,4.0,workload,1.0,1.0,15,100,41,1.0
STEW,40,within,within_fold0,42,1.0,0.3,50,inf,4,False,4.0,workload,1.0,1.0,15,100,41,1.0
STEW,40,within,within_fold0,42,2.0,0.3,50,inf,4,False,4.0,workload,1.0,1.0,15,100,41,1.0
STEW,41,within,within_fold0,0,0.1,0.3,50,inf,4,False,4.0,workload,1.0,1.0,15,100,41,0.0
STEW,41,within,within_fold0,0,0.5,0.3,50,inf,4,False,4.0,workload,1.0,1.0,15,100,26,0.0
STEW,41,within,within_fold0,0,1.0,0.3,50,inf,4,False,4.0,workload,1.0,1.0,15,100,26,0.0
STEW,41,within,within_fold0,0,2.0,0.3,50,inf,4,False,4.0,workload,1.0,1.0,15,100,26,0.0
STEW,41,within,within_fold0,1,0.1,0.3,50,inf,4,False,4.0,workload,1.0,1.0,15,100,41,0.0
STEW,41,within,within_fold0,1,0.5,0.3,50,inf,4,False,4.0,workload,1.0,1.0,15,100,41,0.0
STEW,41,within,within_fold0,1,1.0,0.3,50,inf,4,False,4.0,workload,1.0,1.0,15,100,41,0.0
STEW,41,within,within_fold0,1,2.0,0.3,50,inf,4,False,4.0,workload,1.0,1.0,15,100,41,0.0
STEW,41,within,within_fold0,2,0.1,0.3,50,inf,4,False,4.0,workload,1.0,1.0,15,100,28,0.0
STEW,41,within,within_fold0,2,0.5,0.3,50,inf,4,False,4.0,workload,1.0,1.0,15,100,26,0.0
STEW,41,within,within_fold0,2,1.0,0.3,50,inf,4,False,4.0,workload,1.0,1.0,15,100,26,0.0
STEW,41,within,within_fold0,2,2.0,0.3,50,inf,4,False,4.0,workload,1.0,1.0,15,100,26,0.0
STEW,41,within,within_fold0,3,0.1,0.3,50,inf,4,False,4.0,workload,1.0,1.0,15,100,41,0.0
STEW,41,within,within_fold0,3,0.5,0.3,50,inf,4,False,4.0,workload,1.0,1.0,15,100,41,0.0
STEW,41,within,within_fold0,3,1.0,0.3,50,inf,4,False,4.0,workload,1.0,1.0,15,100,41,0.0
STEW,41,within,within_fold0,3,2.0,0.3,50,inf,4,False,4.0,workload,1.0,1.0,15,100,41,0.0
STEW,41,within,within_fold0,42,0.1,0.3,50,inf,4,False,4.0,workload,1.0,1.0,15,100,41,0.0
STEW,41,within,within_fold0,42,0.5,0.3,50,inf,4,False,4.0,workload,1.0,1.0,15,100,26,0.0
STEW,41,within,within_fold0,42,1.0,0.3,50,inf,4,False,4.0,workload,1.0,1.0,15,100,26,0.0
STEW,41,within,within_fold0,42,2.0,0.3,50,inf,4,False,4.0,workload,1.0,1.0,15,100,26,0.0
STEW,43,within,within_fold0,0,0.1,0.3,50,inf,4,False,4.0,workload,1.0,1.0,15,83,41,1.0
STEW,43,within,within_fold0,0,0.5,0.3,50,inf,4,False,4.0,workload,1.0,1.0,15,83,38,8.0
STEW,43,within,within_fold0,0,1.0,0.3,50,inf,4,False,4.0,workload,1.0,1.0,15,83,28,6.0
STEW,43,within,within_fold0,0,2.0,0.3,50,inf,4,False,4.0,workload,1.0,1.0,15,83,28,7.0
STEW,43,within,within_fold0,1,0.1,0.3,50,inf,4,False,4.0,workload,0.8648648648648649,0.9333333333333333,15,67,41,4.0
STEW,43,within,within_fold0,1,0.5,0.3,50,inf,4,False,4.0,workload,0.4642857142857143,0.7333333333333333,15,67,41,6.0
STEW,43,within,within_fold0,1,1.0,0.3,50,inf,4,False,4.0,workload,0.4642857142857143,0.7333333333333333,15,67,41,6.0
STEW,43,within,within_fold0,1,2.0,0.3,50,inf,4,False,4.0,workload,0.4642857142857143,0.7333333333333333,15,67,41,7.0
STEW,43,within,within_fold0,2,0.1,0.3,50,inf,4,False,4.0,workload,0.8672566371681416,0.9333333333333333,15,94,41,4.0
STEW,43,within,within_fold0,2,0.5,0.3,50,inf,4,False,4.0,workload,0.5945945945945946,0.8,15,94,41,4.0
STEW,43,within,within_fold0,2,1.0,0.3,50,inf,4,False,4.0,workload,1.0,1.0,15,94,41,5.0
STEW,43,within,within_fold0,2,2.0,0.3,50,inf,4,False,4.0,workload,0.21052631578947367,0.6,15,94,41,7.0
STEW,43,within,within_fold0,3,0.1,0.3,50,inf,4,False,4.0,workload,0.5945945945945946,0.8,15,65,41,4.0
STEW,43,within,within_fold0,3,0.5,0.3,50,inf,4,False,4.0,workload,0.5945945945945946,0.8,15,65,41,11.0
STEW,43,within,within_fold0,3,1.0,0.3,50,inf,4,False,4.0,workload,0.03669724770642213,0.5333333333333333,15,65,41,12.0
STEW,43,within,within_fold0,3,2.0,0.3,50,inf,4,False,4.0,workload,0.03669724770642213,0.5333333333333333,15,65,41,7.0
STEW,43,within,within_fold0,42,0.1,0.3,50,inf,4,False,4.0,workload,0.8648648648648649,0.9333333333333333,15,76,41,8.0
STEW,43,within,within_fold0,42,0.5,0.3,50,inf,4,False,4.0,workload,0.8648648648648649,0.9333333333333333,15,76,41,7.0
STEW,43,within,within_fold0,42,1.0,0.3,50,inf,4,False,4.0,workload,0.8672566371681416,0.9333333333333333,15,76,41,10.0
STEW,43,within,within_fold0,42,2.0,0.3,50,inf,4,False,4.0,workload,0.34782608695652173,0.6666666666666666,15,76,41,9.0
STEW,44,within,within_fold0,0,0.1,0.3,50,inf,4,False,4.0,workload,0.736842105263158,0.8666666666666667,15,100,41,7.0
STEW,44,within,within_fold0,0,0.5,0.3,50,inf,4,False,4.0,workload,1.0,1.0,15,100,41,5.0
STEW,44,within,within_fold0,0,1.0,0.3,50,inf,4,False,4.0,workload,0.8672566371681416,0.9333333333333333,15,100,41,3.0
STEW,44,within,within_fold0,0,2.0,0.3,50,inf,4,False,4.0,workload,0.8672566371681416,0.9333333333333333,15,100,41,3.0
STEW,44,within,within_fold0,1,0.1,0.3,50,inf,4,False,4.0,workload,1.0,1.0,15,86,41,4.0
STEW,44,within,within_fold0,1,0.5,0.3,50,inf,4,False,4.0,workload,1.0,1.0,15,86,41,9.0
STEW,44,within,within_fold0,1,1.0,0.3,50,inf,4,False,4.0,workload,0.736842105263158,0.8666666666666667,15,86,41,10.0
STEW,44,within,within_fold0,1,2.0,0.3,50,inf,4,False,4.0,workload,1.0,1.0,15,86,41,12.0
STEW,44,within,within_fold0,2,0.1,0.3,50,inf,4,False,4.0,workload,0.8672566371681416,0.9333333333333333,15,96,41,3.0
STEW,44,within,within_fold0,2,0.5,0.3,50,inf,4,False,4.0,workload,0.8672566371681416,0.9333333333333333,15,96,41,5.0
STEW,44,within,within_fold0,2,1.0,0.3,50,inf,4,False,4.0,workload,0.4642857142857143,0.7333333333333333,15,96,41,4.0
STEW,44,within,within_fold0,2,2.0,0.3,50,inf,4,False,4.0,workload,0.8672566371681416,0.9333333333333333,15,96,41,4.0
STEW,44,within,within_fold0,3,0.1,0.3,50,inf,4,False,4.0,workload,0.5871559633027523,0.8,15,89,41,6.0
STEW,44,within,within_fold0,3,0.5,0.3,50,inf,4,False,4.0,workload,0.4545454545454546,0.7333333333333333,15,89,41,4.0
STEW,44,within,within_fold0,3,1.0,0.3,50,inf,4,False,4.0,workload,0.8648648648648649,0.9333333333333333,15,89,41,12.0
STEW,44,within,within_fold0,3,2.0,0.3,50,inf,4,False,4.0,workload,0.5945945945945946,0.8,15,89,41,9.0
STEW,44,within,within_fold0,42,0.1,0.3,50,inf,4,False,4.0,workload,0.736842105263158,0.8666666666666667,15,100,41,1.0
STEW,44,within,within_fold0,42,0.5,0.3,50,inf,4,False,4.0,workload,0.4736842105263158,0.7333333333333333,15,100,41,6.0
STEW,44,within,within_fold0,42,1.0,0.3,50,inf,4,False,4.0,workload,0.6086956521739131,0.8,15,100,41,8.0
STEW,44,within,within_fold0,42,2.0,0.3,50,inf,4,False,4.0,workload,1.0,1.0,15,100,41,6.0
STEW,45,within,within_fold0,0,0.1,0.3,50,inf,4,False,4.0,workload,1.0,1.0,15,100,41,1.0
STEW,45,within,within_fold0,0,0.5,0.3,50,inf,4,False,4.0,workload,1.0,1.0,15,100,41,0.0
STEW,45,within,within_fold0,0,1.0,0.3,50,inf,4,False,4.0,workload,1.0,1.0,15,100,41,1.0
STEW,45,within,within_fold0,0,2.0,0.3,50,inf,4,False,4.0,workload,1.0,1.0,15,100,41,2.0
STEW,45,within,within_fold0,1,0.1,0.3,50,inf,4,False,4.0,workload,1.0,1.0,15,100,41,2.0
STEW,45,within,within_fold0,1,0.5,0.3,50,inf,4,False,4.0,workload,0.8648648648648649,0.9333333333333333,15,100,41,4.0
STEW,45,within,within_fold0,1,1.0,0.3,50,inf,4,False,4.0,workload,0.8648648648648649,0.9333333333333333,15,100,41,3.0
STEW,45,within,within_fold0,1,2.0,0.3,50,inf,4,False,4.0,workload,1.0,1.0,15,100,41,3.0
STEW,45,within,within_fold0,2,0.1,0.3,50,inf,4,False,4.0,workload,0.736842105263158,0.8666666666666667,15,100,41,3.0
STEW,45,within,within_fold0,2,0.5,0.3,50,inf,4,False,4.0,workload,0.5945945945945946,0.8,15,100,41,4.0
STEW,45,within,within_fold0,2,1.0,0.3,50,inf,4,False,4.0,workload,0.8648648648648649,0.9333333333333333,15,100,41,2.0
STEW,45,within,within_fold0,2,2.0,0.3,50,inf,4,False,4.0,workload,0.8648648648648649,0.9333333333333333,15,100,41,2.0
STEW,45,within,within_fold0,3,0.1,0.3,50,inf,4,False,4.0,workload,0.8648648648648649,0.9333333333333333,15,100,41,3.0
STEW,45,within,within_fold0,3,0.5,0.3,50,inf,4,False,4.0,workload,0.8672566371681416,0.9333333333333333,15,100,41,2.0
STEW,45,within,within_fold0,3,1.0,0.3,50,inf,4,False,4.0,workload,1.0,1.0,15,100,41,3.0
STEW,45,within,within_fold0,3,2.0,0.3,50,inf,4,False,4.0,workload,0.736842105263158,0.8666666666666667,15,100,41,3.0
STEW,45,within,within_fold0,42,0.1,0.3,50,inf,4,False,4.0,workload,1.0,1.0,15,100,41,1.0
STEW,45,within,within_fold0,42,0.5,0.3,50,inf,4,False,4.0,workload,1.0,1.0,15,100,41,1.0
STEW,45,within,within_fold0,42,1.0,0.3,50,inf,4,False,4.0,workload,0.5945945945945946,0.8,15,100,41,4.0
STEW,45,within,within_fold0,42,2.0,0.3,50,inf,4,False,4.0,workload,0.5945945945945946,0.8,15,100,41,4.0
STEW,46,within,within_fold0,0,0.1,0.3,50,inf,4,False,4.0,workload,0.7321428571428572,0.8666666666666667,15,88,41,4.0
STEW,46,within,within_fold0,0,0.5,0.3,50,inf,4,False,4.0,workload,0.7321428571428572,0.8666666666666667,15,88,41,4.0
STEW,46,within,within_fold0,0,1.0,0.3,50,inf,4,False,4.0,workload,0.5871559633027523,0.8,15,88,41,13.0
STEW,46,within,within_fold0,0,2.0,0.3,50,inf,4,False,4.0,workload,0.4642857142857143,0.7333333333333333,15,88,41,9.0
STEW,46,within,within_fold0,1,0.1,0.3,50,inf,4,False,4.0,workload,0.48275862068965514,0.7333333333333333,15,92,41,7.0
STEW,46,within,within_fold0,1,0.5,0.3,50,inf,4,False,4.0,workload,0.48275862068965514,0.7333333333333333,15,92,41,8.0
STEW,46,within,within_fold0,1,1.0,0.3,50,inf,4,False,4.0,workload,0.7272727272727273,0.8666666666666667,15,92,41,8.0
STEW,46,within,within_fold0,1,2.0,0.3,50,inf,4,False,4.0,workload,0.48275862068965514,0.7333333333333333,15,92,41,5.0
STEW,46,within,within_fold0,2,0.1,0.3,50,inf,4,False,4.0,workload,0.0,0.4666666666666667,15,86,41,13.0
STEW,46,within,within_fold0,2,0.5,0.3,50,inf,4,False,4.0,workload,0.6017699115044248,0.8,15,86,41,9.0
STEW,46,within,within_fold0,2,1.0,0.3,50,inf,4,False,4.0,workload,0.6086956521739131,0.8,15,86,41,8.0
STEW,46,within,within_fold0,2,2.0,0.3,50,inf,4,False,4.0,workload,0.0,0.4666666666666667,15,86,41,7.0
STEW,46,within,within_fold0,3,0.1,0.3,50,inf,4,False,4.0,workload,0.2990654205607476,0.6666666666666666,15,90,41,13.0
STEW,46,within,within_fold0,3,0.5,0.3,50,inf,4,False,4.0,workload,0.5871559633027523,0.8,15,90,41,11.0
STEW,46,within,within_fold0,3,1.0,0.3,50,inf,4,False,4.0,workload,0.8648648648648649,0.9333333333333333,15,90,41,11.0
STEW,46,within,within_fold0,3,2.0,0.3,50,inf,4,False,4.0,workload,0.7321428571428572,0.8666666666666667,15,90,41,6.0
STEW,46,within,within_fold0,42,0.1,0.3,50,inf,4,False,4.0,workload,1.0,1.0,15,92,41,7.0
STEW,46,within,within_fold0,42,0.5,0.3,50,inf,4,False,4.0,workload,1.0,1.0,15,92,41,8.0
STEW,46,within,within_fold0,42,1.0,0.3,50,inf,4,False,4.0,workload,0.4736842105263158,0.7333333333333333,15,92,41,11.0
STEW,46,within,within_fold0,42,2.0,0.3,50,inf,4,False,4.0,workload,0.4642857142857143,0.7333333333333333,15,92,41,14.0
STEW,47,within,within_fold0,0,0.1,0.3,50,inf,4,False,4.0,workload,1.0,1.0,15,61,41,2.0
STEW,47,within,within_fold0,0,0.5,0.3,50,inf,4,False,4.0,workload,0.7272727272727273,0.8666666666666667,15,61,41,8.0
STEW,47,within,within_fold0,0,1.0,0.3,50,inf,4,False,4.0,workload,0.6017699115044248,0.8,15,61,41,7.0
STEW,47,within,within_fold0,0,2.0,0.3,50,inf,4,False,4.0,workload,0.4444444444444444,0.7333333333333333,15,61,41,10.0
STEW,47,within,within_fold0,1,0.1,0.3,50,inf,4,False,4.0,workload,0.3119266055045873,0.6666666666666666,15,86,41,10.0
STEW,47,within,within_fold0,1,0.5,0.3,50,inf,4,False,4.0,workload,0.7272727272727273,0.8666666666666667,15,86,41,9.0
STEW,47,within,within_fold0,1,1.0,0.3,50,inf,4,False,4.0,workload,0.4444444444444444,0.7333333333333333,15,86,41,7.0
STEW,47,within,within_fold0,1,2.0,0.3,50,inf,4,False,4.0,workload,0.3119266055045873,0.6666666666666666,15,86,41,10.0
STEW,47,within,within_fold0,2,0.1,0.3,50,inf,4,False,4.0,workload,0.34782608695652173,0.6666666666666666,15,98,41,6.0
STEW,47,within,within_fold0,2,0.5,0.3,50,inf,4,False,4.0,workload,0.7321428571428572,0.8666666666666667,15,98,41,5.0
STEW,47,within,within_fold0,2,1.0,0.3,50,inf,4,False,4.0,workload,0.8648648648648649,0.9333333333333333,15,98,41,6.0
STEW,47,within,within_fold0,2,2.0,0.3,50,inf,4,False,4.0,workload,0.8648648648648649,0.9333333333333333,15,98,41,12.0
STEW,47,within,within_fold0,3,0.1,0.3,50,inf,4,False,4.0,workload,1.0,1.0,15,77,41,3.0
STEW,47,within,within_fold0,3,0.5,0.3,50,inf,4,False,4.0,workload,0.7272727272727273,0.8666666666666667,15,77,41,10.0
STEW,47,within,within_fold0,3,1.0,0.3,50,inf,4,False,4.0,workload,0.7272727272727273,0.8666666666666667,15,77,41,10.0
STEW,47,within,within_fold0,3,2.0,0.3,50,inf,4,False,4.0,workload,0.5871559633027523,0.8,15,77,41,10.0
STEW,47,within,within_fold0,42,0.1,0.3,50,inf,4,False,4.0,workload,0.6086956521739131,0.8,15,84,36,4.0
STEW,47,within,within_fold0,42,0.5,0.3,50,inf,4,False,4.0,workload,0.33628318584070793,0.6666666666666666,15,84,41,7.0
STEW,47,within,within_fold0,42,1.0,0.3,50,inf,4,False,4.0,workload,0.8672566371681416,0.9333333333333333,15,84,41,6.0
STEW,47,within,within_fold0,42,2.0,0.3,50,inf,4,False,4.0,workload,0.6086956521739131,0.8,15,84,41,8.0
STEW,48,within,within_fold0,0,0.1,0.3,50,inf,4,False,4.0,workload,1.0,1.0,15,100,41,3.0
STEW,48,within,within_fold0,0,0.5,0.3,50,inf,4,False,4.0,workload,0.5871559633027523,0.8,15,100,41,6.0
STEW,48,within,within_fold0,0,1.0,0.3,50,inf,4,False,4.0,workload,0.5871559633027523,0.8,15,100,41,10.0
STEW,48,within,within_fold0,0,2.0,0.3,50,inf,4,False,4.0,workload,0.4444444444444444,0.7333333333333333,15,100,41,8.0
STEW,48,within,within_fold0,1,0.1,0.3,50,inf,4,False,4.0,workload,0.7272727272727273,0.8666666666666667,15,75,41,4.0
STEW,48,within,within_fold0,1,0.5,0.3,50,inf,4,False,4.0,workload,0.7272727272727273,0.8666666666666667,15,75,41,4.0
STEW,48,within,within_fold0,1,1.0,0.3,50,inf,4,False,4.0,workload,0.5945945945945946,0.8,15,75,41,6.0
STEW,48,within,within_fold0,1,2.0,0.3,50,inf,4,False,4.0,workload,0.7321428571428572,0.8666666666666667,15,75,41,5.0
STEW,48,within,within_fold0,2,0.1,0.3,50,inf,4,False,4.0,workload,0.736842105263158,0.8666666666666667,15,100,41,3.0
STEW,48,within,within_fold0,2,0.5,0.3,50,inf,4,False,4.0,workload,0.7321428571428572,0.8666666666666667,15,100,41,3.0
STEW,48,within,within_fold0,2,1.0,0.3,50,inf,4,False,4.0,workload,0.736842105263158,0.8666666666666667,15,100,41,3.0
STEW,48,within,within_fold0,2,2.0,0.3,50,inf,4,False,4.0,workload,0.7272727272727273,0.8666666666666667,15,100,41,3.0
STEW,48,within,within_fold0,3,0.1,0.3,50,inf,4,False,4.0,workload,1.0,1.0,15,88,41,4.0
STEW,48,within,within_fold0,3,0.5,0.3,50,inf,4,False,4.0,workload,0.8648648648648649,0.9333333333333333,15,88,41,4.0
STEW,48,within,within_fold0,3,1.0,0.3,50,inf,4,False,4.0,workload,1.0,1.0,15,88,41,10.0
STEW,48,within,within_fold0,3,2.0,0.3,50,inf,4,False,4.0,workload,1.0,1.0,15,88,41,5.0
STEW,48,within,within_fold0,42,0.1,0.3,50,inf,4,False,4.0,workload,0.8672566371681416,0.9333333333333333,15,96,41,2.0
STEW,48,within,within_fold0,42,0.5,0.3,50,inf,4,False,4.0,workload,1.0,1.0,15,96,41,8.0
STEW,48,within,within_fold0,42,1.0,0.3,50,inf,4,False,4.0,workload,1.0,1.0,15,96,41,8.0
STEW,48,within,within_fold0,42,2.0,0.3,50,inf,4,False,4.0,workload,0.8672566371681416,0.9333333333333333,15,96,41,6.0
