dataset,subject,protocol,fold_name,seed,alpha,calibration_frac,window_size,per_round_cap,n_components,include_riemann_arms,epoch_seconds,context,reward_mode,kappa,accuracy,n_test,n_arms_surviving,stream_rounds_run,final_regret,error
WAUC,1,within,within_fold0,0,0.5,0.3,50,inf,4,False,4.0,workload,balanced,0.25492772667542707,0.631578947368421,171,100,477,159.8260464387116,
WAUC,1,within,within_fold0,1,0.5,0.3,50,inf,4,False,4.0,workload,balanced,0.23297539758053554,0.6140350877192983,171,90,477,159.85866763051072,
WAUC,1,within,within_fold0,2,0.5,0.3,50,inf,4,False,4.0,workload,balanced,0.2929014472777395,0.6491228070175439,171,98,477,168.962945705377,
WAUC,1,within,within_fold0,3,0.5,0.3,50,inf,4,False,4.0,workload,balanced,0.4022258685881429,0.7134502923976608,171,100,477,177.076725774704,
WAUC,1,within,within_fold0,42,0.5,0.3,50,inf,4,False,4.0,workload,balanced,0.4523521457547506,0.7368421052631579,171,100,477,177.5897681548187,
WAUC,2,within,within_fold0,0,0.5,0.3,50,inf,4,False,4.0,workload,balanced,0.7024590163934425,0.8512396694214877,121,100,337,53.41163092355592,
WAUC,2,within,within_fold0,1,0.5,0.3,50,inf,4,False,4.0,workload,balanced,0.7684527063969382,0.8842975206611571,121,100,337,44.66012625389142,
WAUC,2,within,within_fold0,2,0.5,0.3,50,inf,4,False,4.0,workload,balanced,0.7851973235012972,0.8925619834710744,121,100,337,38.84520062262196,
WAUC,2,within,within_fold0,3,0.5,0.3,50,inf,4,False,4.0,workload,balanced,0.9008467631794592,0.9504132231404959,121,100,337,50.204686959529624,
WAUC,2,within,within_fold0,42,0.5,0.3,50,inf,4,False,4.0,workload,balanced,0.6361399671951886,0.8181818181818182,121,100,337,47.33465928744384,
WAUC,3,within,within_fold0,0,0.5,0.3,50,inf,4,False,4.0,workload,balanced,0.11355735805330247,0.6078431372549019,153,64,426,149.68526181670546,
WAUC,3,within,within_fold0,1,0.5,0.3,50,inf,4,False,4.0,workload,balanced,0.34014625914119634,0.6993464052287581,153,72,426,154.04566006675051,
WAUC,3,within,within_fold0,2,0.5,0.3,50,inf,4,False,4.0,workload,balanced,0.38851194348917184,0.7189542483660131,153,72,426,156.52799702327232,
WAUC,3,within,within_fold0,3,0.5,0.3,50,inf,4,False,4.0,workload,balanced,0.38851194348917184,0.7189542483660131,153,76,426,161.97334475915537,
WAUC,3,within,within_fold0,42,0.5,0.3,50,inf,4,False,4.0,workload,balanced,0.5224628771398846,0.7843137254901961,153,80,398,138.92846833844462,
WAUC,4,within,within_fold0,0,0.5,0.3,50,inf,4,False,4.0,workload,balanced,0.3152173913043478,0.657608695652174,184,94,513,160.63843433591416,
WAUC,4,within,within_fold0,1,0.5,0.3,50,inf,4,False,4.0,workload,balanced,0.32608695652173914,0.6630434782608695,184,100,513,167.38343135795088,
WAUC,4,within,within_fold0,2,0.5,0.3,50,inf,4,False,4.0,workload,balanced,0.3804347826086957,0.6902173913043478,184,98,513,159.0804273377008,
WAUC,4,within,within_fold0,3,0.5,0.3,50,inf,4,False,4.0,workload,balanced,0.3152173913043478,0.657608695652174,184,100,513,173.3016751042284,
WAUC,4,within,within_fold0,42,0.5,0.3,50,inf,4,False,4.0,workload,balanced,0.2065217391304348,0.6032608695652174,184,96,513,156.8757519356759,
WAUC,5,within,within_fold0,0,0.5,0.3,50,inf,4,False,4.0,workload,balanced,0.614521300961979,0.8074866310160428,187,100,521,95.24330781871654,
WAUC,5,within,within_fold0,1,0.5,0.3,50,inf,4,False,4.0,workload,balanced,0.5191703331238215,0.7593582887700535,187,100,521,114.60609107420873,
WAUC,5,within,within_fold0,2,0.5,0.3,50,inf,4,False,4.0,workload,balanced,0.5718374356038924,0.786096256684492,187,100,521,114.12282693305667,
WAUC,5,within,within_fold0,3,0.5,0.3,50,inf,4,False,4.0,workload,balanced,0.46436755270394137,0.732620320855615,187,100,521,102.065386611313,
WAUC,5,within,within_fold0,42,0.5,0.3,50,inf,4,False,4.0,workload,balanced,0.5613091491674772,0.7807486631016043,187,100,521,144.92823113071572,
WAUC,6,within,within_fold0,0,0.5,0.3,50,inf,4,False,4.0,workload,balanced,0.4285131433234248,0.7135135135135136,185,100,450,117.75630432053609,
WAUC,6,within,within_fold0,1,0.5,0.3,50,inf,4,False,4.0,workload,balanced,0.48058025269068794,0.7405405405405405,185,100,515,134.1694689971424,
WAUC,6,within,within_fold0,2,0.5,0.3,50,inf,4,False,4.0,workload,balanced,0.3739059400163379,0.6864864864864865,185,100,515,114.90573979309268,
WAUC,6,within,within_fold0,3,0.5,0.3,50,inf,4,False,4.0,workload,balanced,0.44827787848663814,0.7243243243243244,185,100,515,123.06340872673036,
WAUC,6,within,within_fold0,42,0.5,0.3,50,inf,4,False,4.0,workload,balanced,0.1890233210590917,0.5945945945945946,185,100,515,136.9167718925143,
WAUC,7,within,within_fold0,0,0.5,0.3,50,inf,4,False,4.0,workload,balanced,0.3721474546518432,0.6864864864864865,185,100,517,150.69001979181942,
WAUC,7,within,within_fold0,1,0.5,0.3,50,inf,4,False,4.0,workload,balanced,0.33441462695370094,0.6702702702702703,185,100,517,171.61083785368723,
WAUC,7,within,within_fold0,2,0.5,0.3,50,inf,4,False,4.0,workload,balanced,0.38170624450307833,0.6918918918918919,185,100,437,157.04156282070088,
WAUC,7,within,within_fold0,3,0.5,0.3,50,inf,4,False,4.0,workload,balanced,0.5432098765432098,0.772972972972973,185,100,517,181.80039217123607,
WAUC,7,within,within_fold0,42,0.5,0.3,50,inf,4,False,4.0,workload,balanced,0.2311969563944981,0.6162162162162163,185,100,517,187.9812967306849,
WAUC,8,within,within_fold0,0,0.5,0.3,50,inf,4,False,4.0,workload,balanced,0.3152173913043478,0.657608695652174,184,100,512,188.97135605240567,
WAUC,8,within,within_fold0,1,0.5,0.3,50,inf,4,False,4.0,workload,balanced,0.4565217391304348,0.7282608695652174,184,100,512,166.00670374379447,
WAUC,8,within,within_fold0,2,0.5,0.3,50,inf,4,False,4.0,workload,balanced,0.44565217391304346,0.7228260869565217,184,100,512,168.116009107536,
WAUC,8,within,within_fold0,3,0.5,0.3,50,inf,4,False,4.0,workload,balanced,0.4347826086956522,0.717391304347826,184,100,466,144.97102758389005,
WAUC,8,within,within_fold0,42,0.5,0.3,50,inf,4,False,4.0,workload,balanced,0.3152173913043478,0.657608695652174,184,100,512,156.07220335187185,
WAUC,9,within,within_fold0,0,0.5,0.3,50,inf,4,False,4.0,workload,balanced,0.488337198199427,0.743801652892562,121,100,339,87.92336065573768,
WAUC,9,within,within_fold0,1,0.5,0.3,50,inf,4,False,4.0,workload,balanced,0.48623476236132046,0.743801652892562,121,100,280,55.359153005464464,
WAUC,9,within,within_fold0,2,0.5,0.3,50,inf,4,False,4.0,workload,balanced,0.5034199726402189,0.7520661157024794,121,100,339,89.42759562841538,
WAUC,9,within,within_fold0,3,0.5,0.3,50,inf,4,False,4.0,workload,balanced,0.38847152028411425,0.6942148760330579,121,100,339,91.8905737704918,
WAUC,9,within,within_fold0,42,0.5,0.3,50,inf,4,False,4.0,workload,balanced,0.536017529443988,0.768595041322314,121,100,339,93.52704918032799,
WAUC,10,within,within_fold0,0,0.5,0.3,50,inf,4,False,4.0,workload,balanced,0.5568215016067777,0.7783783783783784,185,100,516,106.00562256981246,
WAUC,10,within,within_fold0,1,0.5,0.3,50,inf,4,False,4.0,workload,balanced,0.5139821355595773,0.7567567567567568,185,100,516,108.93100108990197,
WAUC,10,within,within_fold0,2,0.5,0.3,50,inf,4,False,4.0,workload,balanced,0.6648746566937416,0.8324324324324325,185,100,516,113.00970602097303,
WAUC,10,within,within_fold0,3,0.5,0.3,50,inf,4,False,4.0,workload,balanced,0.48167172542610326,0.7405405405405405,185,100,516,120.9663014021442,
WAUC,10,within,within_fold0,42,0.5,0.3,50,inf,4,False,4.0,workload,balanced,0.5897525676937442,0.7945945945945946,185,100,516,116.92016098150086,
WAUC,11,within,within_fold0,0,0.5,0.3,50,inf,4,False,4.0,workload,balanced,0.8240563019833653,0.912,125,100,347,19.96000195112433,
WAUC,11,within,within_fold0,1,0.5,0.3,50,inf,4,False,4.0,workload,balanced,0.9039200614911607,0.952,125,100,347,28.03271385135685,
WAUC,11,within,within_fold0,2,0.5,0.3,50,inf,4,False,4.0,workload,balanced,1.0,1.0,125,100,347,25.984293449100047,
WAUC,11,within,within_fold0,3,0.5,0.3,50,inf,4,False,4.0,workload,balanced,0.9839969274100627,0.992,125,100,347,18.988211957140294,
WAUC,11,within,within_fold0,42,0.5,0.3,50,inf,4,False,4.0,workload,balanced,0.792172912137102,0.896,125,100,347,20.032583776401154,
WAUC,12,within,within_fold0,0,0.5,0.3,50,inf,4,False,4.0,workload,balanced,0.48523985239852396,0.7419354838709677,186,100,520,135.2446083830945,
WAUC,12,within,within_fold0,1,0.5,0.3,50,inf,4,False,4.0,workload,balanced,0.5046317739694303,0.7526881720430108,186,100,520,122.33288886312255,
WAUC,12,within,within_fold0,2,0.5,0.3,50,inf,4,False,4.0,workload,balanced,0.5482303955586398,0.7741935483870968,186,100,487,146.9125384080236,
WAUC,12,within,within_fold0,3,0.5,0.3,50,inf,4,False,4.0,workload,balanced,0.5263888888888889,0.7634408602150538,186,100,520,119.896461389066,
WAUC,12,within,within_fold0,42,0.5,0.3,50,inf,4,False,4.0,workload,balanced,0.46055684454756385,0.7311827956989247,186,100,520,124.52701968230052,
WAUC,13,within,within_fold0,0,0.5,0.3,50,inf,4,False,4.0,workload,balanced,0.38495658149559564,0.6927374301675978,179,100,499,146.37685163321532,
WAUC,13,within,within_fold0,1,0.5,0.3,50,inf,4,False,4.0,workload,balanced,0.3351491890553423,0.664804469273743,179,100,499,178.52498622589542,
WAUC,13,within,within_fold0,2,0.5,0.3,50,inf,4,False,4.0,workload,balanced,0.46252971349931193,0.7318435754189944,179,100,499,141.17456119637936,
WAUC,13,within,within_fold0,3,0.5,0.3,50,inf,4,False,4.0,workload,balanced,0.3306743113548548,0.664804469273743,179,100,499,180.2731129476585,
WAUC,13,within,within_fold0,42,0.5,0.3,50,inf,4,False,4.0,workload,balanced,0.41730311756604477,0.7094972067039106,179,100,499,140.4814836678473,
WAUC,14,within,within_fold0,0,0.5,0.3,50,inf,4,False,4.0,workload,balanced,0.5788177339901478,0.7888888888888889,180,100,503,85.78698987490709,
WAUC,14,within,within_fold0,1,0.5,0.3,50,inf,4,False,4.0,workload,balanced,0.5879732739420935,0.7944444444444444,180,100,503,88.66445922095608,
WAUC,14,within,within_fold0,2,0.5,0.3,50,inf,4,False,4.0,workload,balanced,0.6775389177168273,0.8388888888888889,180,100,503,92.68568088927421,
WAUC,14,within,within_fold0,3,0.5,0.3,50,inf,4,False,4.0,workload,balanced,0.5669874167283493,0.7833333333333333,180,100,503,96.16702919866235,
WAUC,14,within,within_fold0,42,0.5,0.3,50,inf,4,False,4.0,workload,balanced,0.5232815964523282,0.7611111111111111,180,100,503,91.37217457270253,
WAUC,15,within,within_fold0,0,0.5,0.3,50,inf,4,False,4.0,workload,balanced,0.48629277907185087,0.7431693989071039,183,100,421,121.77164634146337,
WAUC,15,within,within_fold0,1,0.5,0.3,50,inf,4,False,4.0,workload,balanced,0.46411283093288713,0.73224043715847,183,78,510,134.8106707317074,
WAUC,15,within,within_fold0,2,0.5,0.3,50,inf,4,False,4.0,workload,balanced,0.35389862964514396,0.6775956284153005,183,100,452,125.79695121951231,
WAUC,15,within,within_fold0,3,0.5,0.3,50,inf,4,False,4.0,workload,balanced,0.4965913168281306,0.7486338797814208,183,100,510,141.65121951219507,
WAUC,15,within,within_fold0,42,0.5,0.3,50,inf,4,False,4.0,workload,balanced,0.31067264573991027,0.6557377049180327,183,86,510,139.25579268292682,
WAUC,16,within,within_fold0,0,0.5,0.3,50,inf,4,False,4.0,workload,balanced,1.0,1.0,124,96,274,12.741426672574212,
WAUC,16,within,within_fold0,1,0.5,0.3,50,inf,4,False,4.0,workload,balanced,0.9139784946236559,0.967741935483871,124,100,344,28.18591050066459,
WAUC,16,within,within_fold0,2,0.5,0.3,50,inf,4,False,4.0,workload,balanced,0.711340206185567,0.8870967741935484,124,100,344,24.087727071333624,
WAUC,16,within,within_fold0,3,0.5,0.3,50,inf,4,False,4.0,workload,balanced,0.8085106382978724,0.9274193548387096,124,100,344,18.06034559149313,
WAUC,16,within,within_fold0,42,0.5,0.3,50,inf,4,False,4.0,workload,balanced,0.9787234042553191,0.9919354838709677,124,100,344,23.466459902525475,
WAUC,17,within,within_fold0,0,0.5,0.3,50,inf,4,False,4.0,workload,balanced,0.35122146575891067,0.6875,144,100,403,107.13903644680542,
WAUC,17,within,within_fold0,1,0.5,0.3,50,inf,4,False,4.0,workload,balanced,0.5242290748898679,0.7708333333333334,144,100,403,101.75132802124834,
WAUC,17,within,within_fold0,2,0.5,0.3,50,inf,4,False,4.0,workload,balanced,0.7189695550351288,0.8611111111111112,144,98,403,94.65256258914961,
WAUC,17,within,within_fold0,3,0.5,0.3,50,inf,4,False,4.0,workload,balanced,0.40752351097178685,0.7083333333333334,144,100,403,95.87929147607102,
WAUC,17,within,within_fold0,42,0.5,0.3,50,inf,4,False,4.0,workload,balanced,0.3664450527962455,0.6875,144,100,403,99.42867419212035,
WAUC,18,within,within_fold0,0,0.5,0.3,50,inf,4,False,4.0,workload,balanced,0.3945061367621274,0.6972972972972973,185,100,516,148.01112731236006,
WAUC,18,within,within_fold0,1,0.5,0.3,50,inf,4,False,4.0,workload,balanced,0.5358539004609371,0.7675675675675676,185,100,516,114.09247599269452,
WAUC,18,within,within_fold0,2,0.5,0.3,50,inf,4,False,4.0,workload,balanced,0.5359622003149973,0.7675675675675676,185,100,516,121.0612812242251,
WAUC,18,within,within_fold0,3,0.5,0.3,50,inf,4,False,4.0,workload,balanced,0.4482133458096964,0.7243243243243244,185,100,516,163.98944709555806,
WAUC,18,within,within_fold0,42,0.5,0.3,50,inf,4,False,4.0,workload,balanced,0.4602007469654529,0.7297297297297297,185,100,516,138.0789516319075,
WAUC,19,within,within_fold0,0,0.5,0.3,50,inf,4,False,4.0,workload,balanced,0.6418966737438075,0.8206521739130435,184,100,514,83.05783737229747,
WAUC,19,within,within_fold0,1,0.5,0.3,50,inf,4,False,4.0,workload,balanced,0.6747967479674797,0.8369565217391305,184,100,514,100.82363684960802,
WAUC,19,within,within_fold0,2,0.5,0.3,50,inf,4,False,4.0,workload,balanced,0.6744131178482954,0.8369565217391305,184,100,514,98.91626574008077,
WAUC,19,within,within_fold0,3,0.5,0.3,50,inf,4,False,4.0,workload,balanced,0.6747200942840306,0.8369565217391305,184,100,514,96.90535162746494,
WAUC,19,within,within_fold0,42,0.5,0.3,50,inf,4,False,4.0,workload,balanced,0.5757862378812959,0.7880434782608695,184,100,514,90.88895818484204,
WAUC,20,within,within_fold0,0,0.5,0.3,50,inf,4,False,4.0,workload,balanced,0.4298438403701561,0.7150537634408602,186,100,519,156.33885245901615,
WAUC,20,within,within_fold0,1,0.5,0.3,50,inf,4,False,4.0,workload,balanced,0.15053763440860213,0.5752688172043011,186,100,519,166.86672131147517,
WAUC,20,within,within_fold0,2,0.5,0.3,50,inf,4,False,4.0,workload,balanced,0.3765603328710124,0.6881720430107527,186,100,519,176.843901639344,
WAUC,20,within,within_fold0,3,0.5,0.3,50,inf,4,False,4.0,workload,balanced,0.34332677393216804,0.6720430107526881,186,74,490,155.92583606557355,
WAUC,20,within,within_fold0,42,0.5,0.3,50,inf,4,False,4.0,workload,balanced,0.5053191489361701,0.7526881720430108,186,100,519,156.0230163934424,
WAUC,21,within,within_fold0,0,0.5,0.3,50,inf,4,False,4.0,workload,balanced,0.5662368112543963,0.7837837837837838,185,100,480,127.26858345021074,
WAUC,21,within,within_fold0,1,0.5,0.3,50,inf,4,False,4.0,workload,balanced,0.5016980911113713,0.7513513513513513,185,100,518,165.9832281439928,
WAUC,21,within,within_fold0,2,0.5,0.3,50,inf,4,False,4.0,workload,balanced,0.35140820380974636,0.6756756756756757,185,100,518,138.9986559139788,
WAUC,21,within,within_fold0,3,0.5,0.3,50,inf,4,False,4.0,workload,balanced,0.3465975983046856,0.6756756756756757,185,100,478,120.10080645161321,
WAUC,21,within,within_fold0,42,0.5,0.3,50,inf,4,False,4.0,workload,balanced,0.4929142123986703,0.745945945945946,185,100,477,132.82550257129532,
WAUC,22,within,within_fold0,0,0.5,0.3,50,inf,4,False,4.0,workload,balanced,0.5626717648464572,0.7814207650273224,183,100,510,106.96476768408655,
WAUC,22,within,within_fold0,1,0.5,0.3,50,inf,4,False,4.0,workload,balanced,0.5519259480441923,0.7759562841530054,183,100,510,119.07502339763907,
WAUC,22,within,within_fold0,2,0.5,0.3,50,inf,4,False,4.0,workload,balanced,0.5737832188713048,0.7868852459016393,183,100,510,121.88280047097173,
WAUC,22,within,within_fold0,3,0.5,0.3,50,inf,4,False,4.0,workload,balanced,0.6502210010751404,0.825136612021858,183,100,510,103.97017178395673,
WAUC,22,within,within_fold0,42,0.5,0.3,50,inf,4,False,4.0,workload,balanced,0.5953021337636722,0.7978142076502732,183,100,510,130.98747094164173,
WAUC,24,within,within_fold0,0,0.5,0.3,50,inf,4,False,4.0,workload,balanced,0.35140820380974636,0.6756756756756757,185,100,516,197.02614292447328,
WAUC,24,within,within_fold0,1,0.5,0.3,50,inf,4,False,4.0,workload,balanced,0.4710893284322306,0.7351351351351352,185,90,511,174.06544936373308,
WAUC,24,within,within_fold0,2,0.5,0.3,50,inf,4,False,4.0,workload,balanced,0.28621536303051565,0.6432432432432432,185,100,516,198.98544096854067,
WAUC,24,within,within_fold0,3,0.5,0.3,50,inf,4,False,4.0,workload,balanced,0.2982200175080245,0.6486486486486487,185,100,516,188.1360315777076,
WAUC,24,within,within_fold0,42,0.5,0.3,50,inf,4,False,4.0,workload,balanced,0.22241681260945712,0.6108108108108108,185,100,516,185.09124985271637,
WAUC,25,within,within_fold0,0,0.5,0.3,50,inf,4,False,4.0,workload,balanced,0.5376344086021505,0.7688172043010753,186,100,520,141.07094051155684,
WAUC,25,within,within_fold0,1,0.5,0.3,50,inf,4,False,4.0,workload,balanced,0.4516129032258065,0.7258064516129032,186,100,512,157.22463589594923,
WAUC,25,within,within_fold0,2,0.5,0.3,50,inf,4,False,4.0,workload,balanced,0.5053763440860215,0.7526881720430108,186,100,520,129.03036736468349,
WAUC,25,within,within_fold0,3,0.5,0.3,50,inf,4,False,4.0,workload,balanced,0.34408602150537637,0.6720430107526881,186,100,435,137.08702630244153,
WAUC,25,within,within_fold0,42,0.5,0.3,50,inf,4,False,4.0,workload,balanced,0.5053763440860215,0.7526881720430108,186,100,520,128.252427360336,
WAUC,27,within,within_fold0,0,0.5,0.3,50,inf,4,False,4.0,workload,balanced,0.22250701818625662,0.6153846153846154,182,92,507,175.52678054870475,
WAUC,27,within,within_fold0,1,0.5,0.3,50,inf,4,False,4.0,workload,balanced,0.38609806047464157,0.6923076923076923,182,94,507,184.21647102706982,
WAUC,27,within,within_fold0,2,0.5,0.3,50,inf,4,False,4.0,workload,balanced,0.31999517898035434,0.6593406593406593,182,96,507,169.07229149538702,
WAUC,27,within,within_fold0,3,0.5,0.3,50,inf,4,False,4.0,workload,balanced,0.3393829401088929,0.6703296703296703,182,86,507,181.3990134283367,
WAUC,27,within,within_fold0,42,0.5,0.3,50,inf,4,False,4.0,workload,balanced,0.25418826081716284,0.6263736263736264,182,100,507,169.00054428915084,
WAUC,29,within,within_fold0,0,0.5,0.3,50,inf,4,False,4.0,workload,balanced,0.26086956521739135,0.6304347826086957,184,50,514,214.0560851746257,
WAUC,29,within,within_fold0,1,0.5,0.3,50,inf,4,False,4.0,workload,balanced,0.3804347826086957,0.6902173913043478,184,34,485,171.08573889284855,
WAUC,29,within,within_fold0,2,0.5,0.3,50,inf,4,False,4.0,workload,balanced,0.25,0.625,184,56,514,215.02611962461387,
WAUC,29,within,within_fold0,3,0.5,0.3,50,inf,4,False,4.0,workload,balanced,0.11956521739130432,0.5597826086956522,184,80,514,206.9933624376336,
WAUC,29,within,within_fold0,42,0.5,0.3,50,inf,4,False,4.0,workload,balanced,0.4130434782608695,0.7065217391304348,184,38,474,168.09934069850314,
WAUC,30,within,within_fold0,0,0.5,0.3,50,inf,4,False,4.0,workload,balanced,0.4347826086956522,0.717391304347826,184,100,512,170.0,
WAUC,30,within,within_fold0,1,0.5,0.3,50,inf,4,False,4.0,workload,balanced,0.46739130434782605,0.7336956521739131,184,100,455,130.0,
WAUC,30,within,within_fold0,2,0.5,0.3,50,inf,4,False,4.0,workload,balanced,0.26086956521739135,0.6304347826086957,184,100,512,158.0,
WAUC,30,within,within_fold0,3,0.5,0.3,50,inf,4,False,4.0,workload,balanced,0.5543478260869565,0.7771739130434783,184,100,512,145.0,
WAUC,30,within,within_fold0,42,0.5,0.3,50,inf,4,False,4.0,workload,balanced,0.4347826086956522,0.717391304347826,184,100,512,149.0,
WAUC,31,within,within_fold0,0,0.5,0.3,50,inf,4,False,4.0,workload,balanced,0.24442896935933145,0.6236559139784946,186,82,518,217.2288584474887,
WAUC,31,within,within_fold0,1,0.5,0.3,50,inf,4,False,4.0,workload,balanced,0.10938040844582897,0.553763440860215,186,56,518,221.9729680365303,
WAUC,31,within,within_fold0,2,0.5,0.3,50,inf,4,False,4.0,workload,balanced,0.20347222222222228,0.6021505376344086,186,92,518,200.68529680365324,
WAUC,31,within,within_fold0,3,0.5,0.3,50,inf,4,False,4.0,workload,balanced,0.24547983310153,0.6236559139784946,186,98,518,217.48566210045698,
WAUC,31,within,within_fold0,42,0.5,0.3,50,inf,4,False,4.0,workload,balanced,-0.01656886434242333,0.489247311827957,186,42,518,224.1084931506855,
WAUC,32,within,within_fold0,0,0.5,0.3,50,inf,4,False,4.0,workload,balanced,0.4565217391304348,0.7282608695652174,184,78,513,180.92803114902983,
WAUC,32,within,within_fold0,1,0.5,0.3,50,inf,4,False,4.0,workload,balanced,0.32608695652173914,0.6630434782608695,184,100,513,177.9785031491491,
WAUC,32,within,within_fold0,2,0.5,0.3,50,inf,4,False,4.0,workload,balanced,0.3695652173913043,0.6847826086956522,184,76,513,178.04671610011775,
WAUC,32,within,within_fold0,3,0.5,0.3,50,inf,4,False,4.0,workload,balanced,0.26086956521739135,0.6304347826086957,184,100,513,156.93890055240396,
WAUC,32,within,within_fold0,42,0.5,0.3,50,inf,4,False,4.0,workload,balanced,0.3695652173913043,0.6847826086956522,184,76,513,156.01120441923135,
WAUC,33,within,within_fold0,0,0.5,0.3,50,inf,4,False,4.0,workload,balanced,0.31124917856502776,0.6557377049180327,183,88,512,165.0618684033236,
WAUC,33,within,within_fold0,1,0.5,0.3,50,inf,4,False,4.0,workload,balanced,0.36685755189692204,0.6830601092896175,183,88,512,188.0824313197095,
WAUC,33,within,within_fold0,2,0.5,0.3,50,inf,4,False,4.0,workload,balanced,0.3878867518814957,0.6939890710382514,183,92,512,198.03593831873633,
WAUC,33,within,within_fold0,3,0.5,0.3,50,inf,4,False,4.0,workload,balanced,0.2900626678603402,0.644808743169399,183,72,512,196.0359345759412,
WAUC,33,within,within_fold0,42,0.5,0.3,50,inf,4,False,4.0,workload,balanced,0.2674314393260441,0.6338797814207651,183,96,512,201.97301818998415,
WAUC,34,within,within_fold0,0,0.5,0.3,50,inf,4,False,4.0,workload,balanced,0.20211431643074718,0.6010928961748634,183,96,512,210.11632264566433,
WAUC,34,within,within_fold0,1,0.5,0.3,50,inf,4,False,4.0,workload,balanced,0.26716872870719033,0.6338797814207651,183,100,512,193.85390616251723,
WAUC,34,within,within_fold0,2,0.5,0.3,50,inf,4,False,4.0,workload,balanced,0.23494983277591974,0.6174863387978142,183,76,512,207.9195849352394,
WAUC,34,within,within_fold0,3,0.5,0.3,50,inf,4,False,4.0,workload,balanced,0.2019236513531274,0.6010928961748634,183,84,494,178.97674592213798,
WAUC,34,within,within_fold0,42,0.5,0.3,50,inf,4,False,4.0,workload,balanced,0.26821844225604297,0.6338797814207651,183,94,512,227.99623754245795,
WAUC,35,within,within_fold0,0,0.5,0.3,50,inf,4,False,4.0,workload,balanced,0.3232583855510506,0.6862745098039216,153,72,426,150.31133992683937,
WAUC,35,within,within_fold0,1,0.5,0.3,50,inf,4,False,4.0,workload,balanced,0.299149294194634,0.6797385620915033,153,92,360,142.06710924445673,
WAUC,35,within,within_fold0,2,0.5,0.3,50,inf,4,False,4.0,workload,balanced,0.2578503957110032,0.6274509803921569,153,94,426,127.57620918574722,
WAUC,35,within,within_fold0,3,0.5,0.3,50,inf,4,False,4.0,workload,balanced,0.3912638618471176,0.6928104575163399,153,98,426,139.83615589576854,
WAUC,35,within,within_fold0,42,0.5,0.3,50,inf,4,False,4.0,workload,balanced,0.29923664122137406,0.6862745098039216,153,92,426,179.34805581899522,
WAUC,36,within,within_fold0,0,0.5,0.3,50,inf,4,False,4.0,workload,balanced,-0.04347826086956519,0.4782608695652174,184,52,513,238.7917131966465,
WAUC,36,within,within_fold0,1,0.5,0.3,50,inf,4,False,4.0,workload,balanced,0.13043478260869568,0.5652173913043478,184,86,513,225.05908190765498,
WAUC,36,within,within_fold0,2,0.5,0.3,50,inf,4,False,4.0,workload,balanced,0.23913043478260865,0.6195652173913043,184,84,513,241.98407930197592,
WAUC,36,within,within_fold0,3,0.5,0.3,50,inf,4,False,4.0,workload,balanced,0.23913043478260865,0.6195652173913043,184,86,513,206.0303971054632,
WAUC,36,within,within_fold0,42,0.5,0.3,50,inf,4,False,4.0,workload,balanced,0.15217391304347827,0.5760869565217391,184,78,513,219.9567531752057,
WAUC,37,within,within_fold0,0,0.5,0.3,50,inf,4,False,4.0,workload,balanced,0.5405308464849354,0.7704918032786885,183,100,512,141.91362771079835,
WAUC,37,within,within_fold0,1,0.5,0.3,50,inf,4,False,4.0,workload,balanced,0.43167701863354035,0.7158469945355191,183,100,512,114.97080362808403,
WAUC,37,within,within_fold0,2,0.5,0.3,50,inf,4,False,4.0,workload,balanced,0.44237318515863056,0.7213114754098361,183,100,512,136.95457429733855,
WAUC,37,within,within_fold0,3,0.5,0.3,50,inf,4,False,4.0,workload,balanced,0.3987814348007884,0.6994535519125683,183,100,512,135.9572990929789,
WAUC,37,within,within_fold0,42,0.5,0.3,50,inf,4,False,4.0,workload,balanced,0.5299002329888285,0.7650273224043715,183,100,512,117.01999925348062,
WAUC,38,within,within_fold0,0,0.5,0.3,50,inf,4,False,4.0,workload,balanced,-0.016484500985486594,0.4918032786885246,183,82,512,214.92564451896834,
WAUC,38,within,within_fold0,1,0.5,0.3,50,inf,4,False,4.0,workload,balanced,0.071620411817368,0.5355191256830601,183,56,512,207.54385124412335,
WAUC,38,within,within_fold0,2,0.5,0.3,50,inf,4,False,4.0,workload,balanced,0.08183012782224353,0.5409836065573771,183,70,512,195.93763661406675,
WAUC,38,within,within_fold0,3,0.5,0.3,50,inf,4,False,4.0,workload,balanced,0.21421755725190839,0.6065573770491803,183,58,512,194.77756235589987,
WAUC,38,within,within_fold0,42,0.5,0.3,50,inf,4,False,4.0,workload,balanced,0.44223988525667846,0.7213114754098361,183,36,512,210.0281612120845,
WAUC,39,within,within_fold0,0,0.5,0.3,50,inf,4,False,4.0,workload,balanced,,,0,0,0,0.0,"y should be a 1d array with more than two classes, but got 1 class from ['high' 'high' 'high' 'high' 'high' 'high' 'high' 'high' 'high' 'high'
 'high' 'high' 'high' 'high' 'high' 'high' 'high' 'high' 'high' 'high'
 'high' 'high']"
WAUC,39,within,within_fold0,1,0.5,0.3,50,inf,4,False,4.0,workload,balanced,,,0,0,0,0.0,"y should be a 1d array with more than two classes, but got 1 class from ['high' 'high' 'high' 'high' 'high' 'high' 'high' 'high' 'high' 'high'
 'high' 'high' 'high' 'high' 'high' 'high' 'high' 'high' 'high' 'high'
 'high' 'high']"
WAUC,39,within,within_fold0,2,0.5,0.3,50,inf,4,False,4.0,workload,balanced,,,0,0,0,0.0,"y should be a 1d array with more than two classes, but got 1 class from ['high' 'high' 'high' 'high' 'high' 'high' 'high' 'high' 'high' 'high'
 'high' 'high' 'high' 'high' 'high' 'high' 'high' 'high' 'high' 'high'
 'high' 'high']"
WAUC,39,within,within_fold0,3,0.5,0.3,50,inf,4,False,4.0,workload,balanced,,,0,0,0,0.0,"y should be a 1d array with more than two classes, but got 1 class from ['high' 'high' 'high' 'high' 'high' 'high' 'high' 'high' 'high' 'high'
 'high' 'high' 'high' 'high' 'high' 'high' 'high' 'high' 'high' 'high'
 'high' 'high']"
WAUC,39,within,within_fold0,42,0.5,0.3,50,inf,4,False,4.0,workload,balanced,,,0,0,0,0.0,"y should be a 1d array with more than two classes, but got 1 class from ['high' 'high' 'high' 'high' 'high' 'high' 'high' 'high' 'high' 'high'
 'high' 'high' 'high' 'high' 'high' 'high' 'high' 'high' 'high' 'high'
 'high' 'high']"
WAUC,40,within,within_fold0,0,0.5,0.3,50,inf,4,False,4.0,workload,balanced,0.1333333333333333,0.5666666666666667,180,98,502,198.85703781512655,
WAUC,40,within,within_fold0,1,0.5,0.3,50,inf,4,False,4.0,workload,balanced,0.3222222222222222,0.6611111111111111,180,96,502,201.417752100841,
WAUC,40,within,within_fold0,2,0.5,0.3,50,inf,4,False,4.0,workload,balanced,0.3111111111111111,0.6555555555555556,180,96,502,181.0910364145663,
WAUC,40,within,within_fold0,3,0.5,0.3,50,inf,4,False,4.0,workload,balanced,0.2222222222222222,0.6111111111111112,180,94,502,203.19184173669527,
WAUC,40,within,within_fold0,42,0.5,0.3,50,inf,4,False,4.0,workload,balanced,0.24444444444444446,0.6222222222222222,180,98,502,192.0954131652666,
WAUC,41,within,within_fold0,0,0.5,0.3,50,inf,4,False,4.0,workload,balanced,0.48913043478260865,0.7445652173913043,184,100,515,119.02239104358247,
WAUC,41,within,within_fold0,1,0.5,0.3,50,inf,4,False,4.0,workload,balanced,0.5978260869565217,0.7989130434782609,184,100,515,124.05104624816731,
WAUC,41,within,within_fold0,2,0.5,0.3,50,inf,4,False,4.0,workload,balanced,0.5869565217391304,0.7934782608695652,184,100,515,109.12834866053568,
WAUC,41,within,within_fold0,3,0.5,0.3,50,inf,4,False,4.0,workload,balanced,0.42391304347826086,0.7119565217391305,184,100,515,107.03035452485659,
WAUC,41,within,within_fold0,42,0.5,0.3,50,inf,4,False,4.0,workload,balanced,0.6847826086956521,0.842391304347826,184,100,515,109.07936825269887,
WAUC,42,within,within_fold0,0,0.5,0.3,50,inf,4,False,4.0,workload,balanced,0.27771797631862216,0.639344262295082,183,100,512,186.0,
WAUC,42,within,within_fold0,1,0.5,0.3,50,inf,4,False,4.0,workload,balanced,0.1591980428426517,0.5792349726775956,183,88,512,189.0,
WAUC,42,within,within_fold0,2,0.5,0.3,50,inf,4,False,4.0,workload,balanced,0.26804369888364876,0.6338797814207651,183,84,512,175.0,
WAUC,42,within,within_fold0,3,0.5,0.3,50,inf,4,False,4.0,workload,balanced,0.3436939629408249,0.6721311475409836,183,74,512,180.0,
WAUC,42,within,within_fold0,42,0.5,0.3,50,inf,4,False,4.0,workload,balanced,0.14649605357569961,0.5737704918032787,183,96,512,177.0,
WAUC,43,within,within_fold0,0,0.5,0.3,50,inf,4,False,4.0,workload,balanced,0.3221412355120086,0.6612021857923497,183,100,511,168.0,
WAUC,43,within,within_fold0,1,0.5,0.3,50,inf,4,False,4.0,workload,balanced,0.5305732864045816,0.7650273224043715,183,100,511,127.0,
WAUC,43,within,within_fold0,2,0.5,0.3,50,inf,4,False,4.0,workload,balanced,0.5080939012006451,0.7540983606557377,183,100,511,125.0,
WAUC,43,within,within_fold0,3,0.5,0.3,50,inf,4,False,4.0,workload,balanced,0.2794415940818519,0.639344262295082,183,100,511,128.0,
WAUC,43,within,within_fold0,42,0.5,0.3,50,inf,4,False,4.0,workload,balanced,0.3884711779448621,0.6939890710382514,183,100,511,141.0,
WAUC,44,within,within_fold0,0,0.5,0.3,50,inf,4,False,4.0,workload,balanced,0.11956521739130432,0.5597826086956522,184,62,443,195.8887979800968,
WAUC,44,within,within_fold0,1,0.5,0.3,50,inf,4,False,4.0,workload,balanced,0.08695652173913049,0.5434782608695652,184,72,515,225.1704848359202,
WAUC,44,within,within_fold0,2,0.5,0.3,50,inf,4,False,4.0,workload,balanced,0.13043478260869568,0.5652173913043478,184,76,515,207.9595686233858,
WAUC,44,within,within_fold0,3,0.5,0.3,50,inf,4,False,4.0,workload,balanced,0.18478260869565222,0.592391304347826,184,58,515,202.01942157327332,
WAUC,44,within,within_fold0,42,0.5,0.3,50,inf,4,False,4.0,workload,balanced,0.18478260869565222,0.592391304347826,184,94,436,199.0207765667573,
WAUC,45,within,within_fold0,0,0.5,0.3,50,inf,4,False,4.0,workload,balanced,0.20853351635781292,0.6042780748663101,187,100,524,165.0,
WAUC,45,within,within_fold0,1,0.5,0.3,50,inf,4,False,4.0,workload,balanced,0.3692184552055342,0.6844919786096256,187,100,524,157.0,
WAUC,45,within,within_fold0,2,0.5,0.3,50,inf,4,False,4.0,workload,balanced,0.4338835894213743,0.7165775401069518,187,100,524,166.0,
WAUC,45,within,within_fold0,3,0.5,0.3,50,inf,4,False,4.0,workload,balanced,0.3256825596703108,0.6631016042780749,187,94,524,167.0,
WAUC,45,within,within_fold0,42,0.5,0.3,50,inf,4,False,4.0,workload,balanced,0.3367276887871853,0.6684491978609626,187,100,524,187.0,
WAUC,46,within,within_fold0,0,0.5,0.3,50,inf,4,False,4.0,workload,balanced,0.32485110990795896,0.6627906976744186,172,96,480,154.0035706998574,
WAUC,46,within,within_fold0,1,0.5,0.3,50,inf,4,False,4.0,workload,balanced,0.3741239892183288,0.686046511627907,172,100,442,118.31085492756591,
WAUC,46,within,within_fold0,2,0.5,0.3,50,inf,4,False,4.0,workload,balanced,0.4542263029975695,0.7267441860465116,172,100,433,129.94014826906076,
WAUC,46,within,within_fold0,3,0.5,0.3,50,inf,4,False,4.0,workload,balanced,0.39567567567567574,0.6976744186046512,172,100,480,137.59192001632331,
WAUC,46,within,within_fold0,42,0.5,0.3,50,inf,4,False,4.0,workload,balanced,0.346717308735757,0.6744186046511628,172,70,480,146.08935251309262,
WAUC,47,within,within_fold0,0,0.5,0.3,50,inf,4,False,4.0,workload,balanced,0.9032258064516129,0.9516129032258065,62,100,171,6.0,
WAUC,47,within,within_fold0,1,0.5,0.3,50,inf,4,False,4.0,workload,balanced,0.967741935483871,0.9838709677419355,62,100,171,4.0,
WAUC,47,within,within_fold0,2,0.5,0.3,50,inf,4,False,4.0,workload,balanced,1.0,1.0,62,100,171,4.0,
WAUC,47,within,within_fold0,3,0.5,0.3,50,inf,4,False,4.0,workload,balanced,0.9032258064516129,0.9516129032258065,62,100,171,5.0,
WAUC,47,within,within_fold0,42,0.5,0.3,50,inf,4,False,4.0,workload,balanced,0.967741935483871,0.9838709677419355,62,100,164,2.0,
WAUC,48,within,within_fold0,0,0.5,0.3,50,inf,4,False,4.0,workload,balanced,,,0,0,0,0.0,"y should be a 1d array with more than two classes, but got 1 class from ['low' 'low' 'low' 'low' 'low' 'low' 'low' 'low' 'low' 'low' 'low' 'low'
 'low' 'low' 'low' 'low' 'low' 'low' 'low' 'low' 'low' 'low' 'low' 'low'
 'low' 'low' 'low' 'low' 'low' 'low' 'low' 'low' 'low' 'low' 'low' 'low'
 'low' 'low' 'low' 'low' 'low' 'low' 'low' 'low']"
WAUC,48,within,within_fold0,1,0.5,0.3,50,inf,4,False,4.0,workload,balanced,,,0,0,0,0.0,"y should be a 1d array with more than two classes, but got 1 class from ['low' 'low' 'low' 'low' 'low' 'low' 'low' 'low' 'low' 'low' 'low' 'low'
 'low' 'low' 'low' 'low' 'low' 'low' 'low' 'low' 'low' 'low' 'low' 'low'
 'low' 'low' 'low' 'low' 'low' 'low' 'low' 'low' 'low' 'low' 'low' 'low'
 'low' 'low' 'low' 'low' 'low' 'low' 'low' 'low']"
WAUC,48,within,within_fold0,2,0.5,0.3,50,inf,4,False,4.0,workload,balanced,,,0,0,0,0.0,"y should be a 1d array with more than two classes, but got 1 class from ['low' 'low' 'low' 'low' 'low' 'low' 'low' 'low' 'low' 'low' 'low' 'low'
 'low' 'low' 'low' 'low' 'low' 'low' 'low' 'low' 'low' 'low' 'low' 'low'
 'low' 'low' 'low' 'low' 'low' 'low' 'low' 'low' 'low' 'low' 'low' 'low'
 'low' 'low' 'low' 'low' 'low' 'low' 'low' 'low']"
WAUC,48,within,within_fold0,3,0.5,0.3,50,inf,4,False,4.0,workload,balanced,,,0,0,0,0.0,"y should be a 1d array with more than two classes, but got 1 class from ['low' 'low' 'low' 'low' 'low' 'low' 'low' 'low' 'low' 'low' 'low' 'low'
 'low' 'low' 'low' 'low' 'low' 'low' 'low' 'low' 'low' 'low' 'low' 'low'
 'low' 'low' 'low' 'low' 'low' 'low' 'low' 'low' 'low' 'low' 'low' 'low'
 'low' 'low' 'low' 'low' 'low' 'low' 'low' 'low']"
WAUC,48,within,within_fold0,42,0.5,0.3,50,inf,4,False,4.0,workload,balanced,,,0,0,0,0.0,"y should be a 1d array with more than two classes, but got 1 class from ['low' 'low' 'low' 'low' 'low' 'low' 'low' 'low' 'low' 'low' 'low' 'low'
 'low' 'low' 'low' 'low' 'low' 'low' 'low' 'low' 'low' 'low' 'low' 'low'
 'low' 'low' 'low' 'low' 'low' 'low' 'low' 'low' 'low' 'low' 'low' 'low'
 'low' 'low' 'low' 'low' 'low' 'low' 'low' 'low']"
