dataset,task,montage,method,feature_family,classifier,subject,seed,kappa,accuracy,n_train,n_test,n_channels,n_arms_surviving,final_regret,error
COGBCI,nback,nearear,fixed,fbcsp,lda,1,-1,-0.0057140420451153,0.3283018867924528,299,530,2,0,0.0,
COGBCI,nback,nearear,fixed,fbcsp,svm,1,-1,0.0028248587570621,0.3339622641509434,299,530,2,0,0.0,
COGBCI,nback,nearear,fixed,fbcsp,decision_tree,1,-1,-0.0255767836581517,0.3150943396226415,299,530,2,0,0.0,
COGBCI,nback,nearear,fixed,fbcsp,random_forest,1,-1,0.0275851769675505,0.350943396226415,299,530,2,0,0.0,
COGBCI,nback,nearear,fixed,bandpower,lda,1,-1,-0.0947958366693355,0.269811320754717,299,530,2,0,0.0,
COGBCI,nback,nearear,fixed,bandpower,svm,1,-1,-0.0528789157205566,0.2981132075471698,299,530,2,0,0.0,
COGBCI,nback,nearear,fixed,bandpower,decision_tree,1,-1,-0.0297634298402937,0.3132075471698113,299,530,2,0,0.0,
COGBCI,nback,nearear,fixed,bandpower,random_forest,1,-1,0.0233728221507696,0.3490566037735849,299,530,2,0,0.0,
COGBCI,nback,nearear,ccb,,,1,0,0.075660280752656,0.3830188679245283,299,530,2,53,78.0,
COGBCI,nback,nearear,ccb,,,1,1,0.0139350904128282,0.3415094339622641,299,530,2,54,88.0,
COGBCI,nback,nearear,ccb,,,1,2,0.0927851543752997,0.3943396226415094,299,530,2,61,81.0,
COGBCI,nback,nearear,ccb,,,1,3,0.0847457627118644,0.3886792452830189,299,530,2,91,90.0,
COGBCI,nback,nearear,ccb,,,1,42,-0.0796830170970255,0.2792452830188679,299,530,2,72,83.0,
COGBCI,nback,nearear,fixed,fbcsp,lda,2,-1,0.0763010574331328,0.38125,297,480,2,0,0.0,
COGBCI,nback,nearear,fixed,fbcsp,svm,2,-1,-0.0252281963722293,0.3145833333333333,297,480,2,0,0.0,
COGBCI,nback,nearear,fixed,fbcsp,decision_tree,2,-1,0.0207391236550755,0.3458333333333333,297,480,2,0,0.0,
COGBCI,nback,nearear,fixed,fbcsp,random_forest,2,-1,0.0478659959549861,0.3625,297,480,2,0,0.0,
COGBCI,nback,nearear,fixed,bandpower,lda,2,-1,0.1463287984214353,0.4291666666666666,297,480,2,0,0.0,
COGBCI,nback,nearear,fixed,bandpower,svm,2,-1,0.1703164598089545,0.4458333333333333,297,480,2,0,0.0,
COGBCI,nback,nearear,fixed,bandpower,decision_tree,2,-1,0.026457778066697,0.35,297,480,2,0,0.0,
COGBCI,nback,nearear,fixed,bandpower,random_forest,2,-1,0.1113189897100093,0.40625,297,480,2,0,0.0,
COGBCI,nback,nearear,ccb,,,2,0,0.0336783863468107,0.3541666666666667,297,480,2,99,82.0,
COGBCI,nback,nearear,ccb,,,2,1,0.0143737166324435,0.3416666666666667,297,480,2,100,73.0,
COGBCI,nback,nearear,ccb,,,2,2,0.0028305071541716,0.3333333333333333,297,480,2,100,71.0,
COGBCI,nback,nearear,ccb,,,2,3,0.0343055176979089,0.3541666666666667,297,480,2,94,71.0,
COGBCI,nback,nearear,ccb,,,2,42,-0.0103757820697159,0.3229166666666667,297,480,2,98,66.0,
COGBCI,nback,nearear,fixed,fbcsp,lda,3,-1,-0.0093565701411439,0.336116910229645,302,479,2,0,0.0,
COGBCI,nback,nearear,fixed,fbcsp,svm,3,-1,0.0,0.3423799582463465,302,479,2,0,0.0,
COGBCI,nback,nearear,fixed,fbcsp,decision_tree,3,-1,0.1650148856157945,0.4425887265135699,302,479,2,0,0.0,
COGBCI,nback,nearear,fixed,fbcsp,random_forest,3,-1,0.0032142407433179,0.3444676409185804,302,479,2,0,0.0,
COGBCI,nback,nearear,fixed,bandpower,lda,3,-1,-0.044365278670015,0.2985386221294363,302,479,2,0,0.0,
COGBCI,nback,nearear,fixed,bandpower,svm,3,-1,0.0061594297161589,0.3340292275574112,302,479,2,0,0.0,
COGBCI,nback,nearear,fixed,bandpower,decision_tree,3,-1,-0.0438340652178208,0.3089770354906054,302,479,2,0,0.0,
COGBCI,nback,nearear,fixed,bandpower,random_forest,3,-1,0.0160101734707185,0.3423799582463465,302,479,2,0,0.0,
COGBCI,nback,nearear,ccb,,,3,0,-0.0069685054696928,0.3235908141962422,302,479,2,87,80.0,
COGBCI,nback,nearear,ccb,,,3,1,0.1095245629301479,0.4112734864300626,302,479,2,93,86.0,
COGBCI,nback,nearear,ccb,,,3,2,0.1360620342821032,0.4279749478079332,302,479,2,100,92.0,
COGBCI,nback,nearear,ccb,,,3,3,0.0083073188777332,0.3340292275574112,302,479,2,80,86.0,
COGBCI,nback,nearear,ccb,,,3,42,-0.0029751847066228,0.3402922755741127,302,479,2,70,81.0,
COGBCI,nback,nearear,fixed,fbcsp,lda,4,-1,0.1581186226206822,0.4385593220338983,300,472,2,0,0.0,
COGBCI,nback,nearear,fixed,fbcsp,svm,4,-1,0.1360198121079974,0.423728813559322,300,472,2,0,0.0,
COGBCI,nback,nearear,fixed,fbcsp,decision_tree,4,-1,0.0212347673870597,0.3474576271186441,300,472,2,0,0.0,
COGBCI,nback,nearear,fixed,fbcsp,random_forest,4,-1,0.1453189369665312,0.4300847457627119,300,472,2,0,0.0,
COGBCI,nback,nearear,fixed,bandpower,lda,4,-1,0.0749959592694358,0.3834745762711864,300,472,2,0,0.0,
COGBCI,nback,nearear,fixed,bandpower,svm,4,-1,0.0782119142860989,0.3855932203389831,300,472,2,0,0.0,
COGBCI,nback,nearear,fixed,bandpower,decision_tree,4,-1,0.1354962089073842,0.423728813559322,300,472,2,0,0.0,
COGBCI,nback,nearear,fixed,bandpower,random_forest,4,-1,0.1036646958208192,0.4025423728813559,300,472,2,0,0.0,
COGBCI,nback,nearear,ccb,,,4,0,0.0278260167198416,0.3516949152542373,300,472,2,92,103.0,
COGBCI,nback,nearear,ccb,,,4,1,0.0614847467680403,0.375,300,472,2,86,106.0,
COGBCI,nback,nearear,ccb,,,4,2,0.0136040663889227,0.3432203389830508,300,472,2,88,99.0,
COGBCI,nback,nearear,ccb,,,4,3,0.1094219598646882,0.4067796610169492,300,472,2,83,106.0,
COGBCI,nback,nearear,ccb,,,4,42,0.0244651200366236,0.3495762711864407,300,472,2,79,110.0,
COGBCI,nback,nearear,fixed,fbcsp,lda,5,-1,0.1215560212647556,0.4135188866799205,261,503,2,0,0.0,
COGBCI,nback,nearear,fixed,fbcsp,svm,5,-1,-0.0022661844828817,0.3339960238568588,261,503,2,0,0.0,
COGBCI,nback,nearear,fixed,fbcsp,decision_tree,5,-1,0.0089493424488439,0.3399602385685885,261,503,2,0,0.0,
COGBCI,nback,nearear,fixed,fbcsp,random_forest,5,-1,0.1169786254833582,0.4115308151093439,261,503,2,0,0.0,
COGBCI,nback,nearear,fixed,bandpower,lda,5,-1,0.1571995263469509,0.4373757455268389,261,503,2,0,0.0,
COGBCI,nback,nearear,fixed,bandpower,svm,5,-1,0.1002162002073152,0.3996023856858847,261,503,2,0,0.0,
COGBCI,nback,nearear,fixed,bandpower,decision_tree,5,-1,0.0183240793470007,0.345924453280318,261,503,2,0,0.0,
COGBCI,nback,nearear,fixed,bandpower,random_forest,5,-1,0.155544613778334,0.4373757455268389,261,503,2,0,0.0,
COGBCI,nback,nearear,ccb,,,5,0,0.069349947686069,0.3777335984095427,261,503,2,64,90.0,
COGBCI,nback,nearear,ccb,,,5,1,0.0161514980884923,0.3439363817097415,261,503,2,34,54.0,
COGBCI,nback,nearear,ccb,,,5,2,-0.0272131458966564,0.3161033797216699,261,503,2,66,85.0,
COGBCI,nback,nearear,ccb,,,5,3,0.0134741981548526,0.341948310139165,261,503,2,68,74.0,
COGBCI,nback,nearear,ccb,,,5,42,0.0184205079684219,0.3439363817097415,261,503,2,91,83.0,
COGBCI,nback,nearear,fixed,fbcsp,lda,6,-1,-0.01875,0.3208333333333333,253,480,2,0,0.0,
COGBCI,nback,nearear,fixed,fbcsp,svm,6,-1,-0.003125,0.33125,253,480,2,0,0.0,
COGBCI,nback,nearear,fixed,fbcsp,decision_tree,6,-1,-0.034375,0.3104166666666667,253,480,2,0,0.0,
COGBCI,nback,nearear,fixed,fbcsp,random_forest,6,-1,-0.015625,0.3229166666666667,253,480,2,0,0.0,
COGBCI,nback,nearear,fixed,bandpower,lda,6,-1,0.0687499999999999,0.3791666666666666,253,480,2,0,0.0,
COGBCI,nback,nearear,fixed,bandpower,svm,6,-1,0.0062499999999999,0.3375,253,480,2,0,0.0,
COGBCI,nback,nearear,fixed,bandpower,decision_tree,6,-1,-0.03125,0.3125,253,480,2,0,0.0,
COGBCI,nback,nearear,fixed,bandpower,random_forest,6,-1,0.05,0.3666666666666666,253,480,2,0,0.0,
COGBCI,nback,nearear,ccb,,,6,0,-0.015625,0.3229166666666667,253,480,2,78,81.0,
COGBCI,nback,nearear,ccb,,,6,1,-0.0625,0.2916666666666667,253,480,2,67,79.0,
COGBCI,nback,nearear,ccb,,,6,2,-0.0093750000000001,0.3270833333333333,253,480,2,44,79.0,
COGBCI,nback,nearear,ccb,,,6,3,0.0374999999999999,0.3583333333333333,253,480,2,96,46.0,
COGBCI,nback,nearear,ccb,,,6,42,-0.0406249999999999,0.30625,253,480,2,100,94.0,
COGBCI,nback,nearear,fixed,fbcsp,lda,7,-1,-0.0030166389456309,0.3340163934426229,258,488,2,0,0.0,
COGBCI,nback,nearear,fixed,fbcsp,svm,7,-1,0.0,0.3360655737704918,258,488,2,0,0.0,
COGBCI,nback,nearear,fixed,fbcsp,decision_tree,7,-1,-0.002934183234684,0.3340163934426229,258,488,2,0,0.0,
COGBCI,nback,nearear,fixed,fbcsp,random_forest,7,-1,7.588980799877465e-05,0.3360655737704918,258,488,2,0,0.0,
COGBCI,nback,nearear,fixed,bandpower,lda,7,-1,0.0018879798615482,0.3340163934426229,258,488,2,0,0.0,
COGBCI,nback,nearear,fixed,bandpower,svm,7,-1,0.0919298068553118,0.3954918032786885,258,488,2,0,0.0,
COGBCI,nback,nearear,fixed,bandpower,decision_tree,7,-1,-0.0040204609373524,0.3299180327868852,258,488,2,0,0.0,
COGBCI,nback,nearear,fixed,bandpower,random_forest,7,-1,0.0149001400436532,0.3442622950819672,258,488,2,0,0.0,
COGBCI,nback,nearear,ccb,,,7,0,8.221343873504594e-05,0.3360655737704918,258,488,2,88,38.0,
COGBCI,nback,nearear,ccb,,,7,1,-0.0029658953652351,0.3340163934426229,258,488,2,90,45.0,
COGBCI,nback,nearear,ccb,,,7,2,0.0108710020583773,0.3401639344262295,258,488,2,86,37.0,
COGBCI,nback,nearear,ccb,,,7,3,0.0031494668673555,0.3381147540983606,258,488,2,89,41.0,
COGBCI,nback,nearear,ccb,,,7,42,-0.0060519442740512,0.3319672131147541,258,488,2,92,42.0,
COGBCI,nback,nearear,fixed,fbcsp,lda,8,-1,0.0292340265303728,0.3529411764705882,255,493,2,0,0.0,
COGBCI,nback,nearear,fixed,fbcsp,svm,8,-1,-0.0068656846130448,0.332657200811359,255,493,2,0,0.0,
COGBCI,nback,nearear,fixed,fbcsp,decision_tree,8,-1,-0.072483080050574,0.2880324543610548,255,493,2,0,0.0,
COGBCI,nback,nearear,fixed,fbcsp,random_forest,8,-1,0.0639356672168377,0.3793103448275862,255,493,2,0,0.0,
COGBCI,nback,nearear,fixed,bandpower,lda,8,-1,0.0753675218965677,0.385395537525355,255,493,2,0,0.0,
COGBCI,nback,nearear,fixed,bandpower,svm,8,-1,0.0435847056854736,0.3651115618661257,255,493,2,0,0.0,
COGBCI,nback,nearear,fixed,bandpower,decision_tree,8,-1,0.0967510321306767,0.3995943204868154,255,493,2,0,0.0,
COGBCI,nback,nearear,fixed,bandpower,random_forest,8,-1,0.0805544196190689,0.3894523326572008,255,493,2,0,0.0,
COGBCI,nback,nearear,ccb,,,8,0,0.0459809075389953,0.3630831643002028,255,493,2,68,75.0,
COGBCI,nback,nearear,ccb,,,8,1,0.0225504002371776,0.3488843813387424,255,493,2,66,65.0,
COGBCI,nback,nearear,ccb,,,8,2,-0.015623361644123,0.3225152129817444,255,493,2,84,73.0,
COGBCI,nback,nearear,ccb,,,8,3,0.0122669223299777,0.3387423935091277,255,493,2,63,85.0,
COGBCI,nback,nearear,ccb,,,8,42,0.0056425168594939,0.3387423935091277,255,493,2,58,83.0,
COGBCI,nback,nearear,fixed,fbcsp,lda,9,-1,-0.1325808349456856,0.2348178137651821,256,494,2,0,0.0,
COGBCI,nback,nearear,fixed,fbcsp,svm,9,-1,-0.173368162075145,0.2085020242914979,256,494,2,0,0.0,
COGBCI,nback,nearear,fixed,fbcsp,decision_tree,9,-1,-0.019638791925937,0.3117408906882591,256,494,2,0,0.0,
COGBCI,nback,nearear,fixed,fbcsp,random_forest,9,-1,-0.1325808349456856,0.2348178137651821,256,494,2,0,0.0,
COGBCI,nback,nearear,fixed,bandpower,lda,9,-1,0.0760979959870197,0.388663967611336,256,494,2,0,0.0,
COGBCI,nback,nearear,fixed,bandpower,svm,9,-1,0.0628103784990234,0.3805668016194332,256,494,2,0,0.0,
COGBCI,nback,nearear,fixed,bandpower,decision_tree,9,-1,0.0253276513628688,0.354251012145749,256,494,2,0,0.0,
COGBCI,nback,nearear,fixed,bandpower,random_forest,9,-1,0.0345917821178286,0.3643724696356275,256,494,2,0,0.0,
COGBCI,nback,nearear,ccb,,,9,0,-0.144711620119865,0.2267206477732793,256,494,2,79,58.0,
COGBCI,nback,nearear,ccb,,,9,1,-0.1028859512354929,0.2550607287449393,256,494,2,90,59.0,
COGBCI,nback,nearear,ccb,,,9,2,-0.13861476220226,0.2307692307692307,256,494,2,75,59.0,
COGBCI,nback,nearear,ccb,,,9,3,-0.0213666403928938,0.3097165991902834,256,494,2,92,62.0,
COGBCI,nback,nearear,ccb,,,9,42,-0.1193830747583284,0.2469635627530364,256,494,2,78,77.0,
COGBCI,nback,nearear,fixed,fbcsp,lda,10,-1,-0.0285611722089873,0.313152400835073,263,479,2,0,0.0,
COGBCI,nback,nearear,fixed,fbcsp,svm,10,-1,-0.0220617022942604,0.3173277661795407,263,479,2,0,0.0,
COGBCI,nback,nearear,fixed,fbcsp,decision_tree,10,-1,-0.0537712323580483,0.2964509394572025,263,479,2,0,0.0,
COGBCI,nback,nearear,fixed,fbcsp,random_forest,10,-1,-0.0098032177006166,0.325678496868476,263,479,2,0,0.0,
COGBCI,nback,nearear,fixed,bandpower,lda,10,-1,-0.0444654806593765,0.302713987473904,263,479,2,0,0.0,
COGBCI,nback,nearear,fixed,bandpower,svm,10,-1,-0.0197612454939659,0.3194154488517745,263,479,2,0,0.0,
COGBCI,nback,nearear,fixed,bandpower,decision_tree,10,-1,-0.0762427908009639,0.2818371607515658,263,479,2,0,0.0,
COGBCI,nback,nearear,fixed,bandpower,random_forest,10,-1,-0.0290447490254206,0.313152400835073,263,479,2,0,0.0,
COGBCI,nback,nearear,ccb,,,10,0,-0.0474695318976714,0.3006263048016701,263,479,2,81,78.0,
COGBCI,nback,nearear,ccb,,,10,1,-4.5670144122045286e-05,0.3319415448851774,263,479,2,61,73.0,
COGBCI,nback,nearear,ccb,,,10,2,-0.0062103265493096,0.3298538622129436,263,479,2,84,108.0,
COGBCI,nback,nearear,ccb,,,10,3,0.0150723918691332,0.3423799582463465,263,479,2,65,87.0,
COGBCI,nback,nearear,ccb,,,10,42,-0.0191755430242273,0.3194154488517745,263,479,2,72,97.0,
COGBCI,nback,nearear,fixed,fbcsp,lda,11,-1,-0.0011411898200681,0.3326403326403326,292,481,2,0,0.0,
COGBCI,nback,nearear,fixed,fbcsp,svm,11,-1,0.0385681188388679,0.3596673596673597,292,481,2,0,0.0,
COGBCI,nback,nearear,fixed,fbcsp,decision_tree,11,-1,0.0483032870367367,0.3659043659043659,292,481,2,0,0.0,
COGBCI,nback,nearear,fixed,fbcsp,random_forest,11,-1,0.0384994807892004,0.3596673596673597,292,481,2,0,0.0,
COGBCI,nback,nearear,fixed,bandpower,lda,11,-1,0.0900539027676998,0.3929313929313929,292,481,2,0,0.0,
COGBCI,nback,nearear,fixed,bandpower,svm,11,-1,0.0702781939768959,0.3804573804573805,292,481,2,0,0.0,
COGBCI,nback,nearear,fixed,bandpower,decision_tree,11,-1,0.0582873590789159,0.3721413721413721,292,481,2,0,0.0,
COGBCI,nback,nearear,fixed,bandpower,random_forest,11,-1,0.0610951868328556,0.3742203742203742,292,481,2,0,0.0,
COGBCI,nback,nearear,ccb,,,11,0,0.1355936601854195,0.4241164241164241,292,481,2,52,127.0,
COGBCI,nback,nearear,ccb,,,11,1,0.0673216601815823,0.3783783783783784,292,481,2,57,117.0,
COGBCI,nback,nearear,ccb,,,11,2,-0.0038954893992131,0.3305613305613306,292,481,2,51,124.0,
COGBCI,nback,nearear,ccb,,,11,3,0.1916962964885415,0.4615384615384615,292,481,2,67,121.0,
COGBCI,nback,nearear,ccb,,,11,42,0.0571137406611667,0.3721413721413721,292,481,2,57,112.0,
COGBCI,nback,nearear,fixed,fbcsp,lda,12,-1,-0.0481912999890752,0.3037190082644628,251,484,2,0,0.0,
COGBCI,nback,nearear,fixed,fbcsp,svm,12,-1,-0.1189026739616243,0.256198347107438,251,484,2,0,0.0,
COGBCI,nback,nearear,fixed,fbcsp,decision_tree,12,-1,0.0118263415385799,0.3429752066115702,251,484,2,0,0.0,
COGBCI,nback,nearear,fixed,fbcsp,random_forest,12,-1,-0.1286254809885076,0.25,251,484,2,0,0.0,
COGBCI,nback,nearear,fixed,bandpower,lda,12,-1,-0.0501206799157809,0.3016528925619834,251,484,2,0,0.0,
COGBCI,nback,nearear,fixed,bandpower,svm,12,-1,-0.0469130097112304,0.3037190082644628,251,484,2,0,0.0,
COGBCI,nback,nearear,fixed,bandpower,decision_tree,12,-1,-0.1025835183592795,0.2665289256198347,251,484,2,0,0.0,
COGBCI,nback,nearear,fixed,bandpower,random_forest,12,-1,0.0263503514020847,0.3512396694214876,251,484,2,0,0.0,
COGBCI,nback,nearear,ccb,,,12,0,-0.0856900452488689,0.2789256198347107,251,484,2,94,48.0,
COGBCI,nback,nearear,ccb,,,12,1,-0.0020510644317135,0.3347107438016529,251,484,2,89,56.0,
COGBCI,nback,nearear,ccb,,,12,2,-0.0488990636896802,0.3037190082644628,251,484,2,79,50.0,
COGBCI,nback,nearear,ccb,,,12,3,-0.0641876253664557,0.2933884297520661,251,484,2,87,58.0,
COGBCI,nback,nearear,ccb,,,12,42,0.0689852610992093,0.3822314049586777,251,484,2,91,42.0,
COGBCI,nback,nearear,fixed,fbcsp,lda,13,-1,0.0359872121450428,0.3444881889763779,254,508,2,0,0.0,
COGBCI,nback,nearear,fixed,fbcsp,svm,13,-1,0.0021862403497984,0.3208661417322834,254,508,2,0,0.0,
COGBCI,nback,nearear,fixed,fbcsp,decision_tree,13,-1,0.0830272530460464,0.3779527559055118,254,508,2,0,0.0,
COGBCI,nback,nearear,fixed,fbcsp,random_forest,13,-1,0.0095659411449486,0.326771653543307,254,508,2,0,0.0,
COGBCI,nback,nearear,fixed,bandpower,lda,13,-1,0.0520549195950649,0.3562992125984252,254,508,2,0,0.0,
COGBCI,nback,nearear,fixed,bandpower,svm,13,-1,0.0014498816598566,0.3248031496062992,254,508,2,0,0.0,
COGBCI,nback,nearear,fixed,bandpower,decision_tree,13,-1,0.0245272528215798,0.3405511811023622,254,508,2,0,0.0,
COGBCI,nback,nearear,fixed,bandpower,random_forest,13,-1,0.059421037546575,0.3641732283464567,254,508,2,0,0.0,
COGBCI,nback,nearear,ccb,,,13,0,0.1071902908174949,0.3956692913385827,254,508,2,70,65.0,
COGBCI,nback,nearear,ccb,,,13,1,0.0500017104347925,0.3543307086614173,254,508,2,78,68.0,
COGBCI,nback,nearear,ccb,,,13,2,0.0497052557433269,0.3622047244094488,254,508,2,100,74.0,
COGBCI,nback,nearear,ccb,,,13,3,-0.0996300665422103,0.2559055118110236,254,508,2,100,77.0,
COGBCI,nback,nearear,ccb,,,13,42,0.0426424985865783,0.3503937007874015,254,508,2,63,69.0,
COGBCI,nback,nearear,fixed,fbcsp,lda,14,-1,0.0275890622353538,0.3517382413087934,251,489,2,0,0.0,
COGBCI,nback,nearear,fixed,fbcsp,svm,14,-1,0.0158930183569063,0.3435582822085889,251,489,2,0,0.0,
COGBCI,nback,nearear,fixed,fbcsp,decision_tree,14,-1,-0.0165110731258335,0.3210633946830266,251,489,2,0,0.0,
COGBCI,nback,nearear,fixed,fbcsp,random_forest,14,-1,0.020726945028537,0.3456032719836401,251,489,2,0,0.0,
COGBCI,nback,nearear,fixed,bandpower,lda,14,-1,0.0360842216279331,0.3578732106339468,251,489,2,0,0.0,
COGBCI,nback,nearear,fixed,bandpower,svm,14,-1,-0.0179260011662245,0.3210633946830266,251,489,2,0,0.0,
COGBCI,nback,nearear,fixed,bandpower,decision_tree,14,-1,-0.0471552373775434,0.3026584867075664,251,489,2,0,0.0,
COGBCI,nback,nearear,fixed,bandpower,random_forest,14,-1,0.0110788710102875,0.3415132924335378,251,489,2,0,0.0,
COGBCI,nback,nearear,ccb,,,14,0,0.0372989748894949,0.3578732106339468,251,489,2,94,73.0,
COGBCI,nback,nearear,ccb,,,14,1,-0.1032408891235083,0.2658486707566462,251,489,2,92,87.0,
COGBCI,nback,nearear,ccb,,,14,2,0.0101152537274145,0.3394683026584867,251,489,2,90,71.0,
COGBCI,nback,nearear,ccb,,,14,3,-0.0931560009795979,0.2719836400817996,251,489,2,90,70.0,
COGBCI,nback,nearear,ccb,,,14,42,0.0649802520218167,0.3762781186094069,251,489,2,87,72.0,
COGBCI,nback,nearear,fixed,fbcsp,lda,15,-1,0.0217689185346051,0.3485477178423236,247,482,2,0,0.0,
COGBCI,nback,nearear,fixed,fbcsp,svm,15,-1,0.0047124011237265,0.3381742738589212,247,482,2,0,0.0,
COGBCI,nback,nearear,fixed,fbcsp,decision_tree,15,-1,-0.031125990460556,0.3132780082987552,247,482,2,0,0.0,
COGBCI,nback,nearear,fixed,fbcsp,random_forest,15,-1,-0.0365524456556838,0.3091286307053942,247,482,2,0,0.0,
COGBCI,nback,nearear,fixed,bandpower,lda,15,-1,0.0811368101620402,0.3900414937759336,247,482,2,0,0.0,
COGBCI,nback,nearear,fixed,bandpower,svm,15,-1,0.1098713113798063,0.4087136929460581,247,482,2,0,0.0,
COGBCI,nback,nearear,fixed,bandpower,decision_tree,15,-1,0.0727527107380202,0.3838174273858921,247,482,2,0,0.0,
COGBCI,nback,nearear,fixed,bandpower,random_forest,15,-1,0.1189556379475744,0.4149377593360996,247,482,2,0,0.0,
COGBCI,nback,nearear,ccb,,,15,0,0.0411572706027771,0.3589211618257261,247,482,2,71,101.0,
COGBCI,nback,nearear,ccb,,,15,1,-0.0040298245955574,0.3340248962655601,247,482,2,32,87.0,
COGBCI,nback,nearear,ccb,,,15,2,-0.0386527810833585,0.3049792531120332,247,482,2,67,93.0,
COGBCI,nback,nearear,ccb,,,15,3,0.0044334056147891,0.3340248962655601,247,482,2,49,106.0,
COGBCI,nback,nearear,ccb,,,15,42,0.0493954471628554,0.3651452282157676,247,482,2,47,90.0,
COGBCI,nback,nearear,fixed,fbcsp,lda,16,-1,-0.0061466196946822,0.3298097251585624,244,473,2,0,0.0,
COGBCI,nback,nearear,fixed,fbcsp,svm,16,-1,0.0,0.3340380549682875,244,473,2,0,0.0,
COGBCI,nback,nearear,fixed,fbcsp,decision_tree,16,-1,0.0065892331125738,0.3382663847780127,244,473,2,0,0.0,
COGBCI,nback,nearear,fixed,fbcsp,random_forest,16,-1,0.028864734299517,0.3530655391120507,244,473,2,0,0.0,
COGBCI,nback,nearear,fixed,bandpower,lda,16,-1,0.1102594655384782,0.4059196617336152,244,473,2,0,0.0,
COGBCI,nback,nearear,fixed,bandpower,svm,16,-1,0.0754421431727205,0.3826638477801268,244,473,2,0,0.0,
COGBCI,nback,nearear,fixed,bandpower,decision_tree,16,-1,0.0564254299351332,0.3699788583509514,244,473,2,0,0.0,
COGBCI,nback,nearear,fixed,bandpower,random_forest,16,-1,0.0881134235241352,0.3911205073995771,244,473,2,0,0.0,
COGBCI,nback,nearear,ccb,,,16,0,0.0560842167295032,0.3699788583509514,244,473,2,83,76.0,
COGBCI,nback,nearear,ccb,,,16,1,0.0,0.3340380549682875,244,473,2,68,100.0,
COGBCI,nback,nearear,ccb,,,16,2,0.0081731638853346,0.3382663847780127,244,473,2,64,72.0,
COGBCI,nback,nearear,ccb,,,16,3,0.1388660200933047,0.4249471458773784,244,473,2,91,81.0,
COGBCI,nback,nearear,ccb,,,16,42,0.0,0.3340380549682875,244,473,2,82,89.0,
COGBCI,nback,nearear,fixed,fbcsp,lda,17,-1,0.0343615362249888,0.3550420168067227,245,476,2,0,0.0,
COGBCI,nback,nearear,fixed,fbcsp,svm,17,-1,-0.0001321457832281,0.3319327731092437,245,476,2,0,0.0,
COGBCI,nback,nearear,fixed,fbcsp,decision_tree,17,-1,0.0012179300484524,0.3340336134453781,245,476,2,0,0.0,
COGBCI,nback,nearear,fixed,fbcsp,random_forest,17,-1,-0.0001321457832279,0.3319327731092437,245,476,2,0,0.0,
COGBCI,nback,nearear,fixed,bandpower,lda,17,-1,0.0529373532649786,0.3697478991596639,245,476,2,0,0.0,
COGBCI,nback,nearear,fixed,bandpower,svm,17,-1,0.0481260760164217,0.3655462184873949,245,476,2,0,0.0,
COGBCI,nback,nearear,fixed,bandpower,decision_tree,17,-1,-0.0212157330154947,0.3193277310924369,245,476,2,0,0.0,
COGBCI,nback,nearear,fixed,bandpower,random_forest,17,-1,0.0450247636199911,0.3634453781512605,245,476,2,0,0.0,
COGBCI,nback,nearear,ccb,,,17,0,0.028263368612994,0.3508403361344537,245,476,2,100,83.0,
COGBCI,nback,nearear,ccb,,,17,1,-0.0943540821584767,0.2689075630252101,245,476,2,100,92.0,
COGBCI,nback,nearear,ccb,,,17,2,-0.0063690900922328,0.3277310924369748,245,476,2,100,94.0,
COGBCI,nback,nearear,ccb,,,17,3,0.1383420099891651,0.4243697478991596,245,476,2,100,75.0,
COGBCI,nback,nearear,ccb,,,17,42,0.0298057070252527,0.3529411764705882,245,476,2,100,95.0,
COGBCI,nback,nearear,fixed,fbcsp,lda,18,-1,-0.0679215805818584,0.2880658436213992,257,486,2,0,0.0,
COGBCI,nback,nearear,fixed,fbcsp,svm,18,-1,-0.0792599360438555,0.279835390946502,257,486,2,0,0.0,
COGBCI,nback,nearear,fixed,fbcsp,decision_tree,18,-1,-0.0343250300177246,0.3106995884773662,257,486,2,0,0.0,
COGBCI,nback,nearear,fixed,fbcsp,random_forest,18,-1,-0.07129380824424,0.2860082304526748,257,486,2,0,0.0,
COGBCI,nback,nearear,fixed,bandpower,lda,18,-1,0.0657403882755994,0.3765432098765432,257,486,2,0,0.0,
COGBCI,nback,nearear,fixed,bandpower,svm,18,-1,0.1336733528717695,0.4218106995884774,257,486,2,0,0.0,
COGBCI,nback,nearear,fixed,bandpower,decision_tree,18,-1,0.0651888247728962,0.3765432098765432,257,486,2,0,0.0,
COGBCI,nback,nearear,fixed,bandpower,random_forest,18,-1,0.1027919989342062,0.4012345679012346,257,486,2,0,0.0,
COGBCI,nback,nearear,ccb,,,18,0,-0.020302540195985,0.3189300411522633,257,486,2,100,47.0,
COGBCI,nback,nearear,ccb,,,18,1,0.076537204529908,0.382716049382716,257,486,2,78,43.0,
COGBCI,nback,nearear,ccb,,,18,2,-0.1251498487241449,0.2489711934156378,257,486,2,100,48.0,
COGBCI,nback,nearear,ccb,,,18,3,-0.1147142123971185,0.2551440329218107,257,486,2,100,43.0,
COGBCI,nback,nearear,ccb,,,18,42,-0.0117481292484624,0.3251028806584362,257,486,2,100,43.0,
COGBCI,nback,nearear,fixed,fbcsp,lda,19,-1,0.1281693758485305,0.4181818181818181,249,495,2,0,0.0,
COGBCI,nback,nearear,fixed,fbcsp,svm,19,-1,-0.0189775509458323,0.3171717171717171,249,495,2,0,0.0,
COGBCI,nback,nearear,fixed,fbcsp,decision_tree,19,-1,0.0740673040013161,0.3797979797979798,249,495,2,0,0.0,
COGBCI,nback,nearear,fixed,fbcsp,random_forest,19,-1,0.0238719318014795,0.3494949494949494,249,495,2,0,0.0,
COGBCI,nback,nearear,fixed,bandpower,lda,19,-1,0.1695342828102231,0.4464646464646464,249,495,2,0,0.0,
COGBCI,nback,nearear,fixed,bandpower,svm,19,-1,0.1680112948769665,0.4444444444444444,249,495,2,0,0.0,
COGBCI,nback,nearear,fixed,bandpower,decision_tree,19,-1,0.2003329258779229,0.4686868686868687,249,495,2,0,0.0,
COGBCI,nback,nearear,fixed,bandpower,random_forest,19,-1,0.2052870562714855,0.4707070707070707,249,495,2,0,0.0,
COGBCI,nback,nearear,ccb,,,19,0,-0.0512112158404272,0.2949494949494949,249,495,2,100,57.0,
COGBCI,nback,nearear,ccb,,,19,1,-0.1193907032878616,0.2505050505050505,249,495,2,100,54.0,
COGBCI,nback,nearear,ccb,,,19,2,-0.0598658709161386,0.296969696969697,249,495,2,100,56.0,
COGBCI,nback,nearear,ccb,,,19,3,0.0236506414983039,0.3515151515151515,249,495,2,98,54.0,
COGBCI,nback,nearear,ccb,,,19,42,-0.1057695250102512,0.2626262626262626,249,495,2,100,59.0,
COGBCI,nback,nearear,fixed,fbcsp,lda,20,-1,0.175394600973595,0.4503171247357294,255,473,2,0,0.0,
COGBCI,nback,nearear,fixed,fbcsp,svm,20,-1,0.0869337909031193,0.3911205073995771,255,473,2,0,0.0,
COGBCI,nback,nearear,fixed,fbcsp,decision_tree,20,-1,0.0587663816900276,0.3720930232558139,255,473,2,0,0.0,
COGBCI,nback,nearear,fixed,fbcsp,random_forest,20,-1,0.071144205249189,0.3805496828752642,255,473,2,0,0.0,
COGBCI,nback,nearear,fixed,bandpower,lda,20,-1,0.0604751040128841,0.3742071881606765,255,473,2,0,0.0,
COGBCI,nback,nearear,fixed,bandpower,svm,20,-1,0.0955112721417068,0.3974630021141649,255,473,2,0,0.0,
COGBCI,nback,nearear,fixed,bandpower,decision_tree,20,-1,0.0810857885499148,0.386892177589852,255,473,2,0,0.0,
COGBCI,nback,nearear,fixed,bandpower,random_forest,20,-1,0.0547485883662602,0.3699788583509514,255,473,2,0,0.0,
COGBCI,nback,nearear,ccb,,,20,0,0.1238624466457275,0.4164904862579281,255,473,2,34,61.0,
COGBCI,nback,nearear,ccb,,,20,1,0.1567723342939482,0.4376321353065539,255,473,2,75,77.0,
COGBCI,nback,nearear,ccb,,,20,2,-0.069331705419076,0.2875264270613107,255,473,2,64,100.0,
COGBCI,nback,nearear,ccb,,,20,3,0.017409601415284,0.3446088794926004,255,473,2,78,61.0,
COGBCI,nback,nearear,ccb,,,20,42,0.0382566098510267,0.3594080338266385,255,473,2,34,29.0,
COGBCI,nback,nearear,fixed,fbcsp,lda,21,-1,-0.0128573034572123,0.3207171314741036,251,502,2,0,0.0,
COGBCI,nback,nearear,fixed,fbcsp,svm,21,-1,-0.0726936511197862,0.2749003984063745,251,502,2,0,0.0,
COGBCI,nback,nearear,fixed,fbcsp,decision_tree,21,-1,-0.0393746830156032,0.3087649402390438,251,502,2,0,0.0,
COGBCI,nback,nearear,fixed,fbcsp,random_forest,21,-1,-0.0664400658558606,0.2828685258964143,251,502,2,0,0.0,
COGBCI,nback,nearear,fixed,bandpower,lda,21,-1,0.0921111928085195,0.3924302788844621,251,502,2,0,0.0,
COGBCI,nback,nearear,fixed,bandpower,svm,21,-1,0.0035492300126208,0.3326693227091633,251,502,2,0,0.0,
COGBCI,nback,nearear,fixed,bandpower,decision_tree,21,-1,0.0381601504339212,0.3565737051792829,251,502,2,0,0.0,
COGBCI,nback,nearear,fixed,bandpower,random_forest,21,-1,0.0435832199278148,0.3585657370517928,251,502,2,0,0.0,
COGBCI,nback,nearear,ccb,,,21,0,-0.0439601389606798,0.3107569721115538,251,502,2,77,75.0,
COGBCI,nback,nearear,ccb,,,21,1,0.000710934167496,0.3306772908366533,251,502,2,84,94.0,
COGBCI,nback,nearear,ccb,,,21,2,-0.1115113011029498,0.2529880478087649,251,502,2,89,66.0,
COGBCI,nback,nearear,ccb,,,21,3,-0.0165352632461837,0.3266932270916334,251,502,2,68,80.0,
COGBCI,nback,nearear,ccb,,,21,42,-0.0745682198047092,0.2729083665338645,251,502,2,87,76.0,
COGBCI,nback,nearear,fixed,fbcsp,lda,22,-1,0.1475800911759196,0.4338085539714867,278,491,2,0,0.0,
COGBCI,nback,nearear,fixed,fbcsp,svm,22,-1,0.1202680752396184,0.4114052953156822,278,491,2,0,0.0,
COGBCI,nback,nearear,fixed,fbcsp,decision_tree,22,-1,0.1129040269206411,0.4073319755600815,278,491,2,0,0.0,
COGBCI,nback,nearear,fixed,fbcsp,random_forest,22,-1,0.1024377850485822,0.3991853360488798,278,491,2,0,0.0,
COGBCI,nback,nearear,fixed,bandpower,lda,22,-1,-0.0173411483610841,0.3217922606924643,278,491,2,0,0.0,
COGBCI,nback,nearear,fixed,bandpower,svm,22,-1,0.0592582455179964,0.3727087576374745,278,491,2,0,0.0,
COGBCI,nback,nearear,fixed,bandpower,decision_tree,22,-1,0.013381525904544,0.3421588594704684,278,491,2,0,0.0,
COGBCI,nback,nearear,fixed,bandpower,random_forest,22,-1,0.0434194525103617,0.3604887983706721,278,491,2,0,0.0,
COGBCI,nback,nearear,ccb,,,22,0,0.0807067575945443,0.384928716904277,278,491,2,94,111.0,
COGBCI,nback,nearear,ccb,,,22,1,0.0695095127437211,0.3788187372708758,278,491,2,73,92.0,
COGBCI,nback,nearear,ccb,,,22,2,0.1222891192353049,0.4134419551934827,278,491,2,58,108.0,
COGBCI,nback,nearear,ccb,,,22,3,0.0941298196187935,0.3971486761710794,278,491,2,82,89.0,
COGBCI,nback,nearear,ccb,,,22,42,0.058223371819863,0.3747454175152749,278,491,2,87,98.0,
COGBCI,nback,nearear,fixed,fbcsp,lda,23,-1,-0.0027400572188418,0.3354430379746835,245,474,2,0,0.0,
COGBCI,nback,nearear,fixed,fbcsp,svm,23,-1,0.0975635734256422,0.3966244725738396,245,474,2,0,0.0,
COGBCI,nback,nearear,fixed,fbcsp,decision_tree,23,-1,0.0153182451715669,0.339662447257384,245,474,2,0,0.0,
COGBCI,nback,nearear,fixed,fbcsp,random_forest,23,-1,0.0444696615713235,0.3628691983122363,245,474,2,0,0.0,
COGBCI,nback,nearear,fixed,bandpower,lda,23,-1,0.0826337075052388,0.3881856540084388,245,474,2,0,0.0,
COGBCI,nback,nearear,fixed,bandpower,svm,23,-1,0.0695457094784071,0.379746835443038,245,474,2,0,0.0,
COGBCI,nback,nearear,fixed,bandpower,decision_tree,23,-1,0.0007471847147353,0.3333333333333333,245,474,2,0,0.0,
COGBCI,nback,nearear,fixed,bandpower,random_forest,23,-1,0.0852109572208941,0.390295358649789,245,474,2,0,0.0,
COGBCI,nback,nearear,ccb,,,23,0,0.0237063810561564,0.3459915611814346,245,474,2,94,68.0,
COGBCI,nback,nearear,ccb,,,23,1,0.0826337075052388,0.3881856540084388,245,474,2,83,71.0,
COGBCI,nback,nearear,ccb,,,23,2,0.1261015414925054,0.4156118143459915,245,474,2,90,68.0,
COGBCI,nback,nearear,ccb,,,23,3,0.0928350234579551,0.3924050632911392,245,474,2,100,59.0,
COGBCI,nback,nearear,ccb,,,23,42,-0.0208411364974048,0.3206751054852321,245,474,2,100,73.0,
COGBCI,nback,nearear,fixed,fbcsp,lda,24,-1,0.0,0.3333333333333333,265,486,2,0,0.0,
COGBCI,nback,nearear,fixed,fbcsp,svm,24,-1,0.0,0.3333333333333333,265,486,2,0,0.0,
COGBCI,nback,nearear,fixed,fbcsp,decision_tree,24,-1,0.0216049382716049,0.3477366255144033,265,486,2,0,0.0,
COGBCI,nback,nearear,fixed,fbcsp,random_forest,24,-1,-0.0030864197530864,0.331275720164609,265,486,2,0,0.0,
COGBCI,nback,nearear,fixed,bandpower,lda,24,-1,0.0679012345679012,0.3786008230452675,265,486,2,0,0.0,
COGBCI,nback,nearear,fixed,bandpower,svm,24,-1,-0.0092592592592593,0.3271604938271605,265,486,2,0,0.0,
COGBCI,nback,nearear,fixed,bandpower,decision_tree,24,-1,0.0216049382716049,0.3477366255144033,265,486,2,0,0.0,
COGBCI,nback,nearear,fixed,bandpower,random_forest,24,-1,0.058641975308642,0.3724279835390947,265,486,2,0,0.0,
COGBCI,nback,nearear,ccb,,,24,0,-0.0246913580246914,0.3168724279835391,265,486,2,40,78.0,
COGBCI,nback,nearear,ccb,,,24,1,-0.0462962962962962,0.3024691358024691,265,486,2,96,89.0,
COGBCI,nback,nearear,ccb,,,24,2,-0.0123456790123459,0.3251028806584362,265,486,2,42,75.0,
COGBCI,nback,nearear,ccb,,,24,3,0.015432098765432,0.3436213991769547,265,486,2,49,78.0,
COGBCI,nback,nearear,ccb,,,24,42,-0.0370370370370369,0.3086419753086419,265,486,2,64,96.0,
COGBCI,nback,nearear,fixed,fbcsp,lda,25,-1,0.0030643513789581,0.3360655737704918,258,488,2,0,0.0,
COGBCI,nback,nearear,fixed,fbcsp,svm,25,-1,-0.0014965616968609,0.3340163934426229,258,488,2,0,0.0,
COGBCI,nback,nearear,fixed,fbcsp,decision_tree,25,-1,0.0120772185188221,0.3422131147540984,258,488,2,0,0.0,
COGBCI,nback,nearear,fixed,fbcsp,random_forest,25,-1,-0.0030516254318933,0.3319672131147541,258,488,2,0,0.0,
COGBCI,nback,nearear,fixed,bandpower,lda,25,-1,-0.00922440589908,0.3278688524590163,258,488,2,0,0.0,
COGBCI,nback,nearear,fixed,bandpower,svm,25,-1,0.0341932596733836,0.3565573770491803,258,488,2,0,0.0,
COGBCI,nback,nearear,fixed,bandpower,decision_tree,25,-1,-0.0341323540508591,0.3094262295081967,258,488,2,0,0.0,
COGBCI,nback,nearear,fixed,bandpower,random_forest,25,-1,0.0463222129762717,0.3647540983606557,258,488,2,0,0.0,
COGBCI,nback,nearear,ccb,,,25,0,0.0031837697094257,0.3360655737704918,258,488,2,95,87.0,
COGBCI,nback,nearear,ccb,,,25,1,0.0030894944578252,0.3360655737704918,258,488,2,83,88.0,
COGBCI,nback,nearear,ccb,,,25,2,0.0468328265940164,0.3668032786885246,258,488,2,86,75.0,
COGBCI,nback,nearear,ccb,,,25,3,-0.0178326128873709,0.3217213114754098,258,488,2,99,91.0,
COGBCI,nback,nearear,ccb,,,25,42,0.0942424242424241,0.3975409836065574,258,488,2,94,86.0,
COGBCI,nback,nearear,fixed,fbcsp,lda,26,-1,-0.0376735977902247,0.3043478260869565,257,483,2,0,0.0,
COGBCI,nback,nearear,fixed,fbcsp,svm,26,-1,0.0201021426925736,0.3436853002070393,257,483,2,0,0.0,
COGBCI,nback,nearear,fixed,fbcsp,decision_tree,26,-1,-0.0227813603562103,0.3146997929606625,257,483,2,0,0.0,
COGBCI,nback,nearear,fixed,fbcsp,random_forest,26,-1,-0.0226635962387258,0.3146997929606625,257,483,2,0,0.0,
COGBCI,nback,nearear,fixed,bandpower,lda,26,-1,0.1238221606861273,0.4140786749482402,257,483,2,0,0.0,
COGBCI,nback,nearear,fixed,bandpower,svm,26,-1,0.1180371352785146,0.4099378881987577,257,483,2,0,0.0,
COGBCI,nback,nearear,fixed,bandpower,decision_tree,26,-1,0.0657879568074395,0.3747412008281574,257,483,2,0,0.0,
COGBCI,nback,nearear,fixed,bandpower,random_forest,26,-1,0.0684876210979548,0.3768115942028985,257,483,2,0,0.0,
COGBCI,nback,nearear,ccb,,,26,0,0.0436562860438292,0.3602484472049689,257,483,2,88,94.0,
COGBCI,nback,nearear,ccb,,,26,1,-0.0494229515739426,0.2960662525879917,257,483,2,91,96.0,
COGBCI,nback,nearear,ccb,,,26,2,-0.0011515430677109,0.3291925465838509,257,483,2,94,90.0,
COGBCI,nback,nearear,ccb,,,26,3,-0.0016898379291803,0.3291925465838509,257,483,2,96,81.0,
COGBCI,nback,nearear,ccb,,,26,42,0.0301578137028483,0.3519668737060041,257,483,2,100,80.0,
COGBCI,nback,nearear,fixed,fbcsp,lda,27,-1,0.0343615362249888,0.3550420168067227,245,476,2,0,0.0,
COGBCI,nback,nearear,fixed,fbcsp,svm,27,-1,-0.0001321457832281,0.3319327731092437,245,476,2,0,0.0,
COGBCI,nback,nearear,fixed,fbcsp,decision_tree,27,-1,0.0012179300484524,0.3340336134453781,245,476,2,0,0.0,
COGBCI,nback,nearear,fixed,fbcsp,random_forest,27,-1,-0.0001321457832279,0.3319327731092437,245,476,2,0,0.0,
COGBCI,nback,nearear,fixed,bandpower,lda,27,-1,0.0529373532649786,0.3697478991596639,245,476,2,0,0.0,
COGBCI,nback,nearear,fixed,bandpower,svm,27,-1,0.0481260760164217,0.3655462184873949,245,476,2,0,0.0,
COGBCI,nback,nearear,fixed,bandpower,decision_tree,27,-1,-0.0212157330154947,0.3193277310924369,245,476,2,0,0.0,
COGBCI,nback,nearear,fixed,bandpower,random_forest,27,-1,0.0450247636199911,0.3634453781512605,245,476,2,0,0.0,
COGBCI,nback,nearear,ccb,,,27,0,0.028263368612994,0.3508403361344537,245,476,2,100,83.0,
COGBCI,nback,nearear,ccb,,,27,1,-0.0943540821584767,0.2689075630252101,245,476,2,100,92.0,
COGBCI,nback,nearear,ccb,,,27,2,-0.0063690900922328,0.3277310924369748,245,476,2,100,94.0,
COGBCI,nback,nearear,ccb,,,27,3,0.1383420099891651,0.4243697478991596,245,476,2,100,75.0,
COGBCI,nback,nearear,ccb,,,27,42,0.0298057070252527,0.3529411764705882,245,476,2,100,95.0,
COGBCI,nback,nearear,fixed,fbcsp,lda,28,-1,0.0028302891027606,0.3285420944558521,258,487,2,0,0.0,
COGBCI,nback,nearear,fixed,fbcsp,svm,28,-1,0.0031902863676851,0.3347022587268994,258,487,2,0,0.0,
COGBCI,nback,nearear,fixed,fbcsp,decision_tree,28,-1,-0.0283652179394244,0.3121149897330595,258,487,2,0,0.0,
COGBCI,nback,nearear,fixed,fbcsp,random_forest,28,-1,-0.0001502704868765,0.3264887063655031,258,487,2,0,0.0,
COGBCI,nback,nearear,fixed,bandpower,lda,28,-1,0.0272907697087674,0.3531827515400411,258,487,2,0,0.0,
COGBCI,nback,nearear,fixed,bandpower,svm,28,-1,-0.0251011378002528,0.3162217659137577,258,487,2,0,0.0,
COGBCI,nback,nearear,fixed,bandpower,decision_tree,28,-1,-0.0548514413817058,0.2956878850102669,258,487,2,0,0.0,
COGBCI,nback,nearear,fixed,bandpower,random_forest,28,-1,-0.0278027019171225,0.3141683778234086,258,487,2,0,0.0,
COGBCI,nback,nearear,ccb,,,28,0,0.041459150820002,0.3572895277207392,258,487,2,95,87.0,
COGBCI,nback,nearear,ccb,,,28,1,0.0177330953052083,0.3388090349075975,258,487,2,83,88.0,
COGBCI,nback,nearear,ccb,,,28,2,0.0480519234053858,0.3655030800821355,258,487,2,86,75.0,
COGBCI,nback,nearear,ccb,,,28,3,0.042839843527107,0.3634496919917864,258,487,2,99,91.0,
COGBCI,nback,nearear,ccb,,,28,42,0.0759942200163346,0.3798767967145791,258,487,2,94,86.0,
COGBCI,nback,nearear,fixed,fbcsp,lda,29,-1,-0.0066658635505763,0.3276955602536998,251,473,2,0,0.0,
COGBCI,nback,nearear,fixed,fbcsp,svm,29,-1,0.0087376300601257,0.3382663847780127,251,473,2,0,0.0,
COGBCI,nback,nearear,fixed,fbcsp,decision_tree,29,-1,0.0138170067844788,0.3424947145877378,251,473,2,0,0.0,
COGBCI,nback,nearear,fixed,fbcsp,random_forest,29,-1,-0.0107379223493473,0.3255813953488372,251,473,2,0,0.0,
COGBCI,nback,nearear,fixed,bandpower,lda,29,-1,0.0160777314025741,0.3446088794926004,251,473,2,0,0.0,
COGBCI,nback,nearear,fixed,bandpower,svm,29,-1,-0.0031306806705715,0.3340380549682875,251,473,2,0,0.0,
COGBCI,nback,nearear,fixed,bandpower,decision_tree,29,-1,0.001534605693454,0.3340380549682875,251,473,2,0,0.0,
COGBCI,nback,nearear,fixed,bandpower,random_forest,29,-1,0.092763731473409,0.3953488372093023,251,473,2,0,0.0,
COGBCI,nback,nearear,ccb,,,29,0,0.0612688238370456,0.3742071881606765,251,473,2,61,85.0,
COGBCI,nback,nearear,ccb,,,29,1,0.0306725794530671,0.3551797040169133,251,473,2,90,89.0,
COGBCI,nback,nearear,ccb,,,29,2,0.1264186295503211,0.4164904862579281,251,473,2,89,93.0,
COGBCI,nback,nearear,ccb,,,29,3,0.0129170357248301,0.3424947145877378,251,473,2,70,85.0,
COGBCI,nback,nearear,ccb,,,29,42,0.0542285085482701,0.3699788583509514,251,473,2,74,86.0,
COGBCI,nback,full,fixed,fbcsp,lda,1,-1,-0.0056386947386475,0.3320754716981132,299,530,62,0,0.0,
COGBCI,nback,full,fixed,fbcsp,svm,1,-1,0.0116800957490008,0.3415094339622641,299,530,62,0,0.0,
COGBCI,nback,full,fixed,fbcsp,decision_tree,1,-1,0.0,0.3358490566037735,299,530,62,0,0.0,
COGBCI,nback,full,fixed,fbcsp,random_forest,1,-1,0.0,0.3358490566037735,299,530,62,0,0.0,
COGBCI,nback,full,fixed,bandpower,lda,1,-1,-0.0037664582488636,0.330188679245283,299,530,62,0,0.0,
COGBCI,nback,full,fixed,bandpower,svm,1,-1,0.0697885325309944,0.3792452830188679,299,530,62,0,0.0,
COGBCI,nback,full,fixed,bandpower,decision_tree,1,-1,0.0518530385560183,0.3679245283018867,299,530,62,0,0.0,
COGBCI,nback,full,fixed,bandpower,random_forest,1,-1,0.0610258490042476,0.3735849056603773,299,530,62,0,0.0,
COGBCI,nback,full,ccb,,,1,0,0.0367231638418079,0.3566037735849056,299,530,62,100,12.0,
COGBCI,nback,full,ccb,,,1,1,0.0254237288135593,0.3490566037735849,299,530,62,100,12.0,
COGBCI,nback,full,ccb,,,1,2,0.0480225988700564,0.3641509433962264,299,530,62,100,12.0,
COGBCI,nback,full,ccb,,,1,3,0.0028035988401843,0.3339622641509434,299,530,62,100,11.0,
COGBCI,nback,full,ccb,,,1,42,0.0,0.3358490566037735,299,530,62,100,14.0,
COGBCI,nback,full,fixed,fbcsp,lda,2,-1,-0.0027855153203344,0.33125,297,480,62,0,0.0,
COGBCI,nback,full,fixed,fbcsp,svm,2,-1,-0.0607734806629833,0.2916666666666667,297,480,62,0,0.0,
COGBCI,nback,full,fixed,fbcsp,decision_tree,2,-1,-0.0691537168983078,0.2875,297,480,62,0,0.0,
COGBCI,nback,full,fixed,fbcsp,random_forest,2,-1,-0.0433696048315717,0.3041666666666666,297,480,62,0,0.0,
COGBCI,nback,full,fixed,bandpower,lda,2,-1,0.0979097909790978,0.4020833333333333,297,480,62,0,0.0,
COGBCI,nback,full,fixed,bandpower,svm,2,-1,0.165381095568048,0.4458333333333333,297,480,62,0,0.0,
COGBCI,nback,full,fixed,bandpower,decision_tree,2,-1,0.1548744701662863,0.4375,297,480,62,0,0.0,
COGBCI,nback,full,fixed,bandpower,random_forest,2,-1,0.1731697768497977,0.45,297,480,62,0,0.0,
COGBCI,nback,full,ccb,,,2,0,-0.0031903118692622,0.33125,297,480,62,100,26.0,
COGBCI,nback,full,ccb,,,2,1,-0.0282563392313963,0.3104166666666667,297,480,62,100,29.0,
COGBCI,nback,full,ccb,,,2,2,0.0030668892425949,0.33125,297,480,62,100,15.0,
COGBCI,nback,full,ccb,,,2,3,0.2655655380752482,0.5125,297,480,62,100,19.0,
COGBCI,nback,full,ccb,,,2,42,0.1228274816283682,0.4125,297,480,62,100,15.0,
COGBCI,nback,full,fixed,fbcsp,lda,3,-1,-0.0032226689145378,0.325678496868476,302,479,62,0,0.0,
COGBCI,nback,full,fixed,fbcsp,svm,3,-1,-0.0031511174796245,0.325678496868476,302,479,62,0,0.0,
COGBCI,nback,full,fixed,fbcsp,decision_tree,3,-1,0.0153300433832446,0.3382045929018789,302,479,62,0,0.0,
COGBCI,nback,full,fixed,fbcsp,random_forest,3,-1,0.0,0.3277661795407098,302,479,62,0,0.0,
COGBCI,nback,full,fixed,bandpower,lda,3,-1,-0.0005319286956071,0.3277661795407098,302,479,62,0,0.0,
COGBCI,nback,full,fixed,bandpower,svm,3,-1,0.0112749011742253,0.336116910229645,302,479,62,0,0.0,
COGBCI,nback,full,fixed,bandpower,decision_tree,3,-1,-0.0548536089439186,0.2922755741127348,302,479,62,0,0.0,
COGBCI,nback,full,fixed,bandpower,random_forest,3,-1,-0.0477318604002101,0.2964509394572025,302,479,62,0,0.0,
COGBCI,nback,full,ccb,,,3,0,-0.0038345249990268,0.325678496868476,302,479,62,100,11.0,
COGBCI,nback,full,ccb,,,3,1,0.0032208466983006,0.3444676409185804,302,479,62,100,14.0,
COGBCI,nback,full,ccb,,,3,2,0.0014157958656163,0.3298538622129436,302,479,62,100,20.0,
COGBCI,nback,full,ccb,,,3,3,0.0014094940899583,0.336116910229645,302,479,62,100,11.0,
COGBCI,nback,full,ccb,,,3,42,0.0014553178099433,0.336116910229645,302,479,62,100,19.0,
COGBCI,nback,full,fixed,fbcsp,lda,4,-1,0.0731654831073811,0.3813559322033898,300,472,62,0,0.0,
COGBCI,nback,full,fixed,fbcsp,svm,4,-1,0.0095637787014245,0.3389830508474576,300,472,62,0,0.0,
COGBCI,nback,full,fixed,fbcsp,decision_tree,4,-1,-0.0106521944059145,0.326271186440678,300,472,62,0,0.0,
COGBCI,nback,full,fixed,fbcsp,random_forest,4,-1,0.0031209642703401,0.3347457627118644,300,472,62,0,0.0,
COGBCI,nback,full,fixed,bandpower,lda,4,-1,0.0201132380695605,0.3474576271186441,300,472,62,0,0.0,
COGBCI,nback,full,fixed,bandpower,svm,4,-1,0.0750956203199912,0.3834745762711864,300,472,62,0,0.0,
COGBCI,nback,full,fixed,bandpower,decision_tree,4,-1,-0.0304149204252968,0.3135593220338983,300,472,62,0,0.0,
COGBCI,nback,full,fixed,bandpower,random_forest,4,-1,0.0815513062213844,0.3877118644067797,300,472,62,0,0.0,
COGBCI,nback,full,ccb,,,4,0,0.0,0.3347457627118644,300,472,62,100,18.0,
COGBCI,nback,full,ccb,,,4,1,0.0624488316847627,0.3728813559322034,300,472,62,100,22.0,
COGBCI,nback,full,ccb,,,4,2,0.0337865954333731,0.3538135593220339,300,472,62,100,20.0,
COGBCI,nback,full,ccb,,,4,3,0.0,0.3347457627118644,300,472,62,100,13.0,
COGBCI,nback,full,ccb,,,4,42,0.0,0.3305084745762712,300,472,62,100,19.0,
COGBCI,nback,full,fixed,fbcsp,lda,5,-1,0.0716318140140198,0.3797216699801193,261,503,62,0,0.0,
COGBCI,nback,full,fixed,fbcsp,svm,5,-1,0.1214025646018848,0.4115308151093439,261,503,62,0,0.0,
COGBCI,nback,full,fixed,fbcsp,decision_tree,5,-1,0.0561843120954812,0.3717693836978131,261,503,62,0,0.0,
COGBCI,nback,full,fixed,fbcsp,random_forest,5,-1,0.2643619393002586,0.510934393638171,261,503,62,0,0.0,
COGBCI,nback,full,fixed,bandpower,lda,5,-1,0.1293863808801213,0.4194831013916501,261,503,62,0,0.0,
COGBCI,nback,full,fixed,bandpower,svm,5,-1,0.1686296426214497,0.4473161033797216,261,503,62,0,0.0,
COGBCI,nback,full,fixed,bandpower,decision_tree,5,-1,0.0272979414182391,0.3499005964214712,261,503,62,0,0.0,
COGBCI,nback,full,fixed,bandpower,random_forest,5,-1,0.0745884224145094,0.3836978131212724,261,503,62,0,0.0,
COGBCI,nback,full,ccb,,,5,0,0.1762740731036289,0.4532803180914513,261,503,62,98,11.0,
COGBCI,nback,full,ccb,,,5,1,-0.0029790511214724,0.3359840954274354,261,503,62,95,9.0,
COGBCI,nback,full,ccb,,,5,2,0.0457445042566813,0.3638170974155069,261,503,62,96,18.0,
COGBCI,nback,full,ccb,,,5,3,-0.0029790511214724,0.3359840954274354,261,503,62,96,19.0,
COGBCI,nback,full,ccb,,,5,42,-0.0029790511214724,0.3359840954274354,261,503,62,100,10.0,
COGBCI,nback,full,fixed,fbcsp,lda,6,-1,0.0062499999999999,0.3375,253,480,62,0,0.0,
COGBCI,nback,full,fixed,fbcsp,svm,6,-1,0.0125000000000001,0.3416666666666667,253,480,62,0,0.0,
COGBCI,nback,full,fixed,fbcsp,decision_tree,6,-1,0.0687499999999999,0.3791666666666666,253,480,62,0,0.0,
COGBCI,nback,full,fixed,fbcsp,random_forest,6,-1,0.003125,0.3354166666666666,253,480,62,0,0.0,
COGBCI,nback,full,fixed,bandpower,lda,6,-1,0.025,0.35,253,480,62,0,0.0,
COGBCI,nback,full,fixed,bandpower,svm,6,-1,-0.015625,0.3229166666666667,253,480,62,0,0.0,
COGBCI,nback,full,fixed,bandpower,decision_tree,6,-1,-0.1,0.2666666666666666,253,480,62,0,0.0,
COGBCI,nback,full,fixed,bandpower,random_forest,6,-1,-0.0093749999999999,0.3270833333333333,253,480,62,0,0.0,
COGBCI,nback,full,ccb,,,6,0,0.0,0.3333333333333333,253,480,62,88,36.0,
COGBCI,nback,full,ccb,,,6,1,-0.0562499999999999,0.2958333333333333,253,480,62,70,58.0,
COGBCI,nback,full,ccb,,,6,2,-0.00625,0.3291666666666666,253,480,62,99,9.0,
COGBCI,nback,full,ccb,,,6,3,-0.0093749999999999,0.3270833333333333,253,480,62,100,49.0,
COGBCI,nback,full,ccb,,,6,42,0.0062499999999999,0.3375,253,480,62,99,26.0,
COGBCI,nback,full,fixed,fbcsp,lda,7,-1,0.0262187421065925,0.3524590163934426,258,488,62,0,0.0,
COGBCI,nback,full,fixed,fbcsp,svm,7,-1,0.012964824120603,0.3401639344262295,258,488,62,0,0.0,
COGBCI,nback,full,fixed,fbcsp,decision_tree,7,-1,0.0,0.3340163934426229,258,488,62,0,0.0,
COGBCI,nback,full,fixed,fbcsp,random_forest,7,-1,0.1897256569265022,0.4590163934426229,258,488,62,0,0.0,
COGBCI,nback,full,fixed,bandpower,lda,7,-1,0.0018691353518316,0.3340163934426229,258,488,62,0,0.0,
COGBCI,nback,full,fixed,bandpower,svm,7,-1,-0.0080542763469593,0.3299180327868852,258,488,62,0,0.0,
COGBCI,nback,full,fixed,bandpower,decision_tree,7,-1,-0.0162381171082184,0.3217213114754098,258,488,62,0,0.0,
COGBCI,nback,full,fixed,bandpower,random_forest,7,-1,-0.0148223529932305,0.3258196721311475,258,488,62,0,0.0,
COGBCI,nback,full,ccb,,,7,0,0.0187543471387922,0.3483606557377049,258,488,62,92,25.0,
COGBCI,nback,full,ccb,,,7,1,0.1568326995957951,0.4385245901639344,258,488,62,98,7.0,
COGBCI,nback,full,ccb,,,7,2,-0.0207146817196712,0.319672131147541,258,488,62,100,10.0,
COGBCI,nback,full,ccb,,,7,3,0.1198168597501372,0.4139344262295082,258,488,62,100,11.0,
COGBCI,nback,full,ccb,,,7,42,0.0439871244905543,0.3627049180327868,258,488,62,95,8.0,
COGBCI,nback,full,fixed,fbcsp,lda,8,-1,0.0,0.3387423935091277,255,493,62,0,0.0,
COGBCI,nback,full,fixed,fbcsp,svm,8,-1,0.0,0.3387423935091277,255,493,62,0,0.0,
COGBCI,nback,full,fixed,fbcsp,decision_tree,8,-1,0.0031171061309308,0.3407707910750507,255,493,62,0,0.0,
COGBCI,nback,full,fixed,fbcsp,random_forest,8,-1,-0.1100160027787771,0.2636916835699797,255,493,62,0,0.0,
COGBCI,nback,full,fixed,bandpower,lda,8,-1,-0.1251809151523399,0.2515212981744422,255,493,62,0,0.0,
COGBCI,nback,full,fixed,bandpower,svm,8,-1,0.0617994884025555,0.3752535496957404,255,493,62,0,0.0,
COGBCI,nback,full,fixed,bandpower,decision_tree,8,-1,0.0744336770100129,0.385395537525355,255,493,62,0,0.0,
COGBCI,nback,full,fixed,bandpower,random_forest,8,-1,0.1136216196178012,0.40973630831643,255,493,62,0,0.0,
COGBCI,nback,full,ccb,,,8,0,-0.0900715536037832,0.2697768762677485,255,493,62,100,11.0,
COGBCI,nback,full,ccb,,,8,1,-0.1086411560864115,0.2576064908722109,255,493,62,100,5.0,
COGBCI,nback,full,ccb,,,8,2,0.1391365730420568,0.4279918864097363,255,493,62,100,17.0,
COGBCI,nback,full,ccb,,,8,3,0.0298278401425795,0.3549695740365111,255,493,62,100,18.0,
COGBCI,nback,full,ccb,,,8,42,-0.0389405324371316,0.3042596348884381,255,493,62,99,7.0,
COGBCI,nback,full,fixed,fbcsp,lda,9,-1,0.0328248720585867,0.3603238866396761,256,494,62,0,0.0,
COGBCI,nback,full,fixed,fbcsp,svm,9,-1,-0.0237626409957214,0.3097165991902834,256,494,62,0,0.0,
COGBCI,nback,full,fixed,fbcsp,decision_tree,9,-1,-0.0031326226118395,0.3360323886639676,256,494,62,0,0.0,
COGBCI,nback,full,fixed,fbcsp,random_forest,9,-1,0.0267061947995799,0.354251012145749,256,494,62,0,0.0,
COGBCI,nback,full,fixed,bandpower,lda,9,-1,-3.636584035393575e-05,0.3238866396761133,256,494,62,0,0.0,
COGBCI,nback,full,fixed,bandpower,svm,9,-1,0.0041048310704137,0.3279352226720647,256,494,62,0,0.0,
COGBCI,nback,full,fixed,bandpower,decision_tree,9,-1,0.0716544627435715,0.374493927125506,256,494,62,0,0.0,
COGBCI,nback,full,fixed,bandpower,random_forest,9,-1,-0.0342630352461401,0.3016194331983806,256,494,62,0,0.0,
COGBCI,nback,full,ccb,,,9,0,-0.1194865810968495,0.2530364372469635,256,494,62,100,9.0,
COGBCI,nback,full,ccb,,,9,1,-0.2243395435576263,0.1740890688259109,256,494,62,99,18.0,
COGBCI,nback,full,ccb,,,9,2,-0.090139044270417,0.2732793522267207,256,494,62,100,1.0,
COGBCI,nback,full,ccb,,,9,3,0.0466387906079125,0.3562753036437247,256,494,62,100,14.0,
COGBCI,nback,full,ccb,,,9,42,0.0,0.3259109311740891,256,494,62,100,18.0,
COGBCI,nback,full,fixed,fbcsp,lda,10,-1,-0.0031315444385726,0.3298538622129436,263,479,62,0,0.0,
COGBCI,nback,full,fixed,fbcsp,svm,10,-1,0.0,0.3319415448851774,263,479,62,0,0.0,
COGBCI,nback,full,fixed,fbcsp,decision_tree,10,-1,0.0,0.3340292275574112,263,479,62,0,0.0,
COGBCI,nback,full,fixed,fbcsp,random_forest,10,-1,-0.0064601169346418,0.3277661795407098,263,479,62,0,0.0,
COGBCI,nback,full,fixed,bandpower,lda,10,-1,0.1495283788635398,0.4321503131524008,263,479,62,0,0.0,
COGBCI,nback,full,fixed,bandpower,svm,10,-1,0.111125631358507,0.407098121085595,263,479,62,0,0.0,
COGBCI,nback,full,fixed,bandpower,decision_tree,10,-1,0.0885974146555161,0.3924843423799583,263,479,62,0,0.0,
COGBCI,nback,full,fixed,bandpower,random_forest,10,-1,-0.010508921806829,0.325678496868476,263,479,62,0,0.0,
COGBCI,nback,full,ccb,,,10,0,-0.0125391849529781,0.325678496868476,263,479,62,79,45.0,
COGBCI,nback,full,ccb,,,10,1,6.54441695790986e-06,0.3340292275574112,263,479,62,66,64.0,
COGBCI,nback,full,ccb,,,10,2,1.3088748257561456e-05,0.3340292275574112,263,479,62,82,42.0,
COGBCI,nback,full,ccb,,,10,3,-0.0031151016989086,0.3319415448851774,263,479,62,69,60.0,
COGBCI,nback,full,ccb,,,10,42,-0.006269592476489,0.3298538622129436,263,479,62,77,45.0,
COGBCI,nback,full,fixed,fbcsp,lda,11,-1,0.0352963321152485,0.3575883575883576,292,481,62,0,0.0,
COGBCI,nback,full,fixed,fbcsp,svm,11,-1,0.0,0.3347193347193347,292,481,62,0,0.0,
COGBCI,nback,full,fixed,fbcsp,decision_tree,11,-1,-0.0727210253684025,0.2848232848232848,292,481,62,0,0.0,
COGBCI,nback,full,fixed,fbcsp,random_forest,11,-1,0.0247010352020523,0.3492723492723493,292,481,62,0,0.0,
COGBCI,nback,full,fixed,bandpower,lda,11,-1,0.0155444441565845,0.343035343035343,292,481,62,0,0.0,
COGBCI,nback,full,fixed,bandpower,svm,11,-1,0.0952313001063747,0.3970893970893971,292,481,62,0,0.0,
COGBCI,nback,full,fixed,bandpower,decision_tree,11,-1,-0.0365302731332435,0.3097713097713098,292,481,62,0,0.0,
COGBCI,nback,full,fixed,bandpower,random_forest,11,-1,0.0956067325397442,0.3970893970893971,292,481,62,0,0.0,
COGBCI,nback,full,ccb,,,11,0,0.0,0.3347193347193347,292,481,62,100,16.0,
COGBCI,nback,full,ccb,,,11,1,0.0,0.3347193347193347,292,481,62,100,16.0,
COGBCI,nback,full,ccb,,,11,2,0.0,0.3347193347193347,292,481,62,100,22.0,
COGBCI,nback,full,ccb,,,11,3,0.0,0.3347193347193347,292,481,62,100,17.0,
COGBCI,nback,full,ccb,,,11,42,0.0,0.3347193347193347,292,481,62,100,20.0,
COGBCI,nback,full,fixed,fbcsp,lda,12,-1,-0.007724240749547029,0.3305785123966942,251,484,62,0,0.0,
COGBCI,nback,full,fixed,fbcsp,svm,12,-1,0.0,0.3367768595041322,251,484,62,0,0.0,
COGBCI,nback,full,fixed,fbcsp,decision_tree,12,-1,0.07794251635881722,0.3822314049586777,251,484,62,0,0.0,
COGBCI,nback,full,fixed,fbcsp,random_forest,12,-1,-0.012123622461416073,0.32644628099173556,251,484,62,0,0.0,
COGBCI,nback,full,fixed,bandpower,lda,12,-1,-0.021896498613820592,0.3202479338842975,251,484,62,0,0.0,
COGBCI,nback,full,fixed,bandpower,svm,12,-1,-0.06793924466338264,0.2892561983471074,251,484,62,0,0.0,
COGBCI,nback,full,fixed,bandpower,decision_tree,12,-1,0.08089867457048638,0.3884297520661157,251,484,62,0,0.0,
COGBCI,nback,full,fixed,bandpower,random_forest,12,-1,7.057661091103284e-05,0.3347107438016529,251,484,62,0,0.0,
COGBCI,nback,full,ccb,,,12,0,-0.036449223171108214,0.3119834710743802,251,484,62,95,14.0,
COGBCI,nback,full,ccb,,,12,1,0.10280995116463398,0.40082644628099173,251,484,62,99,37.0,
COGBCI,nback,full,ccb,,,12,2,-0.04751812676210099,0.3037190082644628,251,484,62,92,35.0,
COGBCI,nback,full,ccb,,,12,3,-0.08281557618061419,0.2768595041322314,251,484,62,90,25.0,
COGBCI,nback,full,ccb,,,12,42,-0.012135328863551509,0.3285123966942149,251,484,62,100,14.0,
COGBCI,nback,full,fixed,fbcsp,lda,13,-1,0.01714809936018069,0.35236220472440943,254,508,62,0,0.0,
COGBCI,nback,full,fixed,fbcsp,svm,13,-1,0.00217220501918014,0.33070866141732286,254,508,62,0,0.0,
COGBCI,nback,full,fixed,fbcsp,decision_tree,13,-1,0.032825630252100946,0.3720472440944882,254,508,62,0,0.0,
COGBCI,nback,full,fixed,fbcsp,random_forest,13,-1,0.0685003274394238,0.3937007874015748,254,508,62,0,0.0,
COGBCI,nback,full,fixed,bandpower,lda,13,-1,0.03570513567019906,0.35826771653543305,254,508,62,0,0.0,
COGBCI,nback,full,fixed,bandpower,svm,13,-1,0.1294548200644806,0.41929133858267714,254,508,62,0,0.0,
COGBCI,nback,full,fixed,bandpower,decision_tree,13,-1,-0.09352534682533697,0.26968503937007876,254,508,62,0,0.0,
COGBCI,nback,full,fixed,bandpower,random_forest,13,-1,0.10617732684327208,0.4015748031496063,254,508,62,0,0.0,
COGBCI,nback,full,ccb,,,13,0,0.008354580222181829,0.3248031496062992,254,508,62,90,24.0,
COGBCI,nback,full,ccb,,,13,1,0.007948075609200633,0.3248031496062992,254,508,62,95,12.0,
COGBCI,nback,full,ccb,,,13,2,0.06797007138147515,0.3700787401574803,254,508,62,100,9.0,
COGBCI,nback,full,ccb,,,13,3,0.05588589085063089,0.35826771653543305,254,508,62,100,14.0,
COGBCI,nback,full,ccb,,,13,42,-0.07799638340473347,0.2677165354330709,254,508,62,92,22.0,
COGBCI,nback,full,fixed,fbcsp,lda,14,-1,-0.03049000436656346,0.31901840490797545,251,489,62,0,0.0,
COGBCI,nback,full,fixed,fbcsp,svm,14,-1,0.0,0.3394683026584867,251,489,62,0,0.0,
COGBCI,nback,full,fixed,fbcsp,decision_tree,14,-1,0.0,0.3333333333333333,251,489,62,0,0.0,
COGBCI,nback,full,fixed,fbcsp,random_forest,14,-1,0.0,0.32719836400818,251,489,62,0,0.0,
COGBCI,nback,full,fixed,bandpower,lda,14,-1,0.006134969325153339,0.3374233128834356,251,489,62,0,0.0,
COGBCI,nback,full,fixed,bandpower,svm,14,-1,0.0,0.32719836400818,251,489,62,0,0.0,
COGBCI,nback,full,fixed,bandpower,decision_tree,14,-1,-0.056586707870885045,0.2965235173824131,251,489,62,0,0.0,
COGBCI,nback,full,fixed,bandpower,random_forest,14,-1,-0.028198100101378243,0.3128834355828221,251,489,62,0,0.0,
COGBCI,nback,full,ccb,,,14,0,0.012515192950470988,0.3476482617586912,251,489,62,100,43.0,
COGBCI,nback,full,ccb,,,14,1,0.0,0.3394683026584867,251,489,62,100,43.0,
COGBCI,nback,full,ccb,,,14,2,0.03644715538988663,0.35787321063394684,251,489,62,100,42.0,
COGBCI,nback,full,ccb,,,14,3,0.0,0.32719836400818,251,489,62,100,51.0,
COGBCI,nback,full,ccb,,,14,42,-0.014978642619838611,0.3292433537832311,251,489,62,99,42.0,
COGBCI,nback,full,fixed,fbcsp,lda,15,-1,0.0032421994768120355,0.34232365145228216,247,482,62,0,0.0,
COGBCI,nback,full,fixed,fbcsp,svm,15,-1,0.0,0.32987551867219916,247,482,62,0,0.0,
COGBCI,nback,full,fixed,fbcsp,decision_tree,15,-1,0.0,0.32987551867219916,247,482,62,0,0.0,
COGBCI,nback,full,fixed,fbcsp,random_forest,15,-1,-0.009287925696594534,0.3236514522821577,247,482,62,0,0.0,
COGBCI,nback,full,fixed,bandpower,lda,15,-1,0.09722565456602894,0.4024896265560166,247,482,62,0,0.0,
COGBCI,nback,full,fixed,bandpower,svm,15,-1,0.1199254108232003,0.4149377593360996,247,482,62,0,0.0,
COGBCI,nback,full,fixed,bandpower,decision_tree,15,-1,0.026930493186494764,0.35269709543568467,247,482,62,0,0.0,
COGBCI,nback,full,fixed,bandpower,random_forest,15,-1,0.06335624202460144,0.3775933609958506,247,482,62,0,0.0,
COGBCI,nback,full,ccb,,,15,0,0.0,0.32987551867219916,247,482,62,100,37.0,
COGBCI,nback,full,ccb,,,15,1,0.03208476732248133,0.35477178423236516,247,482,62,87,20.0,
COGBCI,nback,full,ccb,,,15,2,-0.00322485321136301,0.3278008298755187,247,482,62,99,26.0,
COGBCI,nback,full,ccb,,,15,3,-6.423597728621999e-05,0.32987551867219916,247,482,62,62,39.0,
COGBCI,nback,full,ccb,,,15,42,0.0,0.34024896265560167,247,482,62,93,41.0,
COGBCI,nback,full,fixed,fbcsp,lda,16,-1,0.0015814408534419178,0.33403805496828753,244,473,62,0,0.0,
COGBCI,nback,full,fixed,fbcsp,svm,16,-1,0.0005098241777408141,0.33403805496828753,244,473,62,0,0.0,
COGBCI,nback,full,fixed,fbcsp,decision_tree,16,-1,0.0031746031746031633,0.3361522198731501,244,473,62,0,0.0,
COGBCI,nback,full,fixed,fbcsp,random_forest,16,-1,0.0047510235808913,0.3361522198731501,244,473,62,0,0.0,
COGBCI,nback,full,fixed,bandpower,lda,16,-1,0.0786824455481332,0.38477801268498946,244,473,62,0,0.0,
COGBCI,nback,full,fixed,bandpower,svm,16,-1,0.16098262994076107,0.4397463002114165,244,473,62,0,0.0,
COGBCI,nback,full,fixed,bandpower,decision_tree,16,-1,-0.09240069084628644,0.27061310782241016,244,473,62,0,0.0,
COGBCI,nback,full,fixed,bandpower,random_forest,16,-1,0.040965999959850286,0.3594080338266385,244,473,62,0,0.0,
COGBCI,nback,full,ccb,,,16,0,0.006349206349206327,0.3382663847780127,244,473,62,100,14.0,
COGBCI,nback,full,ccb,,,16,1,0.0,0.33403805496828753,244,473,62,95,15.0,
COGBCI,nback,full,ccb,,,16,2,-0.12698412698412698,0.24947145877378435,244,473,62,100,9.0,
COGBCI,nback,full,ccb,,,16,3,0.0031746031746031633,0.3361522198731501,244,473,62,100,9.0,
COGBCI,nback,full,ccb,,,16,42,0.012698412698412653,0.34249471458773784,244,473,62,100,9.0,
COGBCI,nback,full,fixed,fbcsp,lda,17,-1,0.0,0.3319327731092437,245,476,62,0,0.0,
COGBCI,nback,full,fixed,fbcsp,svm,17,-1,0.0,0.3319327731092437,245,476,62,0,0.0,
COGBCI,nback,full,fixed,fbcsp,decision_tree,17,-1,0.26415094339622647,0.5084033613445378,245,476,62,0,0.0,
COGBCI,nback,full,fixed,fbcsp,random_forest,17,-1,0.20125786163522008,0.46638655462184875,245,476,62,0,0.0,
COGBCI,nback,full,fixed,bandpower,lda,17,-1,0.019248152283724007,0.3487394957983193,245,476,62,0,0.0,
COGBCI,nback,full,fixed,bandpower,svm,17,-1,0.2583015064714619,0.5063025210084033,245,476,62,0,0.0,
COGBCI,nback,full,fixed,bandpower,decision_tree,17,-1,0.11280030776986238,0.4096638655462185,245,476,62,0,0.0,
COGBCI,nback,full,fixed,bandpower,random_forest,17,-1,0.18536404160475495,0.4579831932773109,245,476,62,0,0.0,
COGBCI,nback,full,ccb,,,17,0,-0.009433962264151052,0.32563025210084034,245,476,62,100,29.0,
COGBCI,nback,full,ccb,,,17,1,0.05966145592452121,0.37184873949579833,245,476,62,100,28.0,
COGBCI,nback,full,ccb,,,17,2,0.2075471698113207,0.47058823529411764,245,476,62,100,24.0,
COGBCI,nback,full,ccb,,,17,3,0.009433962264150941,0.3382352941176471,245,476,62,100,37.0,
COGBCI,nback,full,ccb,,,17,42,0.32389937106918243,0.5483193277310925,245,476,62,100,23.0,
COGBCI,nback,full,fixed,fbcsp,lda,18,-1,0.0,0.3292181069958848,257,486,62,0,0.0,
COGBCI,nback,full,fixed,fbcsp,svm,18,-1,0.028030954428202914,0.35390946502057613,257,486,62,0,0.0,
COGBCI,nback,full,fixed,fbcsp,decision_tree,18,-1,-0.22631568936987656,0.18106995884773663,257,486,62,0,0.0,
COGBCI,nback,full,fixed,fbcsp,random_forest,18,-1,-0.2186467079518255,0.18518518518518517,257,486,62,0,0.0,
COGBCI,nback,full,fixed,bandpower,lda,18,-1,-0.22195275650696034,0.18724279835390947,257,486,62,0,0.0,
COGBCI,nback,full,fixed,bandpower,svm,18,-1,0.11335291201037412,0.4094650205761317,257,486,62,0,0.0,
COGBCI,nback,full,fixed,bandpower,decision_tree,18,-1,0.0074817727220674035,0.3395061728395062,257,486,62,0,0.0,
COGBCI,nback,full,fixed,bandpower,random_forest,18,-1,0.12243691227802467,0.4156378600823045,257,486,62,0,0.0,
COGBCI,nback,full,ccb,,,18,0,0.021802686641316127,0.3497942386831276,257,486,62,100,18.0,
COGBCI,nback,full,ccb,,,18,1,0.006229346298476934,0.33539094650205764,257,486,62,100,17.0,
COGBCI,nback,full,ccb,,,18,2,-0.023164402381315785,0.31893004115226337,257,486,62,100,14.0,
COGBCI,nback,full,ccb,,,18,3,0.0,0.3292181069958848,257,486,62,100,19.0,
COGBCI,nback,full,ccb,,,18,42,-0.012056453916919008,0.32510288065843623,257,486,62,100,19.0,
COGBCI,nback,full,fixed,fbcsp,lda,19,-1,0.01852655059173436,0.35353535353535354,249,495,62,0,0.0,
COGBCI,nback,full,fixed,fbcsp,svm,19,-1,-0.03420941050678117,0.31313131313131315,249,495,62,0,0.0,
COGBCI,nback,full,fixed,fbcsp,decision_tree,19,-1,-0.02622447238181924,0.3373737373737374,249,495,62,0,0.0,
COGBCI,nback,full,fixed,fbcsp,random_forest,19,-1,-0.0846125278534291,0.28484848484848485,249,495,62,0,0.0,
COGBCI,nback,full,fixed,bandpower,lda,19,-1,-0.14551428412318312,0.24444444444444444,249,495,62,0,0.0,
COGBCI,nback,full,fixed,bandpower,svm,19,-1,0.0020467065794874673,0.33535353535353535,249,495,62,0,0.0,
COGBCI,nback,full,fixed,bandpower,decision_tree,19,-1,-0.009391257347476367,0.3292929292929293,249,495,62,0,0.0,
COGBCI,nback,full,fixed,bandpower,random_forest,19,-1,-0.0321316759030883,0.3151515151515151,249,495,62,0,0.0,
COGBCI,nback,full,ccb,,,19,0,-0.006363833217044146,0.31717171717171716,249,495,62,100,1.0,
COGBCI,nback,full,ccb,,,19,1,-0.0006136519510522298,0.3212121212121212,249,495,62,100,3.0,
COGBCI,nback,full,ccb,,,19,2,-0.0455137953508582,0.29292929292929293,249,495,62,100,1.0,
COGBCI,nback,full,ccb,,,19,3,0.024928678168727125,0.35555555555555557,249,495,62,100,0.0,
COGBCI,nback,full,ccb,,,19,42,-0.01595865620372039,0.32525252525252524,249,495,62,100,2.0,
COGBCI,nback,full,fixed,fbcsp,lda,20,-1,0.009607486703023027,0.34249471458773784,255,473,62,0,0.0,
COGBCI,nback,full,fixed,fbcsp,svm,20,-1,0.0,0.3361522198731501,255,473,62,0,0.0,
COGBCI,nback,full,fixed,fbcsp,decision_tree,20,-1,0.1220948999354422,0.4164904862579281,255,473,62,0,0.0,
COGBCI,nback,full,fixed,fbcsp,random_forest,20,-1,-0.05510837577435246,0.29809725158562367,255,473,62,0,0.0,
COGBCI,nback,full,fixed,bandpower,lda,20,-1,0.16902919522040583,0.44608879492600423,255,473,62,0,0.0,
COGBCI,nback,full,fixed,bandpower,svm,20,-1,0.10367478673112718,0.40169133192389006,255,473,62,0,0.0,
COGBCI,nback,full,fixed,bandpower,decision_tree,20,-1,0.100158087939766,0.39957716701902746,255,473,62,0,0.0,
COGBCI,nback,full,fixed,bandpower,random_forest,20,-1,0.056090537735217216,0.3699788583509514,255,473,62,0,0.0,
COGBCI,nback,full,ccb,,,20,0,0.1099615626715954,0.4059196617336152,255,473,62,97,22.0,
COGBCI,nback,full,ccb,,,20,1,0.1214780941141762,0.4143763213530655,255,473,62,91,39.0,
COGBCI,nback,full,ccb,,,20,2,0.18776495841159113,0.4587737843551797,255,473,62,93,35.0,
COGBCI,nback,full,ccb,,,20,3,-0.09474581046812736,0.27061310782241016,255,473,62,97,48.0,
COGBCI,nback,full,ccb,,,20,42,0.050556685579702165,0.3657505285412262,255,473,62,84,37.0,
COGBCI,nback,full,fixed,fbcsp,lda,21,-1,0.155356141334829,0.43824701195219123,251,502,62,0,0.0,
COGBCI,nback,full,fixed,fbcsp,svm,21,-1,0.062336050215476724,0.3645418326693227,251,502,62,0,0.0,
COGBCI,nback,full,fixed,fbcsp,decision_tree,21,-1,-0.18016985512357087,0.20318725099601595,251,502,62,0,0.0,
COGBCI,nback,full,fixed,fbcsp,random_forest,21,-1,0.06382776540460278,0.3745019920318725,251,502,62,0,0.0,
COGBCI,nback,full,fixed,bandpower,lda,21,-1,-0.0031926257546479597,0.33665338645418325,251,502,62,0,0.0,
COGBCI,nback,full,fixed,bandpower,svm,21,-1,0.044589450788471874,0.35856573705179284,251,502,62,0,0.0,
COGBCI,nback,full,fixed,bandpower,decision_tree,21,-1,-0.1584013617674207,0.23306772908366533,251,502,62,0,0.0,
COGBCI,nback,full,fixed,bandpower,random_forest,21,-1,0.008169229040100867,0.3346613545816733,251,502,62,0,0.0,
COGBCI,nback,full,ccb,,,21,0,-0.0084504670311496,0.3346613545816733,251,502,62,100,15.0,
COGBCI,nback,full,ccb,,,21,1,0.0645090229279417,0.37649402390438247,251,502,62,100,11.0,
COGBCI,nback,full,ccb,,,21,2,-0.03132715400464936,0.3187250996015936,251,502,62,100,11.0,
COGBCI,nback,full,ccb,,,21,3,0.027432429220053844,0.350597609561753,251,502,62,100,8.0,
COGBCI,nback,full,ccb,,,21,42,-0.38524580456434965,0.07171314741035857,251,502,62,100,4.0,
COGBCI,nback,full,fixed,fbcsp,lda,22,-1,0.00013077756604273905,0.3340122199592668,278,491,62,0,0.0,
COGBCI,nback,full,fixed,fbcsp,svm,22,-1,-0.013246833487797316,0.319755600814664,278,491,62,0,0.0,
COGBCI,nback,full,fixed,fbcsp,decision_tree,22,-1,0.006247800070397602,0.34419551934826886,278,491,62,0,0.0,
COGBCI,nback,full,fixed,fbcsp,random_forest,22,-1,0.0,0.34012219959266804,278,491,62,0,0.0,
COGBCI,nback,full,fixed,bandpower,lda,22,-1,0.12725315441618268,0.4215885947046843,278,491,62,0,0.0,
COGBCI,nback,full,fixed,bandpower,svm,22,-1,0.1063299788793638,0.40325865580448067,278,491,62,0,0.0,
COGBCI,nback,full,fixed,bandpower,decision_tree,22,-1,-0.06312763654011255,0.29124236252545826,278,491,62,0,0.0,
COGBCI,nback,full,fixed,bandpower,random_forest,22,-1,-0.09966405375139975,0.2668024439918534,278,491,62,0,0.0,
COGBCI,nback,full,ccb,,,22,0,-0.00885818217934875,0.3258655804480652,278,491,62,100,19.0,
COGBCI,nback,full,ccb,,,22,1,-0.034290832715591746,0.3054989816700611,278,491,62,100,23.0,
COGBCI,nback,full,ccb,,,22,2,0.0,0.32790224032586557,278,491,62,100,16.0,
COGBCI,nback,full,ccb,,,22,3,-0.008088098052634773,0.32790224032586557,278,491,62,100,24.0,
COGBCI,nback,full,ccb,,,22,42,-0.008477108073791984,0.32790224032586557,278,491,62,100,23.0,
COGBCI,nback,full,fixed,fbcsp,lda,23,-1,0.0005909054282721149,0.33755274261603374,245,474,62,0,0.0,
COGBCI,nback,full,fixed,fbcsp,svm,23,-1,0.0,0.3333333333333333,245,474,62,0,0.0,
COGBCI,nback,full,fixed,fbcsp,decision_tree,23,-1,0.0,0.33755274261603374,245,474,62,0,0.0,
COGBCI,nback,full,fixed,fbcsp,random_forest,23,-1,0.0020918818891301205,0.33755274261603374,245,474,62,0,0.0,
COGBCI,nback,full,fixed,bandpower,lda,23,-1,0.05215267339488949,0.37130801687763715,245,474,62,0,0.0,
COGBCI,nback,full,fixed,bandpower,svm,23,-1,0.12248035074586971,0.41561181434599154,245,474,62,0,0.0,
COGBCI,nback,full,fixed,bandpower,decision_tree,23,-1,-0.05620046433432058,0.29535864978902954,245,474,62,0,0.0,
COGBCI,nback,full,fixed,bandpower,random_forest,23,-1,0.06124218135260939,0.37341772151898733,245,474,62,0,0.0,
COGBCI,nback,full,ccb,,,23,0,0.0,0.33755274261603374,245,474,62,100,13.0,
COGBCI,nback,full,ccb,,,23,1,0.0,0.33755274261603374,245,474,62,97,25.0,
COGBCI,nback,full,ccb,,,23,2,0.0,0.33755274261603374,245,474,62,100,23.0,
COGBCI,nback,full,ccb,,,23,3,0.0,0.33755274261603374,245,474,62,100,22.0,
COGBCI,nback,full,ccb,,,23,42,0.019213715637008466,0.350210970464135,245,474,62,100,33.0,
COGBCI,nback,full,fixed,fbcsp,lda,24,-1,0.0,0.3333333333333333,265,486,62,0,0.0,
COGBCI,nback,full,fixed,fbcsp,svm,24,-1,0.01851851851851849,0.345679012345679,265,486,62,0,0.0,
COGBCI,nback,full,fixed,fbcsp,decision_tree,24,-1,-0.012345679012345734,0.32510288065843623,265,486,62,0,0.0,
COGBCI,nback,full,fixed,fbcsp,random_forest,24,-1,-2.220446049250313e-16,0.3333333333333333,265,486,62,0,0.0,
COGBCI,nback,full,fixed,bandpower,lda,24,-1,0.26234567901234573,0.5082304526748971,265,486,62,0,0.0,
COGBCI,nback,full,fixed,bandpower,svm,24,-1,0.07407407407407407,0.38271604938271603,265,486,62,0,0.0,
COGBCI,nback,full,fixed,bandpower,decision_tree,24,-1,0.07407407407407407,0.38271604938271603,265,486,62,0,0.0,
COGBCI,nback,full,fixed,bandpower,random_forest,24,-1,0.07098765432098764,0.38065843621399176,265,486,62,0,0.0,
COGBCI,nback,full,ccb,,,24,0,-0.030864197530864113,0.31275720164609055,265,486,62,82,28.0,
COGBCI,nback,full,ccb,,,24,1,-0.0370370370370372,0.30864197530864196,265,486,62,100,32.0,
COGBCI,nback,full,ccb,,,24,2,0.08024691358024694,0.3868312757201646,265,486,62,90,32.0,
COGBCI,nback,full,ccb,,,24,3,-0.006172839506172867,0.3292181069958848,265,486,62,92,36.0,
COGBCI,nback,full,ccb,,,24,42,-0.0030864197530864335,0.33127572016460904,265,486,62,97,46.0,
COGBCI,nback,full,fixed,fbcsp,lda,25,-1,0.0,0.32991803278688525,258,488,62,0,0.0,
COGBCI,nback,full,fixed,fbcsp,svm,25,-1,-0.032121612690019896,0.3114754098360656,258,488,62,0,0.0,
COGBCI,nback,full,fixed,fbcsp,decision_tree,25,-1,0.03244080214509615,0.35450819672131145,258,488,62,0,0.0,
COGBCI,nback,full,fixed,fbcsp,random_forest,25,-1,0.0,0.32991803278688525,258,488,62,0,0.0,
COGBCI,nback,full,fixed,bandpower,lda,25,-1,0.04325186441319062,0.36270491803278687,258,488,62,0,0.0,
COGBCI,nback,full,fixed,bandpower,svm,25,-1,-0.011969518382885846,0.32581967213114754,258,488,62,0,0.0,
COGBCI,nback,full,fixed,bandpower,decision_tree,25,-1,0.0379724512354116,0.35860655737704916,258,488,62,0,0.0,
COGBCI,nback,full,fixed,bandpower,random_forest,25,-1,0.1291978258950527,0.42008196721311475,258,488,62,0,0.0,
COGBCI,nback,full,ccb,,,25,0,-1.8800172961741524e-05,0.32991803278688525,258,488,62,87,39.0,
COGBCI,nback,full,ccb,,,25,1,0.0,0.33401639344262296,258,488,62,95,47.0,
COGBCI,nback,full,ccb,,,25,2,0.0030454932374919252,0.3360655737704918,258,488,62,86,40.0,
COGBCI,nback,full,ccb,,,25,3,0.0,0.32991803278688525,258,488,62,100,39.0,
COGBCI,nback,full,ccb,,,25,42,0.0,0.33401639344262296,258,488,62,100,39.0,
COGBCI,nback,full,fixed,fbcsp,lda,26,-1,0.0,0.32919254658385094,257,483,62,0,0.0,
COGBCI,nback,full,fixed,fbcsp,svm,26,-1,0.0,0.32919254658385094,257,483,62,0,0.0,
COGBCI,nback,full,fixed,fbcsp,decision_tree,26,-1,0.06028722832347755,0.37060041407867494,257,483,62,0,0.0,
COGBCI,nback,full,fixed,fbcsp,random_forest,26,-1,-0.08629041559340278,0.2732919254658385,257,483,62,0,0.0,
COGBCI,nback,full,fixed,bandpower,lda,26,-1,-0.037156332681467896,0.30434782608695654,257,483,62,0,0.0,
COGBCI,nback,full,fixed,bandpower,svm,26,-1,-0.009375359484642853,0.32298136645962733,257,483,62,0,0.0,
COGBCI,nback,full,fixed,bandpower,decision_tree,26,-1,0.033246364578137455,0.35196687370600416,257,483,62,0,0.0,
COGBCI,nback,full,fixed,bandpower,random_forest,26,-1,-0.03129914464347361,0.3084886128364389,257,483,62,0,0.0,
COGBCI,nback,full,ccb,,,26,0,0.0,0.32919254658385094,257,483,62,100,37.0,
COGBCI,nback,full,ccb,,,26,1,-0.006327889155507194,0.33126293995859213,257,483,62,100,25.0,
COGBCI,nback,full,ccb,,,26,2,-0.0802253152876038,0.2774327122153209,257,483,62,100,36.0,
COGBCI,nback,full,ccb,,,26,3,0.02774050074767065,0.34782608695652173,257,483,62,100,38.0,
COGBCI,nback,full,ccb,,,26,42,-0.012889366272824887,0.32091097308488614,257,483,62,92,39.0,
COGBCI,nback,full,fixed,fbcsp,lda,27,-1,0.0,0.3319327731092437,245,476,62,0,0.0,
COGBCI,nback,full,fixed,fbcsp,svm,27,-1,0.0,0.3319327731092437,245,476,62,0,0.0,
COGBCI,nback,full,fixed,fbcsp,decision_tree,27,-1,0.26415094339622647,0.5084033613445378,245,476,62,0,0.0,
COGBCI,nback,full,fixed,fbcsp,random_forest,27,-1,0.20125786163522008,0.46638655462184875,245,476,62,0,0.0,
COGBCI,nback,full,fixed,bandpower,lda,27,-1,0.019248152283724007,0.3487394957983193,245,476,62,0,0.0,
COGBCI,nback,full,fixed,bandpower,svm,27,-1,0.2583015064714619,0.5063025210084033,245,476,62,0,0.0,
COGBCI,nback,full,fixed,bandpower,decision_tree,27,-1,0.11280030776986238,0.4096638655462185,245,476,62,0,0.0,
COGBCI,nback,full,fixed,bandpower,random_forest,27,-1,0.18536404160475495,0.4579831932773109,245,476,62,0,0.0,
COGBCI,nback,full,ccb,,,27,0,-0.009433962264151052,0.32563025210084034,245,476,62,100,29.0,
COGBCI,nback,full,ccb,,,27,1,0.05966145592452121,0.37184873949579833,245,476,62,100,28.0,
COGBCI,nback,full,ccb,,,27,2,0.2075471698113207,0.47058823529411764,245,476,62,100,24.0,
COGBCI,nback,full,ccb,,,27,3,0.009433962264150941,0.3382352941176471,245,476,62,100,37.0,
COGBCI,nback,full,ccb,,,27,42,0.32389937106918243,0.5483193277310925,245,476,62,100,23.0,
COGBCI,nback,full,fixed,fbcsp,lda,28,-1,0.004846774245046204,0.34291581108829566,258,487,62,0,0.0,
COGBCI,nback,full,fixed,fbcsp,svm,28,-1,0.03994700777768612,0.3613963039014374,258,487,62,0,0.0,
COGBCI,nback,full,fixed,fbcsp,decision_tree,28,-1,0.1320233480372499,0.42505133470225875,258,487,62,0,0.0,
COGBCI,nback,full,fixed,fbcsp,random_forest,28,-1,0.0018898884582725373,0.3408624229979466,258,487,62,0,0.0,
COGBCI,nback,full,fixed,bandpower,lda,28,-1,-0.01461545768293071,0.324435318275154,258,487,62,0,0.0,
COGBCI,nback,full,fixed,bandpower,svm,28,-1,-0.0249586024699473,0.3162217659137577,258,487,62,0,0.0,
COGBCI,nback,full,fixed,bandpower,decision_tree,28,-1,-0.004409578338025577,0.33059548254620125,258,487,62,0,0.0,
COGBCI,nback,full,fixed,bandpower,random_forest,28,-1,-0.013287208611072687,0.324435318275154,258,487,62,0,0.0,
COGBCI,nback,full,ccb,,,28,0,-0.015212650991476062,0.33059548254620125,258,487,62,87,39.0,
COGBCI,nback,full,ccb,,,28,1,0.0,0.3264887063655031,258,487,62,95,47.0,
COGBCI,nback,full,ccb,,,28,2,0.032713032581453416,0.3490759753593429,258,487,62,86,40.0,
COGBCI,nback,full,ccb,,,28,3,0.0,0.3408624229979466,258,487,62,100,39.0,
COGBCI,nback,full,ccb,,,28,42,0.012046684031256194,0.3347022587268994,258,487,62,100,39.0,
COGBCI,nback,full,fixed,fbcsp,lda,29,-1,-0.006329113924050667,0.3276955602536998,251,473,62,0,0.0,
COGBCI,nback,full,fixed,fbcsp,svm,29,-1,0.0,0.33192389006342493,251,473,62,0,0.0,
COGBCI,nback,full,fixed,fbcsp,decision_tree,29,-1,-0.028481012658228,0.3128964059196617,251,473,62,0,0.0,
COGBCI,nback,full,fixed,fbcsp,random_forest,29,-1,0.17405063291139256,0.44820295983086683,251,473,62,0,0.0,
COGBCI,nback,full,fixed,bandpower,lda,29,-1,-0.04341500046935143,0.3044397463002114,251,473,62,0,0.0,
COGBCI,nback,full,fixed,bandpower,svm,29,-1,0.13642099610685998,0.4249471458773784,251,473,62,0,0.0,
COGBCI,nback,full,fixed,bandpower,decision_tree,29,-1,-0.04214325895368454,0.3044397463002114,251,473,62,0,0.0,
COGBCI,nback,full,fixed,bandpower,random_forest,29,-1,0.07797888588194313,0.38477801268498946,251,473,62,0,0.0,
COGBCI,nback,full,ccb,,,29,0,-0.0031645569620255554,0.3298097251585624,251,473,62,100,6.0,
COGBCI,nback,full,ccb,,,29,1,0.12341772151898733,0.4143763213530655,251,473,62,100,5.0,
COGBCI,nback,full,ccb,,,29,2,0.006329113924050667,0.3361522198731501,251,473,62,99,5.0,
COGBCI,nback,full,ccb,,,29,3,0.0031981363281355923,0.3382663847780127,251,473,62,100,4.0,
COGBCI,nback,full,ccb,,,29,42,0.0031645569620251113,0.33403805496828753,251,473,62,100,3.0,
