dataset,task,protocol,montage,method,subject,seed,kappa,accuracy,n_train,n_test,n_channels,error
UAB,nback,within,full,eegnet,1,42,0.9921434741475053,0.9947643979057592,760,191,14,
UAB,nback,within,full,eegnet,1,7,1.0,1.0,760,191,14,
UAB,nback,within,full,eegnet,1,123,0.9921441204294,0.9947643979057592,760,191,14,
UAB,nback,within,full,eegnet,2,42,0.9361738244780172,0.9574468085106383,751,188,14,
UAB,nback,within,full,eegnet,2,7,0.9601035609693986,0.973404255319149,751,188,14,
UAB,nback,within,full,eegnet,2,123,0.9281894576012224,0.952127659574468,751,188,14,
UAB,nback,within,full,eegnet,3,42,0.9841269841269842,0.9894179894179894,753,189,14,
UAB,nback,within,full,eegnet,3,7,0.992063492063492,0.9947089947089948,753,189,14,
UAB,nback,within,full,eegnet,3,123,0.992063492063492,0.9947089947089948,753,189,14,
UAB,nback,within,full,eegnet,4,42,0.9535885167464114,0.9690721649484536,775,194,14,
UAB,nback,within,full,eegnet,4,7,0.9613391789557592,0.9742268041237112,775,194,14,
UAB,nback,within,full,eegnet,4,123,0.9613268479387608,0.9742268041237112,775,194,14,
UAB,nback,within,full,eegnet,5,42,0.976439144736842,0.9842931937172776,764,191,14,
UAB,nback,within,full,eegnet,5,7,0.945020149683362,0.9633507853403142,764,191,14,
UAB,nback,within,full,eegnet,5,123,0.9607286783452588,0.9738219895287958,764,191,14,
UAB,nback,within,full,eegnet,6,42,1.0,1.0,743,186,14,
UAB,nback,within,full,eegnet,6,7,0.9673469387755104,0.978494623655914,743,186,14,
UAB,nback,within,full,eegnet,6,123,0.9593069046993962,0.9731182795698924,743,186,14,
UAB,nback,within,full,eegnet,7,42,0.8297247545582047,0.8864864864864865,736,185,14,
UAB,nback,within,full,eegnet,7,7,0.8378615249780894,0.8918918918918919,736,185,14,
UAB,nback,within,full,eegnet,7,123,0.8459414446002805,0.8972972972972973,736,185,14,
UAB,nback,within,full,eegnet,8,42,0.9596651776033308,0.9731182795698924,744,186,14,
UAB,nback,within,full,eegnet,8,7,0.9758033042799532,0.9838709677419356,744,186,14,
UAB,nback,within,full,eegnet,8,123,0.9677307425399028,0.978494623655914,744,186,14,
UAB,nback,within,full,eegnet,9,42,0.7405670713002324,0.827027027027027,738,185,14,
UAB,nback,within,full,eegnet,9,7,0.8297396792006311,0.8864864864864865,738,185,14,
UAB,nback,within,full,eegnet,9,123,0.7243525132564967,0.8162162162162162,738,185,14,
UAB,nback,within,full,eegnet,10,42,0.9502838308002196,0.9668508287292816,722,181,14,
UAB,nback,within,full,eegnet,10,7,0.9751362241860893,0.9834254143646408,722,181,14,
UAB,nback,within,full,eegnet,10,123,0.9668498168498167,0.9779005524861878,722,181,14,
UAB,nback,within,full,eegnet,11,42,1.0,1.0,762,191,14,
UAB,nback,within,full,eegnet,11,7,0.9921467044940586,0.9947643979057592,762,191,14,
UAB,nback,within,full,eegnet,11,123,0.9921467044940586,0.9947643979057592,762,191,14,
UAB,nback,within,full,eegnet,12,42,1.0,1.0,758,190,14,
UAB,nback,within,full,eegnet,12,7,1.0,1.0,758,190,14,
UAB,nback,within,full,eegnet,12,123,0.9921037320256004,0.9947368421052633,758,190,14,
UAB,nback,within,full,eegnet,13,42,0.8962692585204364,0.9308510638297872,752,188,14,
UAB,nback,within,full,eegnet,13,7,0.9202240515997624,0.946808510638298,752,188,14,
UAB,nback,within,full,eegnet,13,123,0.9440737750201862,0.9627659574468084,752,188,14,
UAB,nback,within,full,eegnet,14,42,0.8900538629168209,0.9267015706806284,760,191,14,
COGBCI,nback,cross,nearear,eegnet,1,42,0.1083635975218969,0.4056603773584906,299,530,2,
COGBCI,nback,cross,nearear,eegnet,1,7,0.0575840746713373,0.3716981132075471,299,530,2,
COGBCI,nback,cross,nearear,eegnet,2,42,0.094481017928235,0.3958333333333333,297,480,2,
COGBCI,nback,cross,nearear,eegnet,2,7,0.1354894081847618,0.4229166666666666,297,480,2,
COGBCI,nback,cross,nearear,eegnet,3,42,0.0014417363181172,0.3298538622129436,302,479,2,
COGBCI,nback,cross,nearear,eegnet,3,7,-0.106293142147072,0.2588726513569937,302,479,2,
COGBCI,nback,cross,nearear,eegnet,4,42,-0.2063714713459126,0.1970338983050847,300,472,2,
COGBCI,nback,cross,nearear,eegnet,4,7,-0.247464940668824,0.1694915254237288,300,472,2,
COGBCI,nback,cross,nearear,eegnet,5,42,0.0035468564650059,0.3359840954274354,261,503,2,
COGBCI,nback,cross,nearear,eegnet,5,7,0.0314945702081272,0.3538767395626243,261,503,2,
COGBCI,nback,cross,nearear,eegnet,6,42,0.003125,0.3354166666666666,253,480,2,
COGBCI,nback,cross,nearear,eegnet,6,7,0.0,0.3333333333333333,253,480,2,
COGBCI,nback,cross,nearear,eegnet,7,42,0.0846294745985685,0.3893442622950819,258,488,2,
COGBCI,nback,cross,nearear,eegnet,7,7,0.0501067436895641,0.3647540983606557,258,488,2,
COGBCI,nback,cross,nearear,eegnet,8,42,-0.0510112552835937,0.2961460446247465,255,493,2,
COGBCI,nback,cross,nearear,eegnet,8,7,0.0087597236610618,0.3346855983772819,255,493,2,
COGBCI,nback,cross,nearear,eegnet,9,42,0.0,0.3259109311740891,256,494,2,
COGBCI,nback,cross,nearear,eegnet,9,7,0.0,0.3259109311740891,256,494,2,
COGBCI,nback,cross,nearear,eegnet,10,42,-0.097870589848571,0.267223382045929,263,479,2,
COGBCI,nback,cross,nearear,eegnet,10,7,-0.0468849176487524,0.302713987473904,263,479,2,
COGBCI,nback,cross,nearear,eegnet,11,42,0.0359408445222806,0.3575883575883576,292,481,2,
COGBCI,nback,cross,nearear,eegnet,11,7,0.0583300920523791,0.3721413721413721,292,481,2,
COGBCI,nback,cross,nearear,eegnet,12,42,0.009441430309115,0.3429752066115702,251,484,2,
COGBCI,nback,cross,nearear,eegnet,12,7,0.0252044604881314,0.3533057851239669,251,484,2,
COGBCI,nback,cross,nearear,eegnet,13,42,0.0615272896273273,0.374015748031496,254,508,2,
COGBCI,nback,cross,nearear,eegnet,13,7,0.0737947172528321,0.3818897637795275,254,508,2,
COGBCI,nback,cross,nearear,eegnet,14,42,0.003029960855164,0.3353783231083844,251,489,2,
COGBCI,nback,cross,nearear,eegnet,14,7,-0.2473945177285059,0.16359918200409,251,489,2,
COGBCI,nback,cross,nearear,eegnet,15,42,0.0014954263259769,0.3360995850622407,247,482,2,
COGBCI,nback,cross,nearear,eegnet,15,7,0.0,0.3402489626556016,247,482,2,
COGBCI,nback,cross,nearear,eegnet,16,42,0.0987877120832971,0.3995771670190274,244,473,2,
COGBCI,nback,cross,nearear,eegnet,16,7,0.0096966199394716,0.3403805496828753,244,473,2,
COGBCI,nback,cross,nearear,eegnet,17,42,0.0,0.3319327731092437,245,476,2,
COGBCI,nback,cross,nearear,eegnet,17,7,0.0031314826315024,0.3340336134453781,245,476,2,
COGBCI,nback,cross,nearear,eegnet,18,42,-0.133493479752917,0.2448559670781893,257,486,2,
COGBCI,nback,cross,nearear,eegnet,18,7,0.0230720787771224,0.3497942386831276,257,486,2,
COGBCI,nback,cross,nearear,eegnet,19,42,-0.0046009960795176,0.3191919191919192,249,495,2,
COGBCI,nback,cross,nearear,eegnet,19,7,-0.0105812777028329,0.3151515151515151,249,495,2,
COGBCI,nback,cross,nearear,eegnet,20,42,-2.0135309278357383e-05,0.3340380549682875,255,473,2,
COGBCI,nback,cross,nearear,eegnet,20,7,-0.0063694695017184,0.3298097251585624,255,473,2,
COGBCI,nback,cross,nearear,eegnet,21,42,-0.2053575152378171,0.197211155378486,251,502,2,
COGBCI,nback,cross,nearear,eegnet,21,7,0.0075116580933608,0.3446215139442231,251,502,2,
COGBCI,nback,cross,nearear,eegnet,22,42,-0.0443671487913517,0.3075356415478615,278,491,2,
COGBCI,nback,cross,nearear,eegnet,22,7,-0.0226749897412301,0.3177189409368635,278,491,2,
COGBCI,nback,cross,nearear,eegnet,23,42,-0.0031712331528237,0.3354430379746835,245,474,2,
COGBCI,nback,cross,nearear,eegnet,23,7,-0.0316530524505589,0.3164556962025316,245,474,2,
COGBCI,nback,cross,nearear,eegnet,24,42,-0.0864197530864196,0.2757201646090535,265,486,2,
COGBCI,nback,cross,nearear,eegnet,24,7,-0.0740740740740741,0.2839506172839506,265,486,2,
COGBCI,nback,cross,nearear,eegnet,25,42,-0.0126971912273952,0.3258196721311475,258,488,2,
COGBCI,nback,cross,nearear,eegnet,25,7,-0.0657106610198376,0.290983606557377,258,488,2,
COGBCI,nback,cross,nearear,eegnet,26,42,-0.0813711109395507,0.2795031055900621,257,483,2,
COGBCI,nback,cross,nearear,eegnet,26,7,-0.079953739398612,0.2795031055900621,257,483,2,
COGBCI,nback,cross,nearear,eegnet,27,42,0.0,0.3319327731092437,245,476,2,
COGBCI,nback,cross,nearear,eegnet,27,7,0.0031314826315024,0.3340336134453781,245,476,2,
COGBCI,nback,cross,nearear,eegnet,28,42,0.0389815246476399,0.3655030800821355,258,487,2,
COGBCI,nback,cross,nearear,eegnet,28,7,-0.0457435962788326,0.3080082135523614,258,487,2,
COGBCI,nback,cross,nearear,eegnet,29,42,-0.1426649892260127,0.2367864693446088,251,473,2,
COGBCI,nback,cross,nearear,eegnet,29,7,-0.0728135203125834,0.2832980972515856,251,473,2,
COGBCI,nback,cross,full,eegnet,1,42,-0.0003101073613069,0.3339622641509434,299,530,62,
COGBCI,nback,cross,full,eegnet,1,7,0.0,0.3320754716981132,299,530,62,
COGBCI,nback,cross,full,eegnet,2,42,0.0,0.3375,297,480,62,
COGBCI,nback,cross,full,eegnet,2,7,0.0,0.3375,297,480,62,
COGBCI,nback,cross,full,eegnet,3,42,0.0,0.3423799582463465,302,479,62,
COGBCI,nback,cross,full,eegnet,3,7,0.0,0.3423799582463465,302,479,62,
COGBCI,nback,cross,full,eegnet,4,42,0.0,0.3347457627118644,300,472,62,
COGBCI,nback,cross,full,eegnet,4,7,0.0,0.3347457627118644,300,472,62,
COGBCI,nback,cross,full,eegnet,5,42,-0.1141733920056058,0.2584493041749503,261,503,62,
COGBCI,nback,cross,full,eegnet,5,7,0.0050726746776118,0.3379721669980119,261,503,62,
COGBCI,nback,cross,full,eegnet,6,42,0.0,0.3333333333333333,253,480,62,
COGBCI,nback,cross,full,eegnet,6,7,0.0,0.3333333333333333,253,480,62,
COGBCI,nback,cross,full,eegnet,7,42,0.0,0.3299180327868852,258,488,62,
COGBCI,nback,cross,full,eegnet,7,7,-0.2514944089306254,0.1639344262295081,258,488,62,
COGBCI,nback,cross,full,eegnet,8,42,0.4407728354656353,0.6288032454361054,255,493,62,
COGBCI,nback,cross,full,eegnet,8,7,-0.2574111193163837,0.1663286004056795,255,493,62,
COGBCI,nback,cross,full,eegnet,9,42,0.0227135032209404,0.3522267206477733,256,494,62,
COGBCI,nback,cross,full,eegnet,9,7,0.0,0.3238866396761133,256,494,62,
COGBCI,nback,cross,full,eegnet,10,42,-0.1882674744256793,0.2066805845511482,263,479,62,
COGBCI,nback,cross,full,eegnet,10,7,0.0,0.3319415448851774,263,479,62,
COGBCI,nback,cross,full,eegnet,11,42,-0.004670411644893,0.3305613305613306,292,481,62,
COGBCI,nback,cross,full,eegnet,11,7,0.0,0.3326403326403326,292,481,62,
COGBCI,nback,cross,full,eegnet,12,42,0.0,0.3367768595041322,251,484,62,
COGBCI,nback,cross,full,eegnet,12,7,0.0,0.3264462809917355,251,484,62,
COGBCI,nback,cross,full,eegnet,13,42,0.0044523903663337,0.326771653543307,254,508,62,
COGBCI,nback,cross,full,eegnet,13,7,-0.0041457484212921,0.3326771653543307,254,508,62,
COGBCI,nback,cross,full,eegnet,14,42,0.0030487231119559,0.3353783231083844,251,489,62,
COGBCI,nback,cross,full,eegnet,14,7,0.0,0.3394683026584867,251,489,62,
COGBCI,nback,cross,full,eegnet,15,42,0.0,0.3298755186721991,247,482,62,
COGBCI,nback,cross,full,eegnet,15,7,0.0014954263259769,0.3360995850622407,247,482,62,
COGBCI,nback,cross,full,eegnet,16,42,0.0015814408534419,0.3340380549682875,244,473,62,
COGBCI,nback,cross,full,eegnet,16,7,-0.0210503734094902,0.3192389006342495,244,473,62,
COGBCI,nback,cross,full,eegnet,17,42,0.0,0.3319327731092437,245,476,62,
COGBCI,nback,cross,full,eegnet,17,7,0.0031446540880503,0.3340336134453781,245,476,62,
COGBCI,nback,cross,full,eegnet,18,42,0.0061919504643962,0.3395061728395062,257,486,62,
COGBCI,nback,cross,full,eegnet,18,7,0.0,0.3353909465020576,257,486,62,
COGBCI,nback,cross,full,eegnet,19,42,-0.0014269973447011,0.3212121212121212,249,495,62,
COGBCI,nback,cross,full,eegnet,19,7,0.0,0.3232323232323232,249,495,62,
COGBCI,nback,cross,full,eegnet,20,42,0.0,0.3361522198731501,255,473,62,
COGBCI,nback,cross,full,eegnet,20,7,0.1450433804627248,0.4291754756871035,255,473,62,
COGBCI,nback,cross,full,eegnet,21,42,0.065945608527853,0.3824701195219123,251,502,62,
COGBCI,nback,cross,full,eegnet,21,7,0.0,0.3386454183266932,251,502,62,
COGBCI,nback,cross,full,eegnet,22,42,-0.0001308117805352,0.3340122199592668,278,491,62,
COGBCI,nback,cross,full,eegnet,22,7,0.0,0.3279022403258655,278,491,62,
COGBCI,nback,cross,full,eegnet,23,42,-0.0031611658808403,0.3333333333333333,245,474,62,
COGBCI,nback,cross,full,eegnet,23,7,-0.0031611658808403,0.3333333333333333,245,474,62,
UAB,nback,within,nearear,eegnet,1,42,0.7170836076366031,0.8115183246073299,760,191,2,
UAB,nback,within,nearear,eegnet,1,7,0.6778029212096277,0.7853403141361257,760,191,2,
UAB,nback,within,nearear,eegnet,2,42,0.7446519524617996,0.8297872340425532,751,188,2,
UAB,nback,within,nearear,eegnet,2,7,0.6567886558546319,0.7712765957446809,751,188,2,
UAB,nback,within,nearear,eegnet,3,42,0.9285684290093646,0.9523809523809524,753,189,2,
UAB,nback,within,nearear,eegnet,3,7,0.90471388958911,0.9365079365079364,753,189,2,
UAB,nback,within,nearear,eegnet,4,42,0.6988057324840764,0.7989690721649485,775,194,2,
UAB,nback,within,nearear,eegnet,4,7,0.6909105393133115,0.7938144329896907,775,194,2,
UAB,nback,within,nearear,eegnet,5,42,0.489640713639727,0.6596858638743456,764,191,2,
UAB,nback,within,nearear,eegnet,5,7,0.5526748294847563,0.7015706806282722,764,191,2,
UAB,nback,within,nearear,eegnet,6,42,0.5604568727845608,0.7096774193548387,743,186,2,
UAB,nback,within,nearear,eegnet,6,7,0.7229960578186596,0.8172043010752689,743,186,2,
UAB,nback,within,nearear,eegnet,7,42,0.3922470433639948,0.5945945945945946,736,185,2,
UAB,nback,within,nearear,eegnet,7,7,0.4243075035063114,0.6162162162162163,736,185,2,
UAB,nback,within,nearear,eegnet,8,42,0.7743696386794905,0.8494623655913979,744,186,2,
UAB,nback,within,nearear,eegnet,8,7,0.7581903276131046,0.8387096774193549,744,186,2,
UAB,nback,within,nearear,eegnet,9,42,0.2702809308848665,0.5135135135135135,738,185,2,
UAB,nback,within,nearear,eegnet,9,7,0.383738768354153,0.5891891891891892,738,185,2,
UAB,nback,within,nearear,eegnet,10,42,0.9420004577706568,0.9613259668508288,722,181,2,
UAB,nback,within,nearear,eegnet,10,7,0.9585717555504693,0.9723756906077348,722,181,2,
UAB,nback,within,nearear,eegnet,11,42,0.9764420507338732,0.9842931937172776,762,191,2,
UAB,nback,within,nearear,eegnet,11,7,0.960727063371304,0.9738219895287958,762,191,2,
UAB,nback,within,nearear,eegnet,12,42,0.8023221940155645,0.868421052631579,758,190,2,
UAB,nback,within,nearear,eegnet,12,7,0.7866855170693168,0.8578947368421053,758,190,2,
UAB,nback,within,nearear,eegnet,13,42,0.8244929135194772,0.8829787234042553,752,188,2,
UAB,nback,within,nearear,eegnet,13,7,0.8398023092326701,0.8936170212765957,752,188,2,
UAB,nback,within,nearear,eegnet,14,42,0.5128953971453252,0.675392670157068,760,191,2,
UAB,nback,within,nearear,eegnet,14,7,0.5366365131578947,0.6910994764397905,760,191,2,
UAB,nback,within,nearear,eegnet,15,42,0.836080257972053,0.8907103825136612,730,183,2,
UAB,nback,within,nearear,eegnet,15,7,0.8443389891211891,0.8961748633879781,730,183,2,
UAB,nback,within,nearear,eegnet,16,42,0.9042119565217392,0.9361702127659576,752,188,2,
UAB,nback,within,nearear,eegnet,16,7,0.8962472406181016,0.9308510638297872,752,188,2,
UAB,nback,within,full,eegnet,14,7,0.8900493421052632,0.9267015706806284,760,191,14,
UAB,nback,within,full,eegnet,15,42,0.9672131147540984,0.9781420765027322,730,183,14,
UAB,nback,within,full,eegnet,15,7,0.9754087346024636,0.9836065573770492,730,183,14,
UAB,nback,within,full,eegnet,16,42,0.992019696069276,0.9946808510638298,752,188,14,
UAB,nback,within,full,eegnet,16,7,1.0,1.0,752,188,14,
COGBCI-PVT,pvt,cross,nearear,eegnet,1,42,0.0777777777777777,0.5388888888888889,90,180,2,
COGBCI-PVT,pvt,cross,nearear,eegnet,1,7,-0.011111111111111,0.4944444444444444,90,180,2,
COGBCI-PVT,pvt,cross,nearear,eegnet,2,42,-0.0333333333333334,0.4833333333333333,90,180,2,
COGBCI-PVT,pvt,cross,nearear,eegnet,2,7,0.011111111111111,0.5055555555555555,90,180,2,
COGBCI-PVT,pvt,cross,nearear,eegnet,3,42,0.0,0.5,90,180,2,
COGBCI-PVT,pvt,cross,nearear,eegnet,3,7,-0.011111111111111,0.4944444444444444,90,180,2,
COGBCI-PVT,pvt,cross,nearear,eegnet,4,42,0.0666666666666666,0.5333333333333333,90,180,2,
COGBCI-PVT,pvt,cross,nearear,eegnet,4,7,-0.011111111111111,0.4944444444444444,90,180,2,
COGBCI-PVT,pvt,cross,nearear,eegnet,5,42,-0.011111111111111,0.4944444444444444,90,180,2,
COGBCI-PVT,pvt,cross,nearear,eegnet,5,7,0.0777777777777777,0.5388888888888889,90,180,2,
COGBCI-PVT,pvt,cross,nearear,eegnet,6,42,0.1444444444444445,0.5722222222222222,90,180,2,
COGBCI-PVT,pvt,cross,nearear,eegnet,6,7,0.0333333333333333,0.5166666666666667,90,180,2,
COGBCI-PVT,pvt,cross,nearear,eegnet,7,42,0.011111111111111,0.5055555555555555,90,180,2,
COGBCI-PVT,pvt,cross,nearear,eegnet,7,7,0.0222222222222222,0.5111111111111111,90,180,2,
COGBCI-PVT,pvt,cross,nearear,eegnet,8,42,0.0444444444444444,0.5222222222222223,90,180,2,
COGBCI-PVT,pvt,cross,nearear,eegnet,8,7,0.0,0.5,90,180,2,
COGBCI-PVT,pvt,cross,nearear,eegnet,9,42,0.0444444444444444,0.5222222222222223,90,180,2,
COGBCI-PVT,pvt,cross,nearear,eegnet,9,7,0.0,0.5,90,180,2,
COGBCI-PVT,pvt,cross,nearear,eegnet,10,42,-0.0333333333333334,0.4833333333333333,90,180,2,
COGBCI-PVT,pvt,cross,nearear,eegnet,10,7,0.011111111111111,0.5055555555555555,90,180,2,
COGBCI-PVT,pvt,cross,nearear,eegnet,11,42,0.1111111111111111,0.5555555555555556,90,180,2,
COGBCI-PVT,pvt,cross,nearear,eegnet,11,7,0.0,0.5,90,180,2,
COGBCI-PVT,pvt,cross,nearear,eegnet,12,42,0.011111111111111,0.5055555555555555,90,180,2,
COGBCI-PVT,pvt,cross,nearear,eegnet,12,7,0.0222222222222222,0.5111111111111111,90,180,2,
COGBCI-PVT,pvt,cross,nearear,eegnet,13,42,0.0333333333333333,0.5166666666666667,90,180,2,
COGBCI-PVT,pvt,cross,nearear,eegnet,13,7,0.0,0.5,90,180,2,
COGBCI-PVT,pvt,cross,nearear,eegnet,14,42,0.011111111111111,0.5055555555555555,90,180,2,
COGBCI-PVT,pvt,cross,nearear,eegnet,14,7,-0.011111111111111,0.4944444444444444,90,180,2,
COGBCI-PVT,pvt,cross,nearear,eegnet,15,42,0.011111111111111,0.5055555555555555,90,180,2,
COGBCI-PVT,pvt,cross,nearear,eegnet,15,7,0.0222222222222222,0.5111111111111111,90,180,2,
COGBCI-PVT,pvt,cross,nearear,eegnet,16,42,-0.0666666666666666,0.4666666666666667,90,180,2,
COGBCI-PVT,pvt,cross,nearear,eegnet,16,7,-0.0888888888888888,0.4555555555555555,90,180,2,
COGBCI-PVT,pvt,cross,nearear,eegnet,17,42,-0.0222222222222221,0.4888888888888889,90,180,2,
COGBCI-PVT,pvt,cross,nearear,eegnet,17,7,0.0555555555555555,0.5277777777777778,90,180,2,
COGBCI-PVT,pvt,cross,nearear,eegnet,18,42,-0.0333333333333334,0.4833333333333333,90,180,2,
COGBCI-PVT,pvt,cross,nearear,eegnet,18,7,0.0,0.5,90,180,2,
COGBCI-PVT,pvt,cross,nearear,eegnet,19,42,0.0222222222222222,0.5111111111111111,90,180,2,
COGBCI-PVT,pvt,cross,nearear,eegnet,19,7,-0.0222222222222221,0.4888888888888889,90,180,2,
COGBCI-PVT,pvt,cross,nearear,eegnet,20,42,-0.011111111111111,0.4944444444444444,90,180,2,
COGBCI-PVT,pvt,cross,nearear,eegnet,20,7,0.0555555555555555,0.5277777777777778,90,180,2,
COGBCI-PVT,pvt,cross,nearear,eegnet,21,42,-0.0333333333333334,0.4833333333333333,90,180,2,
COGBCI-PVT,pvt,cross,nearear,eegnet,21,7,-0.011111111111111,0.4944444444444444,90,180,2,
COGBCI-PVT,pvt,cross,nearear,eegnet,22,42,0.0333333333333333,0.5166666666666667,90,180,2,
COGBCI-PVT,pvt,cross,nearear,eegnet,22,7,0.011111111111111,0.5055555555555555,90,180,2,
COGBCI-PVT,pvt,cross,nearear,eegnet,23,42,-0.0777777777777777,0.4611111111111111,90,180,2,
COGBCI-PVT,pvt,cross,nearear,eegnet,23,7,0.0,0.5,90,180,2,
COGBCI-PVT,pvt,cross,nearear,eegnet,24,42,-0.0222222222222221,0.4888888888888889,90,180,2,
COGBCI-PVT,pvt,cross,nearear,eegnet,24,7,-0.0222222222222221,0.4888888888888889,90,180,2,
COGBCI-PVT,pvt,cross,nearear,eegnet,25,42,-0.0666666666666666,0.4666666666666667,90,180,2,
COGBCI-PVT,pvt,cross,nearear,eegnet,25,7,-0.0555555555555555,0.4722222222222222,90,180,2,
COGBCI-PVT,pvt,cross,nearear,eegnet,26,42,0.0666666666666666,0.5333333333333333,90,180,2,
COGBCI-PVT,pvt,cross,nearear,eegnet,26,7,0.0222222222222222,0.5111111111111111,90,180,2,
COGBCI-PVT,pvt,cross,nearear,eegnet,27,42,-0.0222222222222221,0.4888888888888889,90,180,2,
COGBCI-PVT,pvt,cross,nearear,eegnet,27,7,0.0555555555555555,0.5277777777777778,90,180,2,
COGBCI-PVT,pvt,cross,nearear,eegnet,28,42,-0.0888888888888888,0.4555555555555555,90,180,2,
COGBCI-PVT,pvt,cross,nearear,eegnet,28,7,-0.011111111111111,0.4944444444444444,90,180,2,
COGBCI-PVT,pvt,cross,nearear,eegnet,29,42,-0.0333333333333334,0.4833333333333333,90,180,2,
COGBCI-PVT,pvt,cross,nearear,eegnet,29,7,-0.1333333333333333,0.4333333333333333,90,180,2,
COGBCI-PVT,pvt,cross,full,eegnet,1,42,0.0,0.5,90,180,62,
COGBCI-PVT,pvt,cross,full,eegnet,1,7,-0.011111111111111,0.4944444444444444,90,180,62,
COGBCI-PVT,pvt,cross,full,eegnet,2,42,0.0,0.5,90,180,62,
COGBCI-PVT,pvt,cross,full,eegnet,2,7,-0.0222222222222221,0.4888888888888889,90,180,62,
COGBCI-PVT,pvt,cross,full,eegnet,3,42,0.0,0.5,90,180,62,
COGBCI-PVT,pvt,cross,full,eegnet,3,7,0.0,0.5,90,180,62,
COGBCI-PVT,pvt,cross,full,eegnet,4,42,0.0333333333333333,0.5166666666666667,90,180,62,
COGBCI-PVT,pvt,cross,full,eegnet,4,7,0.0,0.5,90,180,62,
COGBCI-PVT,pvt,cross,full,eegnet,5,42,0.0,0.5,90,180,62,
COGBCI-PVT,pvt,cross,full,eegnet,5,7,0.0,0.5,90,180,62,
COGBCI-PVT,pvt,cross,full,eegnet,6,42,0.0,0.5,90,180,62,
COGBCI-PVT,pvt,cross,full,eegnet,6,7,0.0,0.5,90,180,62,
COGBCI-PVT,pvt,cross,full,eegnet,7,42,0.0,0.5,90,180,62,
COGBCI-PVT,pvt,cross,full,eegnet,7,7,0.0,0.5,90,180,62,
COGBCI-PVT,pvt,cross,full,eegnet,8,42,0.0,0.5,90,180,62,
COGBCI-PVT,pvt,cross,full,eegnet,8,7,0.0,0.5,90,180,62,
COGBCI-PVT,pvt,cross,full,eegnet,9,42,0.0,0.5,90,180,62,
COGBCI-PVT,pvt,cross,full,eegnet,9,7,0.011111111111111,0.5055555555555555,90,180,62,
COGBCI-PVT,pvt,cross,full,eegnet,10,42,0.0,0.5,90,180,62,
COGBCI-PVT,pvt,cross,full,eegnet,10,7,0.0,0.5,90,180,62,
COGBCI-PVT,pvt,cross,full,eegnet,11,42,0.0,0.5,90,180,62,
COGBCI-PVT,pvt,cross,full,eegnet,11,7,0.0,0.5,90,180,62,
COGBCI-PVT,pvt,cross,full,eegnet,12,42,-0.0777777777777777,0.4611111111111111,90,180,62,
COGBCI-PVT,pvt,cross,full,eegnet,12,7,0.0,0.5,90,180,62,
COGBCI-PVT,pvt,cross,full,eegnet,13,42,0.0,0.5,90,180,62,
COGBCI-PVT,pvt,cross,full,eegnet,13,7,0.0,0.5,90,180,62,
COGBCI-PVT,pvt,cross,full,eegnet,14,42,0.0,0.5,90,180,62,
COGBCI-PVT,pvt,cross,full,eegnet,14,7,-0.011111111111111,0.4944444444444444,90,180,62,
COGBCI-PVT,pvt,cross,full,eegnet,15,42,0.0,0.5,90,180,62,
COGBCI-PVT,pvt,cross,full,eegnet,15,7,0.0,0.5,90,180,62,
COGBCI-PVT,pvt,cross,full,eegnet,16,42,0.0,0.5,90,180,62,
COGBCI-PVT,pvt,cross,full,eegnet,16,7,0.0,0.5,90,180,62,
COGBCI-PVT,pvt,cross,full,eegnet,17,42,0.0,0.5,90,180,62,
COGBCI-PVT,pvt,cross,full,eegnet,17,7,0.0,0.5,90,180,62,
COGBCI-PVT,pvt,cross,full,eegnet,18,42,0.0,0.5,90,180,62,
COGBCI-PVT,pvt,cross,full,eegnet,18,7,0.0,0.5,90,180,62,
COGBCI-PVT,pvt,cross,full,eegnet,19,42,0.0,0.5,90,180,62,
COGBCI-PVT,pvt,cross,full,eegnet,19,7,0.0555555555555555,0.5277777777777778,90,180,62,
COGBCI-PVT,pvt,cross,full,eegnet,20,42,0.0,0.5,90,180,62,
COGBCI-PVT,pvt,cross,full,eegnet,20,7,0.0,0.5,90,180,62,
COGBCI-PVT,pvt,cross,full,eegnet,21,42,0.0,0.5,90,180,62,
COGBCI-PVT,pvt,cross,full,eegnet,21,7,0.0,0.5,90,180,62,
COGBCI-PVT,pvt,cross,full,eegnet,22,42,0.0,0.5,90,180,62,
COGBCI-PVT,pvt,cross,full,eegnet,22,7,0.0,0.5,90,180,62,
COGBCI-PVT,pvt,cross,full,eegnet,23,42,0.0,0.5,90,180,62,
COGBCI-PVT,pvt,cross,full,eegnet,23,7,0.0,0.5,90,180,62,
COGBCI-PVT,pvt,cross,full,eegnet,24,42,0.0,0.5,90,180,62,
COGBCI-PVT,pvt,cross,full,eegnet,24,7,0.0,0.5,90,180,62,
COGBCI-PVT,pvt,cross,full,eegnet,25,42,0.0,0.5,90,180,62,
COGBCI-PVT,pvt,cross,full,eegnet,25,7,0.0,0.5,90,180,62,
COGBCI-PVT,pvt,cross,full,eegnet,26,42,0.0,0.5,90,180,62,
COGBCI-PVT,pvt,cross,full,eegnet,26,7,0.0,0.5,90,180,62,
COGBCI-PVT,pvt,cross,full,eegnet,27,42,0.0,0.5,90,180,62,
COGBCI-PVT,pvt,cross,full,eegnet,27,7,0.0,0.5,90,180,62,
COGBCI-PVT,pvt,cross,full,eegnet,28,42,0.0,0.5,90,180,62,
COGBCI-PVT,pvt,cross,full,eegnet,28,7,0.0,0.5,90,180,62,
COGBCI-PVT,pvt,cross,full,eegnet,29,42,0.0,0.5,90,180,62,
COGBCI-PVT,pvt,cross,full,eegnet,29,7,-0.0222222222222221,0.4888888888888889,90,180,62,
COGBCI-PVT,pvt,within,nearear,eegnet,1,42,0.0,0.5,72,18,2,
COGBCI-PVT,pvt,within,nearear,eegnet,1,7,0.2222222222222222,0.6111111111111112,72,18,2,
COGBCI-PVT,pvt,within,nearear,eegnet,2,42,0.1111111111111111,0.5555555555555556,72,18,2,
COGBCI-PVT,pvt,within,nearear,eegnet,2,7,-0.1111111111111111,0.4444444444444444,72,18,2,
COGBCI-PVT,pvt,within,nearear,eegnet,3,42,0.1111111111111111,0.5555555555555556,72,18,2,
COGBCI-PVT,pvt,within,nearear,eegnet,3,7,-0.2222222222222223,0.3888888888888889,72,18,2,
COGBCI-PVT,pvt,within,nearear,eegnet,4,42,0.2222222222222222,0.6111111111111112,72,18,2,
COGBCI-PVT,pvt,within,nearear,eegnet,4,7,0.1111111111111111,0.5555555555555556,72,18,2,
COGBCI-PVT,pvt,within,nearear,eegnet,5,42,-0.2222222222222223,0.3888888888888889,72,18,2,
COGBCI-PVT,pvt,within,nearear,eegnet,5,7,0.1111111111111111,0.5555555555555556,72,18,2,
COGBCI-PVT,pvt,within,nearear,eegnet,6,42,0.0,0.5,72,18,2,
COGBCI-PVT,pvt,within,nearear,eegnet,6,7,0.1111111111111111,0.5555555555555556,72,18,2,
COGBCI-PVT,pvt,within,nearear,eegnet,7,42,0.2222222222222222,0.6111111111111112,72,18,2,
COGBCI-PVT,pvt,within,nearear,eegnet,7,7,-0.1111111111111111,0.4444444444444444,72,18,2,
COGBCI-PVT,pvt,within,nearear,eegnet,8,42,0.1111111111111111,0.5555555555555556,72,18,2,
COGBCI-PVT,pvt,within,nearear,eegnet,8,7,0.0,0.5,72,18,2,
COGBCI-PVT,pvt,within,nearear,eegnet,9,42,0.0,0.5,72,18,2,
COGBCI-PVT,pvt,within,nearear,eegnet,9,7,0.0,0.5,72,18,2,
COGBCI-PVT,pvt,within,nearear,eegnet,10,42,0.2222222222222222,0.6111111111111112,72,18,2,
COGBCI-PVT,pvt,within,nearear,eegnet,10,7,-0.1111111111111111,0.4444444444444444,72,18,2,
COGBCI-PVT,pvt,within,nearear,eegnet,11,42,-0.4444444444444444,0.2777777777777778,72,18,2,
COGBCI-PVT,pvt,within,nearear,eegnet,11,7,-0.1111111111111111,0.4444444444444444,72,18,2,
COGBCI-PVT,pvt,within,nearear,eegnet,12,42,-0.1111111111111111,0.4444444444444444,72,18,2,
COGBCI-PVT,pvt,within,nearear,eegnet,12,7,0.0,0.5,72,18,2,
COGBCI-PVT,pvt,within,nearear,eegnet,13,42,0.0,0.5,72,18,2,
COGBCI-PVT,pvt,within,nearear,eegnet,13,7,0.2222222222222222,0.6111111111111112,72,18,2,
COGBCI-PVT,pvt,within,nearear,eegnet,14,42,-0.1111111111111111,0.4444444444444444,72,18,2,
COGBCI-PVT,pvt,within,nearear,eegnet,14,7,0.0,0.5,72,18,2,
COGBCI-PVT,pvt,within,nearear,eegnet,15,42,-0.1111111111111111,0.4444444444444444,72,18,2,
COGBCI-PVT,pvt,within,nearear,eegnet,15,7,0.1111111111111111,0.5555555555555556,72,18,2,
COGBCI-PVT,pvt,within,nearear,eegnet,16,42,0.1111111111111111,0.5555555555555556,72,18,2,
COGBCI-PVT,pvt,within,nearear,eegnet,16,7,0.0,0.5,72,18,2,
COGBCI-PVT,pvt,within,nearear,eegnet,17,42,0.3333333333333333,0.6666666666666666,72,18,2,
COGBCI-PVT,pvt,within,nearear,eegnet,17,7,0.0,0.5,72,18,2,
COGBCI-PVT,pvt,within,nearear,eegnet,18,42,-0.1111111111111111,0.4444444444444444,72,18,2,
COGBCI-PVT,pvt,within,nearear,eegnet,18,7,0.2222222222222222,0.6111111111111112,72,18,2,
COGBCI-PVT,pvt,within,nearear,eegnet,19,42,-0.1111111111111111,0.4444444444444444,72,18,2,
COGBCI-PVT,pvt,within,nearear,eegnet,19,7,0.0,0.5,72,18,2,
COGBCI-PVT,pvt,within,nearear,eegnet,20,42,0.1111111111111111,0.5555555555555556,72,18,2,
COGBCI-PVT,pvt,within,nearear,eegnet,20,7,-0.2222222222222223,0.3888888888888889,72,18,2,
COGBCI-PVT,pvt,within,nearear,eegnet,21,42,-0.2222222222222223,0.3888888888888889,72,18,2,
COGBCI-PVT,pvt,within,nearear,eegnet,21,7,0.1111111111111111,0.5555555555555556,72,18,2,
COGBCI-PVT,pvt,within,nearear,eegnet,22,42,-0.3333333333333332,0.3333333333333333,72,18,2,
COGBCI-PVT,pvt,within,nearear,eegnet,22,7,-0.1111111111111111,0.4444444444444444,72,18,2,
COGBCI-PVT,pvt,within,nearear,eegnet,23,42,0.0,0.5,72,18,2,
COGBCI-PVT,pvt,within,nearear,eegnet,23,7,0.0,0.5,72,18,2,
COGBCI-PVT,pvt,within,nearear,eegnet,24,42,0.2222222222222222,0.6111111111111112,72,18,2,
COGBCI-PVT,pvt,within,nearear,eegnet,24,7,0.3333333333333333,0.6666666666666666,72,18,2,
COGBCI-PVT,pvt,within,nearear,eegnet,25,42,0.2222222222222222,0.6111111111111112,72,18,2,
COGBCI-PVT,pvt,within,nearear,eegnet,25,7,-0.1111111111111111,0.4444444444444444,72,18,2,
COGBCI-PVT,pvt,within,nearear,eegnet,26,42,0.0,0.5,72,18,2,
COGBCI-PVT,pvt,within,nearear,eegnet,26,7,-0.2222222222222223,0.3888888888888889,72,18,2,
COGBCI-PVT,pvt,within,nearear,eegnet,27,42,0.3333333333333333,0.6666666666666666,72,18,2,
COGBCI-PVT,pvt,within,nearear,eegnet,27,7,0.0,0.5,72,18,2,
COGBCI-PVT,pvt,within,nearear,eegnet,28,42,0.2222222222222222,0.6111111111111112,72,18,2,
COGBCI-PVT,pvt,within,nearear,eegnet,28,7,-0.1111111111111111,0.4444444444444444,72,18,2,
COGBCI-PVT,pvt,within,nearear,eegnet,29,42,-0.4444444444444444,0.2777777777777778,72,18,2,
COGBCI-PVT,pvt,within,nearear,eegnet,29,7,-0.2222222222222223,0.3888888888888889,72,18,2,
COGBCI-PVT,pvt,within,full,eegnet,1,42,0.0,0.5,72,18,62,
COGBCI-PVT,pvt,within,full,eegnet,1,7,0.0,0.5,72,18,62,
COGBCI-PVT,pvt,within,full,eegnet,2,42,0.0,0.5,72,18,62,
COGBCI-PVT,pvt,within,full,eegnet,2,7,0.0,0.5,72,18,62,
COGBCI-PVT,pvt,within,full,eegnet,3,42,0.0,0.5,72,18,62,
COGBCI-PVT,pvt,within,full,eegnet,3,7,0.0,0.5,72,18,62,
COGBCI-PVT,pvt,within,full,eegnet,4,42,0.0,0.5,72,18,62,
COGBCI-PVT,pvt,within,full,eegnet,4,7,0.2222222222222222,0.6111111111111112,72,18,62,
COGBCI-PVT,pvt,within,full,eegnet,5,42,0.0,0.5,72,18,62,
COGBCI-PVT,pvt,within,full,eegnet,5,7,0.0,0.5,72,18,62,
COGBCI-PVT,pvt,within,full,eegnet,6,42,0.0,0.5,72,18,62,
COGBCI-PVT,pvt,within,full,eegnet,6,7,0.0,0.5,72,18,62,
COGBCI-PVT,pvt,within,full,eegnet,7,42,0.0,0.5,72,18,62,
COGBCI-PVT,pvt,within,full,eegnet,7,7,-0.1111111111111111,0.4444444444444444,72,18,62,
COGBCI-PVT,pvt,within,full,eegnet,8,42,0.0,0.5,72,18,62,
COGBCI-PVT,pvt,within,full,eegnet,8,7,0.0,0.5,72,18,62,
COGBCI-PVT,pvt,within,full,eegnet,9,42,0.0,0.5,72,18,62,
COGBCI-PVT,pvt,within,full,eegnet,9,7,0.0,0.5,72,18,62,
COGBCI-PVT,pvt,within,full,eegnet,10,42,0.0,0.5,72,18,62,
COGBCI-PVT,pvt,within,full,eegnet,10,7,0.0,0.5,72,18,62,
COGBCI-PVT,pvt,within,full,eegnet,11,42,0.0,0.5,72,18,62,
COGBCI-PVT,pvt,within,full,eegnet,11,7,0.0,0.5,72,18,62,
COGBCI-PVT,pvt,within,full,eegnet,12,42,0.0,0.5,72,18,62,
COGBCI-PVT,pvt,within,full,eegnet,12,7,0.0,0.5,72,18,62,
COGBCI-PVT,pvt,within,full,eegnet,13,42,0.0,0.5,72,18,62,
COGBCI-PVT,pvt,within,full,eegnet,13,7,-0.1111111111111111,0.4444444444444444,72,18,62,
COGBCI-PVT,pvt,within,full,eegnet,14,42,0.0,0.5,72,18,62,
COGBCI-PVT,pvt,within,full,eegnet,14,7,0.0,0.5,72,18,62,
COGBCI-PVT,pvt,within,full,eegnet,15,42,-0.3333333333333332,0.3333333333333333,72,18,62,
COGBCI-PVT,pvt,within,full,eegnet,15,7,0.0,0.5,72,18,62,
COGBCI-PVT,pvt,within,full,eegnet,16,42,0.0,0.5,72,18,62,
COGBCI-PVT,pvt,within,full,eegnet,16,7,0.0,0.5,72,18,62,
COGBCI-PVT,pvt,within,full,eegnet,17,42,-0.1111111111111111,0.4444444444444444,72,18,62,
COGBCI-PVT,pvt,within,full,eegnet,17,7,0.1111111111111111,0.5555555555555556,72,18,62,
COGBCI-PVT,pvt,within,full,eegnet,18,42,0.0,0.5,72,18,62,
COGBCI-PVT,pvt,within,full,eegnet,18,7,0.0,0.5,72,18,62,
COGBCI-PVT,pvt,within,full,eegnet,19,42,0.0,0.5,72,18,62,
COGBCI-PVT,pvt,within,full,eegnet,19,7,0.0,0.5,72,18,62,
COGBCI-PVT,pvt,within,full,eegnet,20,42,0.0,0.5,72,18,62,
COGBCI-PVT,pvt,within,full,eegnet,20,7,-0.1111111111111111,0.4444444444444444,72,18,62,
COGBCI-PVT,pvt,within,full,eegnet,21,42,-0.2222222222222223,0.3888888888888889,72,18,62,
COGBCI-PVT,pvt,within,full,eegnet,21,7,0.1111111111111111,0.5555555555555556,72,18,62,
COGBCI-PVT,pvt,within,full,eegnet,22,42,0.0,0.5,72,18,62,
COGBCI-PVT,pvt,within,full,eegnet,22,7,0.0,0.5,72,18,62,
COGBCI-PVT,pvt,within,full,eegnet,23,42,0.0,0.5,72,18,62,
COGBCI-PVT,pvt,within,full,eegnet,23,7,0.0,0.5,72,18,62,
COGBCI-PVT,pvt,within,full,eegnet,24,42,0.0,0.5,72,18,62,
COGBCI-PVT,pvt,within,full,eegnet,24,7,0.0,0.5,72,18,62,
COGBCI-PVT,pvt,within,full,eegnet,25,42,0.0,0.5,72,18,62,
COGBCI-PVT,pvt,within,full,eegnet,25,7,-0.1111111111111111,0.4444444444444444,72,18,62,
COGBCI-PVT,pvt,within,full,eegnet,26,42,0.0,0.5,72,18,62,
COGBCI-PVT,pvt,within,full,eegnet,26,7,0.0,0.5,72,18,62,
COGBCI-PVT,pvt,within,full,eegnet,27,42,-0.1111111111111111,0.4444444444444444,72,18,62,
COGBCI-PVT,pvt,within,full,eegnet,27,7,0.1111111111111111,0.5555555555555556,72,18,62,
COGBCI-PVT,pvt,within,full,eegnet,28,42,0.0,0.5,72,18,62,
COGBCI-PVT,pvt,within,full,eegnet,28,7,-0.1111111111111111,0.4444444444444444,72,18,62,
COGBCI-PVT,pvt,within,full,eegnet,29,42,0.0,0.5,72,18,62,
COGBCI-PVT,pvt,within,full,eegnet,29,7,0.0,0.5,72,18,62,
COGBCI,nback,cross,full,eegnet,24,42,0.0,0.3333333333333333,265,486,62,
COGBCI,nback,cross,full,eegnet,24,7,-0.0030864197530864335,0.33127572016460904,265,486,62,
COGBCI,nback,cross,full,eegnet,25,42,-0.033878689374727156,0.3135245901639344,258,488,62,
COGBCI,nback,cross,full,eegnet,25,7,0.0030925502225127577,0.33401639344262296,258,488,62,
COGBCI,nback,cross,full,eegnet,26,42,-0.0030864197530864335,0.32712215320910976,257,483,62,
COGBCI,nback,cross,full,eegnet,26,7,-0.0030864197530864335,0.32712215320910976,257,483,62,
COGBCI,nback,cross,full,eegnet,27,42,0.0,0.3319327731092437,245,476,62,
COGBCI,nback,cross,full,eegnet,27,7,0.0031446540880503138,0.33403361344537813,245,476,62,
COGBCI,nback,cross,full,eegnet,28,42,0.0,0.3326488706365503,258,487,62,
COGBCI,nback,cross,full,eegnet,28,7,-0.007771119028483708,0.32854209445585214,258,487,62,
COGBCI,nback,cross,full,eegnet,29,42,0.0,0.33192389006342493,251,473,62,
COGBCI,nback,cross,full,eegnet,29,7,0.004210526315789442,0.3361522198731501,251,473,62,
COGBCI,matb,cross,nearear,eegnet,1,42,0.0,0.3333333333333333,222,444,2,
COGBCI,matb,cross,nearear,eegnet,1,7,0.0033783783783783994,0.3355855855855856,222,444,2,
COGBCI,matb,cross,nearear,eegnet,2,42,0.06418918918918914,0.3761261261261261,222,444,2,
COGBCI,matb,cross,nearear,eegnet,2,7,0.027027027027026973,0.35135135135135137,222,444,2,
COGBCI,matb,cross,nearear,eegnet,3,42,0.0,0.3333333333333333,222,444,2,
COGBCI,matb,cross,nearear,eegnet,3,7,0.0,0.3333333333333333,222,444,2,
COGBCI,matb,cross,nearear,eegnet,4,42,-0.17567567567567566,0.21621621621621623,222,444,2,
COGBCI,matb,cross,nearear,eegnet,4,7,-0.16216216216216206,0.22522522522522523,222,444,2,
COGBCI,matb,cross,nearear,eegnet,5,42,0.0,0.3333333333333333,222,444,2,
COGBCI,matb,cross,nearear,eegnet,5,7,0.013513513513513487,0.34234234234234234,222,444,2,
COGBCI,matb,cross,nearear,eegnet,6,42,0.020270270270270285,0.34684684684684686,222,444,2,
COGBCI,matb,cross,nearear,eegnet,6,7,0.18581081081081086,0.4572072072072072,222,444,2,
COGBCI,matb,cross,nearear,eegnet,7,42,-0.0033783783783782884,0.3310810810810811,222,444,2,
COGBCI,matb,cross,nearear,eegnet,7,7,0.3682432432432432,0.5788288288288288,222,444,2,
COGBCI,matb,cross,nearear,eegnet,8,42,0.0,0.3333333333333333,222,444,2,
COGBCI,matb,cross,nearear,eegnet,8,7,0.0,0.3333333333333333,222,444,2,
COGBCI,matb,cross,nearear,eegnet,9,42,0.04054054054054057,0.36036036036036034,222,444,2,
COGBCI,matb,cross,nearear,eegnet,9,7,0.006756756756756799,0.33783783783783783,222,444,2,
COGBCI,matb,cross,nearear,eegnet,10,42,0.19594594594594594,0.46396396396396394,222,444,2,
COGBCI,matb,cross,nearear,eegnet,10,7,0.17567567567567566,0.45045045045045046,222,444,2,
COGBCI,matb,cross,nearear,eegnet,11,42,0.31418918918918914,0.5427927927927928,222,444,2,
COGBCI,matb,cross,nearear,eegnet,11,7,0.28716216216216217,0.5247747747747747,222,444,2,
COGBCI,matb,cross,nearear,eegnet,12,42,0.0,0.3333333333333333,222,444,2,
COGBCI,matb,cross,nearear,eegnet,12,7,0.0,0.3333333333333333,222,444,2,
COGBCI,matb,cross,nearear,eegnet,13,42,0.0,0.3333333333333333,222,444,2,
COGBCI,matb,cross,nearear,eegnet,13,7,0.0,0.3333333333333333,222,444,2,
COGBCI,matb,cross,nearear,eegnet,14,42,0.03378378378378377,0.35585585585585583,222,444,2,
COGBCI,matb,cross,nearear,eegnet,14,7,0.0,0.3333333333333333,222,444,2,
COGBCI,matb,cross,nearear,eegnet,15,42,0.0,0.3333333333333333,222,444,2,
COGBCI,matb,cross,nearear,eegnet,15,7,0.0,0.3333333333333333,222,444,2,
COGBCI,matb,cross,nearear,eegnet,16,42,0.0,0.3333333333333333,222,444,2,
COGBCI,matb,cross,nearear,eegnet,16,7,0.016891891891891886,0.34459459459459457,222,444,2,
COGBCI,matb,cross,nearear,eegnet,17,42,0.0,0.3333333333333333,222,444,2,
COGBCI,matb,cross,nearear,eegnet,17,7,-0.013513513513513598,0.32432432432432434,222,444,2,
COGBCI,matb,cross,nearear,eegnet,18,42,0.0,0.3333333333333333,222,444,2,
COGBCI,matb,cross,nearear,eegnet,18,7,0.0,0.3333333333333333,222,444,2,
COGBCI,matb,cross,nearear,eegnet,19,42,0.0,0.3333333333333333,222,444,2,
COGBCI,matb,cross,nearear,eegnet,19,7,0.0,0.3333333333333333,222,444,2,
COGBCI,matb,cross,nearear,eegnet,20,42,0.0,0.3333333333333333,222,444,2,
COGBCI,matb,cross,nearear,eegnet,20,7,0.0,0.3333333333333333,222,444,2,
COGBCI,matb,cross,nearear,eegnet,21,42,0.0,0.3333333333333333,222,444,2,
COGBCI,matb,cross,nearear,eegnet,21,7,0.010135135135135087,0.3400900900900901,222,444,2,
COGBCI,matb,cross,nearear,eegnet,22,42,0.0,0.3333333333333333,222,444,2,
COGBCI,matb,cross,nearear,eegnet,22,7,0.0,0.3333333333333333,222,444,2,
COGBCI,matb,cross,nearear,eegnet,23,42,0.020270270270270285,0.34684684684684686,222,444,2,
COGBCI,matb,cross,nearear,eegnet,23,7,0.016891891891891886,0.34459459459459457,222,444,2,
COGBCI,matb,cross,nearear,eegnet,24,42,0.030405405405405372,0.3536036036036036,222,444,2,
COGBCI,matb,cross,nearear,eegnet,24,7,0.027027027027026973,0.35135135135135137,222,444,2,
COGBCI,matb,cross,nearear,eegnet,25,42,-0.18243243243243246,0.21171171171171171,222,444,2,
COGBCI,matb,cross,nearear,eegnet,25,7,-0.22635135135135132,0.18243243243243243,222,444,2,
COGBCI,matb,cross,nearear,eegnet,26,42,0.09121621621621623,0.39414414414414417,222,444,2,
COGBCI,matb,cross,nearear,eegnet,26,7,0.027027027027026973,0.35135135135135137,222,444,2,
COGBCI,matb,cross,nearear,eegnet,27,42,0.0,0.3333333333333333,222,444,2,
COGBCI,matb,cross,nearear,eegnet,27,7,-0.013513513513513598,0.32432432432432434,222,444,2,
COGBCI,matb,cross,nearear,eegnet,28,42,0.0,0.3333333333333333,222,444,2,
COGBCI,matb,cross,nearear,eegnet,28,7,0.0,0.3333333333333333,222,444,2,
COGBCI,matb,cross,nearear,eegnet,29,42,-0.03378378378378377,0.3108108108108108,222,444,2,
COGBCI,matb,cross,nearear,eegnet,29,7,0.006756756756756577,0.33783783783783783,222,444,2,
COGBCI,matb,cross,full,eegnet,1,42,0.0,0.3333333333333333,222,444,62,
COGBCI,matb,cross,full,eegnet,1,7,0.0,0.3333333333333333,222,444,62,
COGBCI,matb,cross,full,eegnet,2,42,0.0,0.3333333333333333,222,444,62,
COGBCI,matb,cross,full,eegnet,2,7,0.0,0.3333333333333333,222,444,62,
COGBCI,matb,cross,full,eegnet,3,42,0.0,0.3333333333333333,222,444,62,
COGBCI,matb,cross,full,eegnet,3,7,0.25,0.5,222,444,62,
COGBCI,matb,cross,full,eegnet,4,42,0.0,0.3333333333333333,222,444,62,
COGBCI,matb,cross,full,eegnet,4,7,0.25,0.5,222,444,62,
COGBCI,matb,cross,full,eegnet,5,42,0.25,0.5,222,444,62,
COGBCI,matb,cross,full,eegnet,5,7,-2.220446049250313e-16,0.3333333333333333,222,444,62,
COGBCI,matb,cross,full,eegnet,6,42,0.0,0.3333333333333333,222,444,62,
COGBCI,matb,cross,full,eegnet,6,7,-0.04729729729729715,0.30180180180180183,222,444,62,
COGBCI,matb,cross,full,eegnet,7,42,0.25,0.5,222,444,62,
COGBCI,matb,cross,full,eegnet,7,7,0.0,0.3333333333333333,222,444,62,
COGBCI,matb,cross,full,eegnet,8,42,0.0,0.3333333333333333,222,444,62,
COGBCI,matb,cross,full,eegnet,8,7,0.0,0.3333333333333333,222,444,62,
COGBCI,matb,cross,full,eegnet,9,42,0.0,0.3333333333333333,222,444,62,
COGBCI,matb,cross,full,eegnet,9,7,-0.08108108108108114,0.27927927927927926,222,444,62,
COGBCI,matb,cross,full,eegnet,10,42,0.0,0.3333333333333333,222,444,62,
COGBCI,matb,cross,full,eegnet,10,7,0.0,0.3333333333333333,222,444,62,
COGBCI,matb,cross,full,eegnet,11,42,0.0,0.3333333333333333,222,444,62,
COGBCI,matb,cross,full,eegnet,11,7,0.2567567567567568,0.5045045045045045,222,444,62,
COGBCI,matb,cross,full,eegnet,12,42,0.0,0.3333333333333333,222,444,62,
COGBCI,matb,cross,full,eegnet,12,7,0.0,0.3333333333333333,222,444,62,
COGBCI,matb,cross,full,eegnet,13,42,-0.14189189189189189,0.23873873873873874,222,444,62,
COGBCI,matb,cross,full,eegnet,13,7,0.0,0.3333333333333333,222,444,62,
COGBCI,matb,cross,full,eegnet,14,42,0.0,0.3333333333333333,222,444,62,
COGBCI,matb,cross,full,eegnet,14,7,0.0,0.3333333333333333,222,444,62,
COGBCI,matb,cross,full,eegnet,15,42,0.0,0.3333333333333333,222,444,62,
COGBCI,matb,cross,full,eegnet,15,7,0.0,0.3333333333333333,222,444,62,
COGBCI,matb,cross,full,eegnet,16,42,0.0,0.3333333333333333,222,444,62,
COGBCI,matb,cross,full,eegnet,16,7,0.0,0.3333333333333333,222,444,62,
COGBCI,matb,cross,full,eegnet,17,42,0.2432432432432432,0.4954954954954955,222,444,62,
COGBCI,matb,cross,full,eegnet,17,7,0.0,0.3333333333333333,222,444,62,
COGBCI,matb,cross,full,eegnet,18,42,0.0,0.3333333333333333,222,444,62,
COGBCI,matb,cross,full,eegnet,18,7,0.0,0.3333333333333333,222,444,62,
COGBCI,matb,cross,full,eegnet,19,42,0.0,0.3333333333333333,222,444,62,
COGBCI,matb,cross,full,eegnet,19,7,0.0,0.3333333333333333,222,444,62,
COGBCI,matb,cross,full,eegnet,20,42,0.0,0.3333333333333333,222,444,62,
COGBCI,matb,cross,full,eegnet,20,7,0.0,0.3333333333333333,222,444,62,
COGBCI,matb,cross,full,eegnet,21,42,0.0,0.3333333333333333,222,444,62,
COGBCI,matb,cross,full,eegnet,21,7,0.0,0.3333333333333333,222,444,62,
COGBCI,matb,cross,full,eegnet,22,42,0.0,0.3333333333333333,222,444,62,
COGBCI,matb,cross,full,eegnet,22,7,0.0,0.3333333333333333,222,444,62,
COGBCI,matb,cross,full,eegnet,23,42,0.0,0.3333333333333333,222,444,62,
COGBCI,matb,cross,full,eegnet,23,7,-0.25,0.16666666666666666,222,444,62,
COGBCI,matb,cross,full,eegnet,24,42,0.0,0.3333333333333333,222,444,62,
COGBCI,matb,cross,full,eegnet,24,7,0.0,0.3333333333333333,222,444,62,
COGBCI,matb,cross,full,eegnet,25,42,0.0,0.3333333333333333,222,444,62,
COGBCI,matb,cross,full,eegnet,25,7,-0.25,0.16666666666666666,222,444,62,
COGBCI,matb,cross,full,eegnet,26,42,0.0,0.3333333333333333,222,444,62,
COGBCI,matb,cross,full,eegnet,26,7,-0.25,0.16666666666666666,222,444,62,
COGBCI,matb,cross,full,eegnet,27,42,0.2432432432432432,0.4954954954954955,222,444,62,
COGBCI,matb,cross,full,eegnet,27,7,0.0,0.3333333333333333,222,444,62,
COGBCI,matb,cross,full,eegnet,28,42,0.0,0.3333333333333333,222,444,62,
COGBCI,matb,cross,full,eegnet,28,7,0.0,0.3333333333333333,222,444,62,
COGBCI,matb,cross,full,eegnet,29,42,0.0,0.3333333333333333,222,444,62,
COGBCI,matb,cross,full,eegnet,29,7,0.0,0.3333333333333333,222,444,62,
